 #,Song,Artist,BPM,Camelot,Energy,Added At,Duration,Popularity,Genres,Parent Genres,Album,Album Date,Dance,Acoustic,Instrumental,Valence,Speech,Live,Loud (Db),Key,Time Signature,Spotify Track Id,Label,ISRC,Explicit
1,"All to You","Kitty Craft",213,2A,87,2026-06-12,03:05,40,"shibuya-kei","Electronic, Pop","Beats and Breaks from the Flower Patch",1998-07-22,55,1,75,94,0,10,-5,D#/E♭ minor,4,1raEf9CWYsPXgYZasFRYIA,"Takotsubo Records",QZFZ31965620,no
2,"Long Long Way","Jah Wobble",212,10B,58,2026-06-12,04:02,3,"krautrock, dub","Electronic, Reggae, Rock","The Early Years",2007-01-04,25,0,91,66,0,10,-10,D,4,0Du2v5kVajvsaFWC3NPah8,"30 Hertz",QM6N21514315,no
3,"Zé e Paraná","Azymuth",210,8A,16,2026-06-12,04:10,49,"brazilian jazz, jazz funk, jazz fusion, acid jazz","Jazz, R&B, Electronic, Rock","Zé e Paraná",2020-09-18,22,65,96,33,0,10,-13,A minor,4,6ustIXX6sc1cqA3blhyNsy,"Far Out Recordings",GBDCR2000039,no
4,"Voice Message","Decisive Pink, Kate NV, Deradoorian",210,10B,9,2026-06-12,01:45,21,"art pop, neo-psychedelic, krautrock, indie dance","Pop, Electronic, Rock","Ticket to Fame",2023-06-09,41,99,97,72,0,10,-20,D,4,5LEVbFQrYbYAShLEQRoMvh,"Fire Records",GBCKK2270606,no
5,"Poly Blue","Jessica Pratt",208,11A,25,2026-06-12,02:43,0,"ambient folk","Electronic, Folk","Quiet Signs",2019-02-08,32,95,0,34,0,10,-11,F#/G♭ minor,4,5ufSZDoTjoJBrOwx61CHor,"City Slang",QMV8L1723905,no
6,"Can't Do That To Her","Thee Sinseers, Joey Quiñones",208,8B,46,2026-06-12,03:35,38,"retro soul","R&B","Sinseerly Yours",2024-03-22,49,35,0,82,0,10,-10,C,4,3Db3A5WyedTzxRJFHJjVl1,"Colemine Records",QZDMQ2350034,no
7,"Shoot Me Down","Everything But The Girl",207,11A,54,2026-06-12,04:14,14,"new wave pop, sophisti-pop, trip hop","Pop, Electronic, Hip Hop","Love Not Money",1985-04-15,29,7,0,69,0,10,-12,F#/G♭ minor,4,09sM5kpo4EFpDtyy7l4FnE,"Chrysalis Records",GBAHT0700714,no
8,"93 'Til Infinity","Souls Of Mischief",206,3B,67,2026-06-12,04:46,73,"jazz rap, old school hip hop","Hip Hop, Jazz","93 'til Infinity",1993-02-13,59,13,0,69,40,10,-12,C♯/D♭,4,0PV1TFUMTBrDETzW6KQulB,"Jive",USJI10400408,no
9,"Spoiled By Your Love","Anita Ward",206,6A,48,2026-06-12,03:47,48,"disco","Pop","Ring My Bell",2005-09-26,49,39,14,82,0,10,-13,G minor,4,7GPw2SLIoPcXIU0jfJzUaE,"601 Music",USSZ10503011,no
10,"Smoko Memories","Haruomi Hosono",206,8B,13,2026-06-12,03:49,14,"city pop, shibuya-kei","Pop, Electronic","NO SMOKING",2020-03-18,51,92,80,23,0,20,-19,C,4,30UwHKWBElrbmBUPVf8ZMn,"Speedstar",JPVI02000668,no
11,"The Coward Forgets His Nightmare","Chanel Beads",206,11B,70,2026-06-12,03:32,48,"lo-fi indie","Electronic, Rock","The Coward Forgets His Nightmare",2025-10-01,42,7,0,80,0,0,-6,A,4,4x6ZZ97Ze9K8IoaHFkxJWb,"Jagjaguwar",US38Y2548701,no
12,"Like Calling up Thunder - Remastered 2020","The Gun Club",205,10B,93,2026-06-12,02:26,29,"psychobilly, post-punk, proto-punk, deathrock","Rock","Miami (Remastered 2020)",1982-00-00,23,6,0,75,10,20,-4,D,4,2tgNuVSpBTwakIDzHbeDIg,"Blixa Sounds",QZ9BY1900031,no
13,"រំពឹង រំពឹង","Ros Serey Sothea",205,10A,49,2026-06-12,04:24,42,"phleng phuea chiwit, psychedelic rock","Rock","រុំពឹង រុំពឹង & រង់ចាំតែបងមួយ",1969-00-00,21,90,83,32,0,30,-11,B minor,3,1ADKshKhJuFGXXXMRTfRxZ,"The Cambodian Vintage Music Archive Inc",CAHQJ2283208,no
14,"The Orchids","Psychic TV",204,12B,9,2026-06-12,02:57,38,"industrial, acid house, neofolk, post-punk, avant-garde","Electronic, Classical, Jazz, Rock, Folk","Dreams Less Sweet",1983-10-20,29,99,56,56,0,0,-23,E,3,00c2vsoZuubtGkLFQCdT1p,"Sony Music UK",GBBBM8300042,no
15,"Goldregen","Roedelius",204,8B,12,2026-06-12,01:04,31,"krautrock, ambient, drone, minimalism","Electronic, New Age, Rock, Classical","Wenn der Südwind weht",1981-01-01,11,97,89,39,0,10,-34,C,3,1Ragk51wAgVQLMis5aMyLq,"Bureau B",DELI50900192,no
16,"I Wanted It Too","Roberta Flack",204,3B,43,2026-06-12,02:49,38,"adult standards, classic soul","Easy Listening, R&B","Feel Like Makin' Love",1975-00-00,43,58,0,56,0,10,-13,C♯/D♭,4,1gVFAOjp9U176pxyCGAfAR,"Rhino Atlantic",USAT20101368,no
17,"All The Way To Reno (You're Gonna Be A Star)","R.E.M.",204,7B,81,2026-06-12,04:43,44,"jangle pop, alternative rock, rock","Pop, Rock","Reveal",2001-05-14,40,3,0,70,0,20,-4,F,4,1PMstGcKy2kWEbDvG9lUzy,"Concord Records",USWB10101592,no
18,"Let the Moon Get Into It","Soft Location",203,5B,47,2026-06-12,06:29,32,"","","Diamonds and Gems",2007-01-01,38,36,85,65,0,10,-12,D#/E♭,4,1stYzcsEDzXXKyjQ2zyLx5,"MuddyMitten",usx8c0600067,no
19,"I hope the Sky is grey when I wake Up","LOLA",203,12B,63,2026-06-12,05:04,15,"","","I hope the Sky is grey when I wake Up",2023-08-26,75,58,57,97,0,0,-10,E,4,4E39zfXAHda81SOcbf9xiH,"LAURASSTERN",QZPLS2342719,no
20,"Coast","Kim Deal",203,8B,57,2026-06-12,03:28,20,"","","Coast",2024-07-15,32,5,1,82,0,10,-8,C,4,0qEDCvj7wCt5AAMusRcgFf,"4AD",GBAFL2300604,no
21,"Voice Your Choice","The Radiants",203,6B,63,2026-06-12,02:35,22,"northern soul, doo-wop","Pop, R&B","Chess Soul: A Decade Of Chicago’s Finest",1997-08-26,32,83,0,92,0,50,-8,A#/B♭,4,31dHt2zr4E9aBgLqLrkncq,"Geffen",USMC16452606,no
22,"A Wretched Street","The Cleaners From Venus",202,1A,69,2026-06-12,03:39,24,"jangle pop","Pop, Rock","Midnight Cleaners",1982-00-00,44,32,2,53,0,0,-8,G#/A♭ minor,4,2io1VDlwxsboYSBhl87ZwV,"Mr Mule",US8YA1200099,no
23,"What's Going On","Marvin Gaye",202,12A,72,2026-06-12,03:53,74,"motown, classic soul, soul, northern soul, quiet storm","R&B, Pop, Blues","What's Going On",1971-05-21,28,45,0,83,10,40,-10,C♯/D♭ minor,4,3Um9toULmYFGCpvaIPFw7l,"UNI/MOTOWN",USMO17100041,no
24,"Pork Roll Egg And Cheese","Ween",202,9B,28,2026-06-12,03:00,2,"neo-psychedelic","Rock","The Pod",1991-09-20,64,1,0,63,0,0,-17,G,4,2KcjZknB9vYOGJ8bksqYQD,"Chocodog Records",USEE10181280,no
25,"No Letting Go (Instrumental Version)","The Hit Co.",201,4A,65,2026-06-12,03:28,3,"","","The Instrumental Pop Collection, Vol. 117",2013-04-23,54,47,83,54,0,10,-11,F minor,4,7BDnw5BBxgMEeGMqsOxz5E,"Planet Music",USPSU1245906,no
26,"It's Raining Tomorrow","Steve Hiett",201,10B,48,2026-06-12,03:50,35,"fourth world","","Girls In The Grass",2019-09-20,64,40,83,28,10,10,-12,D,4,1xcY8SoBIAh6wb2EtRedH1,"Efficient Space",QM6P41966480,no
27,"Alone - 2007 Digital Remaster","Steve Hillage",201,8B,61,2026-06-12,05:21,15,"space rock, progressive rock, krautrock, art rock, neo-psychedelic, acid rock, psychedelic rock","Rock, Electronic","For To Next - And Not Or",2007-01-01,46,2,31,58,0,0,-10,C,4,1mgLLnLCwQPKd1EhRVyqjV,"Virgin Catalogue",GBAAA0600699,no
28,"Dark and Hungry","Sugar Blue",201,8B,27,2026-06-12,06:53,3,"blues, modern blues, classic blues","Blues","The Paris Sessions",2006-01-01,32,75,87,50,0,10,-16,C,4,3ut5i4SCrrvPb0QFc5C259,"Brownsville",FR6V80609621,no
29,"All The Way (Guitar Mix)","Julie Stapleton, Ashaye",201,8A,19,2026-06-12,04:23,6,"chicago house, acid house, jungle","Electronic","V4 Visions: Of Love & Androids",2022-03-11,58,53,0,62,0,10,-17,A minor,4,1zDiXauTRktoF8QQ2J2t2z,"Numero Group",USCW62053304,no
30,"Miraculous Weekend","Peter Ivers",200,4B,28,2026-06-12,03:20,41,"psychedelic folk rock","Folk, Rock","Nirvana Peter",1985-00-00,58,89,0,56,10,10,-10,G#/A♭,4,5Up7kKnSg7Z1YHRToUbZ1p,"Rhino/Warner Records",USWB10100277,no
31,"Wayne Is innocent [100 BPM]","Vegyn",200,1A,32,2026-06-12,02:55,0,"idm, experimental hip hop","Hip Hop, Electronic","Don't Follow Me Because I'm Lost Too!!",2022-01-26,76,71,93,58,30,10,-15,G#/A♭ minor,4,3qWRAFnm2j9Gqtrg3zVjYj,"PLZ Make It Ruins",GB5P52200095,no
32,"Collège infernal - House Paradise Version Remix","Marie Touchet",200,8B,83,2026-06-12,06:29,13,"","","Collège infernal (House Paradise Version Remix)",2021-01-19,44,5,43,87,10,40,-9,C,4,61ipB9VyTYyBG06H8PMjsI,"Born Bad Records",FR0Q12001138,no
33,"The Gift","Mark Hollis",200,8B,33,2026-06-12,04:22,36,"post-rock, art rock","Rock","Mark Hollis",1998-01-01,29,27,2,42,0,30,-18,C,4,7nviB40euH8GciNuOn7uci,"Polydor Records",GBAKW9700231,no
34,"Loch and Key","Wilson Tanner",200,10B,9,2026-06-12,04:33,20,"ambient jazz, ambient","Electronic, New Age, Easy Listening, Jazz","II",2019-07-05,44,98,91,15,0,10,-20,D,4,5gU60TmSgZKji4azlVXPVq,"Efficient Space",QM6MZ1993911,no
35,"I Don't Even Know If I Should Call You Baby","Soul Family Sensation",200,9A,39,2026-06-12,03:45,0,"acid jazz, uk r&b","Jazz, Hip Hop, R&B","New Wave",1991-10-28,54,24,1,39,0,0,-17,E minor,4,6TaJ3aycX1BVUMRoVASnVI,"One Little Independent Records",GBBTF9100108,no
36,"Quips and Cranks","C. Cordio, F. Vinciguerra",200,9A,50,2026-06-12,03:18,0,"","","Unusual Sounds",2018-11-09,47,37,0,64,0,0,-9,E minor,4,1TqPbxYoz2a9zUmIimnIw3,"Anthology Recordings",QMV8L1806311,no
37,"Past the Point of Rescue","Mary Black",200,10A,46,2026-06-12,03:17,41,"celtic","Folk, Traditional Music","No Frontiers",1989-00-00,52,49,0,64,0,10,-14,B minor,4,5nuCjDM0fxBhoplQenb4y9,"3u Records",IEAAR8900002,no
38,"You Can't Always Get What You Want","Erika de Casier",200,5B,62,2026-06-12,03:30,47,"alternative r&b","Pop, R&B","Lifetime",2025-05-08,51,69,90,37,0,0,-11,D#/E♭,4,0loAUwPeBd9LvYtnaKpoGG,"Independent Jeep Music",QM6P42533254,no
39,"Life On Deck - Remastered 2016","Colin Newman",200,1A,96,2026-06-12,03:13,19,"post-punk, cold wave","Electronic, Rock","A-Z (Remastered 2016)",2016-02-24,28,35,1,56,0,30,-4,G#/A♭ minor,4,2PV8eGK3a0bXbcChUvhgwM,"swim ~",GBAZP1700007,no
40,"Dreaming of You","The Coral",199,8A,68,2026-06-12,02:21,63,"britpop","Pop, Rock","The Coral",2002-02-26,44,37,0,97,0,10,-7,A minor,4,6ebxt3Iylxe0GcEuUGlIvb,"Sony Music CG",GBETG0202031,no
41,"Trip to Your Heart","Sly & The Family Stone",199,4B,71,2026-06-12,03:41,30,"funk, motown, classic soul, funk rock, soul","R&B, Rock, Pop, Blues","A Whole New Thing",1967-10,28,10,0,60,0,60,-10,G#/A♭,4,3ku8Qt9J0Y29yC4jdzJ8PO,"Epic/Legacy",USSM10101599,no
42,"Riot","Hugh Masekela",199,6A,74,2026-06-12,01:59,39,"afro soul, afrobeat","R&B, Traditional Music","Masekela",1969-01-01,40,73,33,89,0,0,-7,G minor,3,0NgWjH7sR02ixho2k8Hfrj,"Geffen",USUM70609159,no
43,"Gentle On My Mind","John Hartford",198,8B,40,2026-06-12,03:02,31,"bluegrass, newgrass, americana","Country, Folk","Looks At Life/Earthwords And Music",1966-00-00,41,73,0,40,0,0,-13,C,4,2MOjAgUU7et92k7AQSoMKb,"RCA Camden",USRC16707675,no
44,"Tone Burst [Country]","Stereolab",198,11B,85,2026-06-12,02:12,18,"art pop, krautrock, neo-psychedelic, post-rock","Pop, Electronic, Rock","Refried Ectoplasm [Switched On Volume 2]",1995-09-28,36,7,47,96,0,0,-7,A,4,4WxgTznO9rQ1fmVhNJolyN,"Duophonic",GBJCJ9500012,no
45,"It's Time To Break Down","The Supremes",197,7A,65,2026-06-12,05:12,29,"motown, northern soul, classic soul, soul","R&B, Pop, Blues","New Ways But Love Stays",1970-10,36,52,0,94,0,20,-9,D minor,4,6YQ1iVb2mGvkL5VOB8rwJx,"UNI/MOTOWN",USMO10200898,no
46,"オン・レティニー (East Version)","dip in the pool",196,8A,45,2026-06-12,05:14,22,"art pop, jazz house, shibuya-kei","Pop, Electronic, Jazz","Retinae",1989-00-00,67,3,17,84,0,10,-11,A minor,4,3d5FqurweK47PrC9PNZrg1,"WM Japan",JPAM09404130,no
47,"Missing Person's Bureau","Spanner Banner",196,11A,68,2026-06-12,03:40,15,"lovers rock, christian reggae, riddim, reggae, ragga","Reggae, Hip Hop","Real Love",2001-05-15,69,7,6,93,0,0,-10,F#/G♭ minor,4,1t9IH7Y72rjzDf2ISZMJiO,"Heartbeat",USHB10124907,no
48,"Damn Right, I Am Somebody - Pt. 1","Fred Wesley & The J.B.'s",196,7B,88,2026-06-12,03:32,9,"funk, jazz funk","R&B, Jazz","The Singles: Vol. 9 1973-1975",2010-01-01,55,18,6,73,30,30,-5,F,4,7xZTMOYXJiZKZpsHhCcVIj,"Hip-O Select",USUMG0000541,no
49,"Don't Be A Fool","Loose Ends",196,3A,88,2026-06-12,04:20,39,"post-disco, new jack swing","R&B, Pop","Look How Long",1990-01-01,70,1,59,97,10,0,-13,A#/B♭ minor,4,09kXVa2L8BV8Jhd8uE93x7,"Virgin Catalogue",GBAAA9901501,no
50,"End of Line","Daft Punk",196,10B,45,2026-06-12,02:36,70,"french house, electronic, electro","Electronic","TRON: Legacy - The Complete Edition (Original Motion Picture Soundtrack)",2010-12-03,18,0,74,4,0,20,-11,D,4,09TlxralXOGX35LUutvw7I,"Walt Disney Records",USWD11054887,no
51,"Benn Crain - Ascent","Dám Ru",196,9B,57,2026-06-12,06:12,1,"minimalism, avant-garde","Classical, Jazz","Saint October",2023-11-03,56,5,86,35,0,0,-11,G,4,6vqMvvfIovgU9fKRGP4Cxl,"Temporize",GBQLP2300530,no
52,"Love 66","Antenna",196,9A,71,2026-06-12,08:20,35,"nu disco","Electronic, Pop","From Kazan With Love",2018-00-00,58,17,89,69,0,30,-10,E minor,4,1Mz7BniVXWXwaif4Dd0D6K,"Eskimo Recordings",BEN581600745,no
53,"オン・レティニー (West Version)","dip in the pool",196,8A,50,2026-06-12,05:16,27,"art pop, jazz house, shibuya-kei","Pop, Electronic, Jazz","Retinae",1989-00-00,60,3,6,84,0,20,-11,A minor,4,1JlK5ds8pCAyrxWMNNMvw1,"WM Japan",JPAM09404040,no
54,"Mancada","Gilberto Gil",195,9B,49,2026-06-12,02:02,43,"mpb, bossa nova, forró tradicional, samba","Jazz, Latin","Louvação",1967-01-01,54,83,14,93,0,10,-13,G,4,6ujSuZdXwjaNp4n0KnIt7v,"Gege",BRMCA6700791,no
55,"Java","Jah Wobble, The Invaders Of The Heart",195,8A,71,2026-06-12,05:44,2,"krautrock, dub","Electronic, Reggae, Rock","The Usual Suspects",2017-06-23,37,0,79,55,0,50,-10,A minor,4,683USLwUhtkN6hcS66tEK6,"3MS MUSIC LTD",UKGS81600051,no
56,"Grace","The Durutti Column",194,3A,27,2026-06-12,06:18,39,"art rock, post-punk","Rock","Fidelity",1996-00-00,62,1,94,55,0,0,-24,A#/B♭ minor,4,2NFNxyrLNiyGFDAP5QWx3I,"LTM Recordings",GBHBR0405106,no
57,"Jungle Hurt","Mathématiques Modernes",194,7B,61,2026-06-12,07:10,0,"cold wave, post-punk, synthpop","Electronic, Rock, Pop","Les Visiteurs Du Soir",1981-03-18,57,18,45,95,0,60,-8,F,4,5sqytZCnfzUbQkBFJNOASm,"Celluloid",GBHCD1153265,no
58,"No Angels/ICU","Mike Midnight, 3NDLES5",194,3B,39,2026-06-12,04:18,30,"trip hop, breakbeat","Electronic, Hip Hop","Angel Hours",2022-11-11,67,24,84,16,10,10,-15,C♯/D♭,4,2u8znkH9MEXJ1sjiQvHcAV,"4585957 Records DK",QZTAZ2202623,no
59,"What It Is","Marlene Ribeiro",194,11B,63,2026-06-12,07:23,0,"experimental","Classical, Electronic, Rock","Toquei no Sol",2023-02-10,49,32,90,14,0,30,-10,A,4,4EmL09YrvboFZzhKh2IW7f,"Rocket Recordings",UK2SX2217606,no
60,"Jeepster","T. Rex",194,11B,86,2026-06-12,04:07,53,"glam rock, proto-punk","Rock","Electric Warrior",1971-09-24,39,2,1,91,10,0,-6,A,4,5BUVbe6Zt1jVgKFKMdp0p0,"Universal Music Group International",GBCHM7100050,no
61,"Rice Harvesting Day","Go Kurosawa",194,8B,57,2026-06-12,04:05,33,"","","soft shakes",2025-09-05,19,72,99,60,0,10,-11,C,3,0qewTlOAIJZgYzmHnFJAh8,"Guruguru Brain",TCAJW2567097,no
62,"Soy Beans","Otto Benson",194,12A,67,2026-06-12,02:37,34,"","","Peanut",2025-12-31,56,21,84,44,0,10,-12,C♯/D♭ minor,4,6u0JqxFtJIYoHubdDLMkOg,"WNOADIARWB",QT6FJ2548744,no
63,"Déjà Vu (Uptown Baby)","Lord Tariq, Peter Gunz",193,3B,62,2026-06-12,04:44,46,"bronx hip hop","","Hip Hop 100 Hits - Urban rap & R n B anthems inc. Jay Z, A$ap Rocky, Wu-Tang Clan & Nas",2019-04-19,58,8,0,67,50,10,-7,C♯/D♭,4,6dLujFTBvLRnr8zPMMVUJg,"Sony Music Entertainment",USSM19702719,yes
64,"Where Are We Going?","Marvin Gaye",193,9B,83,2026-06-12,03:55,63,"motown, classic soul, soul, northern soul, quiet storm","R&B, Pop, Blues","Gold",2005-01-11,60,10,0,88,0,0,-8,G,4,7poaDTqWgJQDG5gqvobqXu,"UNI/MOTOWN",USMO10110564,no
65,"Thoughts","Sounds of Liberation",193,9B,50,2026-06-12,04:02,6,"free jazz","Jazz","Unreleased",2018-12-25,29,94,92,62,0,10,-17,G,3,3jUzFJzTEwvIRNuJfzOvmt,"Dogtown Records",QMEU31823565,no
66,"Late Night Freak","Sun Runners 女神の恋人達",193,6A,28,2026-06-12,01:48,1,"vaporwave","Electronic","D.O.M LOVERS",2022-11-01,43,75,0,46,10,10,-13,G minor,4,0U0ypmCruL8Ozy6A8PGi9B,"UltraWaveVisions",QZFZ32304181,no
67,"Ashley's Roachclip","The Soul Searchers",193,4A,87,2026-06-12,05:35,38,"go-go, breakbeat","Electronic, Hip Hop, R&B","Salt Of The Earth",1974-01-01,47,12,3,80,10,60,-6,F minor,4,5KTc1UNNv8HaVFSgRy4gbR,"Clarence Avant Catalog",USUM71910403,no
68,"Noid","Yves Tumor",192,11A,83,2026-06-12,03:29,0,"art pop, escape room, experimental pop, experimental r&b, hypnagogic pop","Pop, R&B, Electronic","Safe In The Hands of Love",2018-09-05,40,0,82,67,0,10,-6,F#/G♭ minor,4,6fhH6tRpDX77lDmqBy9LF7,"Warp Records",GBBPW1800122,no
69,"Walk On","Smith & Mighty",192,4B,89,2026-06-12,04:18,27,"trip hop, dub, downtempo, jungle","Electronic, Reggae, Hip Hop","The Three Stripe Collection 1985 - 1990",2012-05-14,56,14,37,51,0,10,-7,G#/A♭,4,4XJcPeXoTQj80SEnTmp0x9,"Bristol Archive Records",GBLMS1110541,no
70,"Play with Fire","Barbara & Ernie",192,11B,51,2026-06-12,03:36,37,"baroque pop","Classical, Pop","Prelude To...",1971-00-00,34,73,4,58,0,10,-16,A,4,6qivaRvwJ34QHswoNTbdwL,"Rhino Atlantic",USAT21000506,no
71,"BLUE TEARS","JUDY AND MARY",192,9B,84,2026-06-12,03:21,50,"j-pop, anime, j-rock, kayōkyoku","","Ｊ・Ａ・Ｍ",1994-00-00,35,4,0,67,0,10,-5,G,4,2GgOi1UVyAhLJ3zFnq59fp,"Sony Music Labels Inc.",JPES09306030,no
72,"She Says","So Klarity",192,1B,68,2026-06-12,04:12,38,"trip hop","Electronic, Hip Hop","Volume 1",2022-02-24,54,8,76,96,0,10,-8,B,4,39gbKvvclVc2w1xMa2PCRd,"Delicate Records",NL4UC2100008,no
73,"Wedontdoitlikethat (DJ Subaru Remix)","FFFINOS, DJ Subaru",192,3B,60,2026-06-12,06:48,21,"indie dance, italo disco","Electronic, Pop","Wedontdothatanymore - The Remixes",2022-06-20,67,0,89,4,10,10,-10,C♯/D♭,4,3QFYOOxAvWcA7isN1sF36g,"FFFINOS",GX5MX2264478,no
74,"From The Stars","Opal",192,9A,34,2026-06-12,03:00,33,"synthwave","Electronic","Fusion Of Worlds",2025-06-10,57,36,81,4,0,10,-14,E minor,4,2yJ615cTkB9kkG1cBxFTHd,"Lofi Records",UKZGC2502716,no
75,"Come On","Tommy Mcgee",191,3A,67,2026-06-12,02:43,23,"souldies, traditional soul","R&B, Traditional Music","Positive - Negative",2016-05-16,29,85,81,41,0,0,-10,A#/B♭ minor,4,7IEAi9vpbncsSeciQiAkXe,"Numero Group",USCW61605601,no
76,"To The Test","Elaine Howley",191,12A,22,2026-06-12,03:19,1,"","","The Distance Between Heart And Mouth",2022-08-12,59,92,85,71,0,10,-17,C♯/D♭ minor,4,4qDhMLZblusJFu5MPUvqAw,"Touch Sensitive",UK9422200209,no
77,"Club Soda","Car Culture, Dan Bodan",190,8A,31,2026-06-12,02:44,0,"ambient, gauze pop","Electronic, New Age, Pop","Dead Rock",2021-05-04,33,91,84,30,0,40,-18,A minor,4,7jiVUgGXGhtzX9wfXX1AKt,"Lighthead Records",USLZJ2146540,no
78,"Tenement Roofs","Glorious Din",190,12B,91,2026-06-12,04:07,18,"deathrock, post-punk, gothic rock, darkwave, cold wave","Electronic, Rock","Killed By Deathrock Vol.1",2014-01-21,50,12,55,67,0,10,-10,E,4,3Dhg4hiopBSrzdxxNPBZdQ,"Sacred Bones Records",US5NR1401409,no
79,"Tenement Roofs","Glorious Din",190,12A,86,2026-06-12,04:09,10,"deathrock, post-punk, gothic rock, darkwave, cold wave","Electronic, Rock","Leading Stolen Horses",2016-08-22,48,11,62,55,0,10,-12,C♯/D♭ minor,4,4oT4y5ifocEYXUCUGYDVME,"Murder Dog Magazine / Rapbay / Urbanlife Distribution",USBAE1317304,no
80,"All I Need (feat. Beth Hirsch)","Air, Beth Hirsch",190,6A,43,2026-06-12,04:28,70,"trip hop, downtempo","Electronic, Hip Hop","Moon Safari",1998-01-16,37,86,0,21,0,10,-12,G minor,4,6T10XPeC9X5xEaD6tMcK6M,"Parlophone (France)",FRS639700570,no
81,"I'm So Depressed","Abner Jay",189,9B,64,2026-06-12,03:23,26,"garage punk blues, outsider","","True Story Of...",2009-06-05,40,68,0,54,10,10,-8,G,4,6fMfjNKLq3rfNIUmpaUSnB,"Mississippi Records",QZSQG2203601,no
82,"Desert Raven","Jonathan Wilson",189,7A,59,2026-06-12,07:58,54,"neo-psychedelic","Rock","Gentle Spirit",2011-08-15,34,1,15,41,0,0,-11,D minor,4,0QhRc9zvsoJ08eqGiRSu38,"Bella Union",GBBRP1129403,no
83,"Tres Leches (Triboro Trilogy) (feat. Prodigy & Inspektah Deck)","Big Pun, Prodigy, Inspectah Deck",188,9A,87,2026-06-12,04:19,44,"east coast hip hop, old school hip hop, hardcore hip hop","Hip Hop","Capital Punishment",1998-04-28,51,3,0,46,40,30,-5,E minor,4,3KTfwbSw455pMTq8BfFIF3,"LOUD Records",USLR59900125,yes
84,"I Just Wasn't Made For These Times","The Beach Boys",188,6B,57,2026-06-12,03:21,54,"baroque pop","Classical, Pop","Pet Sounds",1966-05-16,21,45,0,34,0,0,-7,A#/B♭,4,7Jljbi0t6TIusvUm3HnCAb,"Capitol Records",USCA29600664,no
85,"Lucky Man","Steve Miller Band",187,7B,48,2026-06-12,03:05,21,"classic rock","Rock","Sailor",1968-01-01,40,63,3,63,0,30,-14,F,4,4uc877BKrtYKHZAgwUbPw9,"CAPITOL CATALOG MKT (C92)",USCA29100276,no
86,"Coy Boy","Blue Iverson",187,12B,22,2026-06-12,00:52,0,"experimental r&b","R&B","Hotep",2017-04-11,64,97,96,40,10,10,-7,E,4,4wuwe7BTYiELxexUQO33Ch,"World Music",USYBL1700967,no
87,"Should I Take You Home","Sunny & The Sunliners",187,6B,72,2026-06-12,02:26,41,"tejano","Latin","Mr. Brown Eyed Soul",2017-09-22,31,68,0,79,0,0,-7,A#/B♭,4,1rY7v8OfKrBdf86dKB5HzP,"Big Crown Records",QZ2L61700007,no
88,"I'm Not Ready for Love","Promise",187,1B,68,2026-06-12,02:44,40,"traditional soul","R&B, Traditional Music","Promise",2020-01-17,65,67,2,97,10,10,-7,B,4,7131SrwQ7ArpCAe2E4cW2G,"Numero Group",USCW60701602,no
89,"Writing On The Wall","Spike",187,10B,58,2026-06-12,03:52,6,"","","Orange Cloud Nine",2012-01-01,44,24,47,66,0,20,-7,D,4,5e5r3HbsTgix3C1gny6dRy,"Golf Channel Recordings",USXCR1200079,no
90,"Moon Dude","Jessica Pratt",187,10A,25,2026-06-12,03:40,48,"ambient folk","Electronic, Folk","On Your Own Love Again",2015-01-27,32,90,0,24,0,10,-12,B minor,4,06W4Up9O6DlXaIUlr4aOhR,"Headestry",US58L1560605,no
91,"I Just Wasn't Made For These Times - Mono","The Beach Boys",186,6B,58,2026-06-12,03:15,38,"baroque pop","Classical, Pop","Pet Sounds (Original Mono & Stereo Mix)",1966-06-16,22,51,0,45,0,10,-6,A#/B♭,4,4CuO8TINNqM3D7aUdNQ3zG,"Capitol Records",USCA29600685,no
92,"Girlfriend","Alicia Keys",186,10A,90,2026-06-12,03:34,0,"r&b, neo soul","R&B","Songs In A Minor (Expanded Edition)",2001-06-26,60,2,0,59,20,20,-7,B minor,4,60SmFQAfTCe5W6pboQzWwO,"J Records/Legacy",USJAY0100054,no
93,"Come Down Softly To My Soul","Spacemen 3",186,4B,30,2026-06-12,03:46,0,"space rock, neo-psychedelic, shoegaze, psychedelic rock, dream pop","Pop, Rock","Playing With Fire",1989-00-00,34,74,88,42,0,10,-14,G#/A♭,4,29tWNtY4AYEkOjjc8rT0of,"Space Age Recordings",GBBJX9811102,no
94,"Miracle Fruit","Molly Lewis",186,9A,33,2026-06-12,04:03,45,"exotica","Easy Listening","Mirage",2022-09-16,33,67,72,29,0,10,-12,E minor,4,7JM1c8Vn3tl00JPYLcHWN1,"Jagjaguwar",US38Y2243102,no
95,"Broken Hearted Kota","Joseph Shabason",186,5A,18,2026-06-12,05:11,43,"ambient jazz, ambient","Electronic, New Age, Easy Listening, Jazz","Broken Hearted Kota",2019-04-19,49,94,58,69,20,0,-16,C minor,4,2nP8BQtLMXpaUWjUGWAwhy,"Western Vinyl",US78L1919904,no
96,"PRESSED","Dean Blunt, TYSON",186,4A,51,2026-06-12,01:19,44,"art pop, collage pop, hypnagogic pop, uk experimental electronic, uk r&b","Pop, Electronic, Hip Hop, R&B","PRESSED",2023-01-23,51,68,70,87,0,10,-11,F minor,4,4WYoSVibjO0PftEmfRimMN,"WORLD MUSIC",UKQNV2300010,no
97,"Is It Any Wonder","Peter Bardens",186,8A,65,2026-06-12,04:42,0,"progressive rock, acid rock","Rock","Water Colors",1991-01-01,45,13,6,80,0,0,-10,A minor,4,6Lrh4imyByAKpfXIBgK3Y0,"Rdeg",FR10S1447591,no
98,"Blackbird","Zock",186,1B,82,2026-06-12,01:36,37,"vaporwave, plunderphonics","Electronic","Blackbird",2018-11-12,36,6,78,27,40,10,-8,B,4,1wc2mgAKMZuicbXCPh163c,"Hip Dozer",FR9Z61800201,no
99,"See Saw Seen","Elaine Howley",186,9B,48,2026-06-12,02:31,0,"","","The Distance Between Heart And Mouth",2022-08-12,50,3,81,70,0,10,-17,G,4,3c5PC6yD5yKYgEmP3MrjBh,"Touch Sensitive",UK9422200208,no
100,"Uknowhowwedu","Bahamadia",186,2B,60,2026-06-12,03:34,60,"jazz rap","Hip Hop, Jazz","Kollage",1996-04-02,53,64,0,91,30,20,-10,F#/G♭,4,5KapB9KJnRsZrprzIAXycW,"Capitol Records",USCA29502196,yes
101,"Living Room","Broadcast",186,8B,65,2026-06-12,03:26,28,"dream pop, neo-psychedelic","Pop, Rock","Work And Non Work",1997-06-09,38,0,54,66,0,10,-10,C,3,2YnDtndoHrtacH81T5bxfB,"Warp Records",GBBPW9700057,no
102,"We Go a Long Way Back","Bloodstone",186,8B,41,2026-06-12,04:55,44,"classic soul","R&B","We Go A Long Way Back (Expanded Edition)",1982-00-00,55,22,0,63,0,0,-11,C,3,3noix1yrwHnomPM8FqCU44,"Legacy Recordings",USSM18200581,no
103,"Mystique - Mix-2","Hood Scientific",186,1B,45,2026-06-12,05:31,17,"trip hop, downtempo","Electronic, Hip Hop","Eleven Phases_ Detroit Compilation",1998-01-21,64,1,64,45,10,10,-8,B,4,6vSLm7ZYNTx4AGjQZZ9YiB,"Sublime Records",JPB531300752,no
104,"Give It Up You Fool","Thee Sinseers, Joey Quiñones",186,6B,47,2026-06-12,03:15,47,"retro soul","R&B","Sinseerly Yours",2024-03-22,55,62,0,72,0,30,-10,A#/B♭,4,0zFMlob9FEIgFa1l8AZbit,"Colemine Records",QZDMQ2350029,no
105,"Nobody Knows","Pastor T.L. Barrett and the Youth for Christ Choir",186,4B,82,2026-06-12,06:30,52,"funk gospel, classic soul","R&B, Christian","Like a Ship (Without a Sail)",1971-01-01,37,6,0,74,0,10,-9,G#/A♭,4,2TM24qZOOgsmA94g6Ovy48,"Numero Group",USCW61018005,no
106,"Give It Up You Fool - Instrumental","Thee Sinseers, Joey Quiñones",186,6B,51,2026-06-12,03:15,13,"retro soul","R&B","Sinseerly Yours (Instrumentals)",2025-04-11,71,18,0,69,0,30,-11,A#/B♭,4,1ISR01okjwFxVgGAWkVzGo,"Colemine Records",QZDMQ2350153,no
107,"Two Can Win","J Dilla",185,3A,76,2026-06-12,01:47,49,"plunderphonics, alternative hip hop, jazz rap","Hip Hop, Jazz, Electronic","Donuts",2006-02-07,39,1,22,81,40,70,-10,A#/B♭ minor,4,3YN2Q4dBTFZFXOJv5e4MiE,"Stones Throw Records",US2S70626017,no
108,"2 HEADED GOAT","Eyedress, RealYungPhil, Lucien Clarke",185,1B,78,2026-06-12,02:40,0,"noise pop, pov: indie, cloud rap","Hip Hop","IN THE DOG HOUSE",2022-08-04,61,25,84,59,60,60,-11,B,4,4Z8uRNDSaJfqvaVfoQLphQ,"Lex Records",GBMYF2200102,yes
109,"Black Gold","Charles Stepney",185,4B,37,2026-06-12,02:56,0,"","","Black Gold",2022-09-06,45,81,89,71,0,10,-14,G#/A♭,3,0nDTmBvRSU9fnzLzltefeo,"International Anthem",QM84B2255018,no
110,"Darkness","The Police",185,10A,60,2026-06-12,03:13,47,"album rock, classic rock, permanent wave, rock","Rock","Ghost In The Machine (Remastered 2003)",1981-10-02,35,43,0,23,0,0,-11,B minor,4,2zGmWtewQWYWMZMptybOMg,"Polydor Records",GBAAM0201136,no
111,"Mother of Earth","The Gun Club",185,10B,76,2026-06-12,03:24,0,"psychobilly, post-punk, proto-punk, deathrock","Rock","Prairie Noir",2013-07-30,30,35,59,72,0,10,-7,D,4,5IXLIpqFGe1PVTIjVi2lYR,"Warner Music Group - X5 Music Group",GBCEJ0900354,no
112,"Sweet as an Angel","The Jiving Juniors",185,7B,42,2026-06-12,02:23,6,"rocksteady, ska, calypso, doo-wop","Latin, Pop, R&B, Reggae","If I Had a Pair of Wings: Jamaican Doo Wop, Vol. 3",2020-11-27,24,57,0,34,0,10,-7,F,3,1fXKT6Zv7rij3ts4Tm4VeC,"Death Is Not The End",GBE8H2060001,no
113,"Bebek","Sevil & Ayla",185,12A,34,2026-06-12,04:08,0,"anatolian rock","","Bebek",1985-00-00,34,83,0,36,0,10,-13,C♯/D♭ minor,4,0pGBQ8HJD6vYmYaOxokAhm,"Coşkun Plak",TR0791800147,no
114,"Arrow Root","MF DOOM",185,2B,40,2026-06-12,02:10,50,"experimental hip hop, east coast hip hop, jazz rap, alternative hip hop","Hip Hop, Jazz","Metal Fingers Presents: Special Herbs, The Box Set Vol. 0 - 9",2006-01-24,70,18,94,95,0,30,-9,F#/G♭,4,0qlrVIgcx8ScMCGIw5xgxO,"Metalface Records",USHKR0912006,no
115,"Stranger Than Love - Dub Version","Mark Stewart",185,10A,48,2026-06-12,05:29,4,"industrial","Rock","Mark Stewart",1987-01-01,52,31,80,29,10,10,-18,B minor,4,1ouZVo2N0wCnyfmBu40TbZ,"Mute",GBAJH0700304,no
116,"Close To Me","The Cure",185,1B,52,2026-06-12,03:23,72,"new wave, post-punk, gothic rock, darkwave","Electronic, Rock, Pop","The Head On The Door (Remastered)",1985-08-26,72,7,70,97,10,0,-11,B,4,4xiyq1iRdsxuU1BPUJ490Z,"UMC (Universal Music Catalogue)",GBALB8500007,no
117,"Maravilhamento","Nyron Higor, Nathalia Grilo",185,9A,56,2026-06-12,04:28,31,"new mpb","Latin, Traditional Music","Nyron Higor",2025-01-31,24,90,97,66,0,0,-14,E minor,3,6pomNHBH6owPM4RIGhP2Ly,"Far Out Recordings",GBDCR2400076,no
118,"Balcony for Two","Molly Lewis",184,4B,38,2026-06-12,02:59,35,"exotica","Easy Listening","The Forgotten Edge",2021-07-02,38,11,85,40,0,20,-11,G#/A♭,4,4uHzk0yedHAbFQhd32gvSJ,"Jagjaguwar",US38Y2139203,no
119,"Emotion","Samantha Sang, Bee Gees",184,8B,36,2026-06-12,03:57,62,"yacht rock, disco","Pop, Rock","Emotion",1977-12-06,52,76,0,72,0,20,-9,C,4,1TSehAcbBAcmZlSNMjmf6U,"Private Stock Records",USS8D7820038,no
120,"mmmm","DJ Python",184,8B,76,2026-06-12,04:52,0,"dub techno, idm","Electronic","Mas Amable",2020-04-10,58,0,84,32,0,10,-7,C,4,4m3Ty5IYyFkTf2o3LZqoiH,"Incienso",USYBL2000526,no
121,"Take Me","Roland P. Young",184,8B,75,2026-06-12,07:44,4,"ambient jazz, krautrock","Easy Listening, Jazz, Electronic, Rock","Twelve Elements",2005-07-25,50,17,3,27,0,0,-8,C,4,448m6c1j11hxtbJKoOVz07,"Flowchart",ushm90599135,no
122,"Indie 師兄 (Indie Ching)","N.Y.P.D. 南洋派對",184,11A,35,2026-06-12,07:12,0,"chinese indie, cantopop, chinese rock","","南洋派對",2020-03-20,60,42,0,59,0,10,-16,F#/G♭ minor,4,7GbWPJpJfC2ohESvfn2I2w,"Silk Road Sounds",US25X2000796,no
123,"Yellow Magic Orchestra","Papa Romeo",184,8A,69,2026-06-12,03:56,7,"","","Yellow Magic Orchestra",2021-05-14,50,1,3,59,0,40,-8,A minor,4,0JdqKKANGsnq2TChXOR4IL,"Cracked Skull Records",QZES92179492,no
124,"Birthday","The Sugarcubes",184,8B,51,2026-06-12,03:58,0,"alternative rock, dream pop, icelandic pop, icelandic post-punk","Pop, Rock","Life's Too Good",1988-01-01,35,5,0,28,0,0,-12,C,4,60BmSp4whSDDysRNgkKdqd,"One Little Independent Records",GBBTF9200071,no
125,"I Wanna Be Free","Bucky Wilkin",184,7B,38,2026-06-12,02:09,2,"baroque pop, surf rock","Classical, Pop, Rock","The Complete Recordings (1964-1968)",2016-04-22,22,27,0,68,0,20,-12,F,4,4vR4PM07pRYmxVKiszxROA,"Arista/Legacy",USRC11500908,no
126,"mmmm","DJ Python",184,8B,76,2026-06-12,04:52,13,"dub techno, idm","Electronic","Mas Amable",2020-04-10,58,0,84,32,0,10,-7,C,4,3dXBXryAh3hSNnW5hJSaRo,"Incienso",USYBL2000526,no
127,"Indie 師兄","N.Y.P.D. 南洋派對",184,11A,35,2026-06-12,07:12,24,"chinese indie, cantopop, chinese rock","","南洋派對",2020-03-20,60,41,0,59,0,10,-16,F#/G♭ minor,4,0mXqcTEcRArr7aTG92eFRR,"Alpha Pup",US25X2000796,no
128,"KAMEARI POP - 2020 Remaster","P-MODEL",184,4A,73,2026-06-12,03:56,24,"synthpop, post-punk","Rock, Electronic, Pop","IN A MODEL ROOM (2020 Remaster)",1979-08-25,77,11,15,54,20,0,-10,F minor,4,2w9k47LnQXx3Y5AdRqB2Di,"WM Japan",JPWP02071009,no
129,"A grand love theme","Kid Loco",184,11B,66,2026-06-12,04:02,51,"trip hop, downtempo","Electronic, Hip Hop","A Grand Love Story",1997-00-00,55,50,86,46,0,10,-9,A,4,0pg2VKzTsBdbxPzcOkReY2,"Wagram Music",FRQ260900004,no
130,"Silk 'N Honey","Honey Ltd.",184,9A,54,2026-06-12,03:30,0,"baroque pop","Classical, Pop","The Complete LHI Recordings",2013-07-26,21,60,0,67,0,0,-9,E minor,4,3BEZnxfAAH0jPIciTAAzp0,"Light In The Attic",USDEA1310204,no
131,"Ride With Me","Harry McNally",184,11A,75,2026-06-12,03:02,32,"","","Ride With Me",2021-08-05,67,11,1,53,0,10,-5,F#/G♭ minor,4,28Ja9ZGm4qFPSmGi8b71OF,"HM records",QM24S2105321,no
132,"Clumsy","Fergie",184,10B,56,2026-06-12,04:00,62,"dance pop, pop","Electronic, Pop","The Dutchess",2006-09-13,73,19,0,45,10,30,-4,D,4,29TqbHtaTUjEDOBGJ5FNZX,"Will I Am / Fergie LP1",USUM70609116,no
133,"Cupid De Locke - Remastered 2012","The Smashing Pumpkins",184,4B,68,2026-06-12,02:50,64,"alternative rock, rock","Rock","Mellon Collie And The Infinite Sadness (Deluxe Edition)",1995-00-00,40,0,40,39,0,10,-11,G#/A♭,4,7zwwvrJAWGjfc9wFD3bVzZ,"Virgin Records",USVI21200901,no
134,"Silence Is the Way (feat. Laura Mvula)","Miles Davis, Robert Glasper, Laura Mvula",184,7A,28,2026-06-12,05:17,24,"jazz, cool jazz, hard bop, bebop, jazz fusion, jazz ballads, free jazz, neo soul, jazz rap","Jazz, Easy Listening, Electronic, Rock, Hip Hop, R&B","Everything's Beautiful",2016-05-27,57,21,5,17,0,10,-10,D minor,4,6dIOkY29AWodA9QyU4dxpx,"Columbia/Legacy",USSM11507139,no
135,"Lyk U Use 2 (feat. Andres)","Moodymann, Andres",183,10A,49,2026-06-12,05:43,48,"jazz house, chicago house, deep house, indorock","Electronic, Jazz","Moodymann",2014-01-27,62,11,13,14,20,10,-13,B minor,4,4ncFRft2xEs4kanULQjaOz,"Kdj Records",uscgh1407818,no
136,"Island Letter","Shuggie Otis",183,12B,24,2026-06-12,04:41,36,"afrobeat, funk, psychedelic soul, soul","R&B, Traditional Music, Blues","INSPIRATION INFORMATION",1974-00-00,67,76,44,61,0,10,-17,E,4,2yqG9SRCbQf1c6d5hwmfKJ,"Epic",USSM10104367,no
137,"Freedom Of '76","Ween",183,12B,19,2026-06-12,02:50,1,"neo-psychedelic","Rock","Chocolate & Cheese",1994-09-27,61,62,0,40,0,20,-15,E,1,2z4fXahrkleWzMuMSMVVJq,"Chocodog Records",USEE19400086,no
138,"That's How Rumors Start","Joey Pastrana and His Orchestra",183,4A,42,2026-06-12,07:32,36,"salsa, latin jazz, cha cha cha","Jazz, Latin","Joey",1967-01-01,50,20,1,83,0,20,-10,F minor,4,51TS79ehSs5WDLIm0YWRRv,"Fania",USDBB0610201,no
139,"Your Dream","Masumi Hara",183,10B,83,2026-06-12,02:46,23,"art pop","Pop","4 X A Dream",1984-01-01,48,0,3,91,0,60,-7,D,4,09aensRTIHQLdk5tkuNH2Y,"Numero Group",USCW61981106,no
140,"I'll Bet You","Funkadelic",183,6B,70,2026-06-12,06:11,35,"funk, funk rock, psychedelic rock","R&B, Rock","Funkadelic",1970-02-24,30,32,0,55,0,0,-12,A#/B♭,4,1eNkiMjZKstmcsg8rcCHft,"Westbound Records",US25X0588924,no
141,"If It Ain’t One Thang It’s Another","E.S.G.",183,8B,56,2026-06-12,05:15,16,"southern hip hop, g-funk, crunk","Hip Hop, R&B","Ocean of Funk",1994-02-01,65,4,0,69,20,20,-12,C,4,7xnlfE7nCbMzgTnrLFLbZp,"SoSouth",uscgj0653564,yes
142,"Here Comes Love, Tenderness and Kindness","The Cigarettes",183,12B,37,2026-06-12,02:58,41,"mod revival, power pop","Pop, Rock","The Sky's Not Blue It's Happy",2020-09-08,80,12,87,96,0,30,-10,E,4,4AYtgIbpvEzoOn7iwao6Rb,"Anthology Recordings",QMV8L2008804,no
143,"Perfidia","Phyllis Dillon",183,9B,38,2026-06-12,02:47,48,"rocksteady, lovers rock, reggae, ska, roots reggae, calypso","Latin, Reggae","One Life to Live (Expanded Version)",1972-01-01,61,45,0,92,0,10,-11,G,4,5RUUCHjMLcBmMFzYnTnXOv,"Trojan Records",GBAJE6700455,no
144,"Badge Grabber","Show Me the Body",182,6B,64,2026-06-12,02:25,30,"noise rock","Rock","Dog Whistle",2019-03-29,45,0,12,18,20,0,-6,A#/B♭,4,1pcj5luPLL5J12wgAlXILN,"Loma Vista Recordings",USC4R1802559,no
145,"P.O.'88","Tommy Mandel",182,3B,45,2026-06-12,04:42,13,"synthpop","Electronic, Pop","Secrets of Marital Bliss",1987-01-01,49,83,9,60,0,0,-14,C♯/D♭,4,0owpRuXyDNdYV6rCYbq5R8,"id",ushm20419472,no
146,"Smouche","Dennis Bovell",182,9B,62,2026-06-12,02:59,17,"dub, roots reggae, lovers rock, rocksteady, reggae","Electronic, Reggae","Heaven",2016-09-23,63,8,78,44,10,0,-10,G,4,6Mv5e7keBgesdRmfa9muvl,"Optimo Music",DEU671602080,no
147,"Limerence","Yves Tumor",182,4B,32,2026-06-12,05:29,64,"art pop, escape room, experimental pop, experimental r&b, hypnagogic pop","Pop, R&B, Electronic","Mono No Aware",2017-03-17,33,89,21,72,0,10,-17,G#/A♭,3,2wiV5iKq5F5A0KUee4OrlK,"PAN",DEX261601435,yes
148,"Ride or Die","Spr1te",182,10B,79,2026-06-12,02:25,1,"hyperpop","Electronic, Pop","Ride or Die",2020-11-13,27,18,5,91,0,10,-8,D,5,1CtuqSFy78SiPMKNhUHyzk,"Kropp uten Grenser",QZMEQ2018231,no
149,"Expo 2000 - Kling Klang Mix 2000","Kraftwerk",182,3B,45,2026-06-12,06:50,26,"krautrock, neue deutsche welle, synthpop, electronic, new wave, electro","Electronic, Rock, Pop","Remixes",2020-12-21,67,55,83,24,0,10,-11,C♯/D♭,4,4pfstT9XOvJBuBRLuWGPj4,"Parlophone UK",DEE119900006,no
150,"Mam Yinne Wa","Alogte Oho & His Sounds of Joy",182,3A,48,2026-06-12,03:55,41,"afrobeat fusion, frafra","","Mam Yinne Wa",2019-11-08,39,48,18,69,10,10,-8,A#/B♭ minor,3,7idNapSLaJMRTfIk5nPE0U,"Philophon",DESV91645901,no
151,"Mambo Sun","T. Rex",182,1B,70,2026-06-12,03:36,50,"glam rock, proto-punk","Rock","Electric Warrior",1971-09-24,54,8,82,64,10,10,-7,B,4,4FHGKscCEnhBSyszmL32L0,"Universal Music Group International",USUM70503751,no
152,"Please Send Me Someone to Love","Sade",182,1B,36,2026-06-12,03:40,63,"british soul, sophisti-pop","R&B, Pop","The Best of Sade",1994-10-31,41,26,0,16,0,20,-11,B,3,7pm8e1QG0XJDZ2nJZTeDBw,"Epic",GBBBM9302005,no
153,"Best Friend","50 Cent",182,3A,64,2026-06-12,04:11,67,"old school hip hop, east coast hip hop","Hip Hop","Get Rich Or Die Tryin'- The Original Motion Picture Soundtrack",2005-01-01,55,40,0,66,30,10,-4,A#/B♭ minor,4,7jdzEA44GdSp4laVCF3Ztw,"G-Unit Records",USUM70504512,yes
154,"Colour In The Numbers","Broadcast",182,10B,47,2026-06-12,03:42,13,"dream pop, neo-psychedelic","Pop, Rock","Spell Blanket - Collected Demos 2006 - 2009",2024-05-03,9,93,90,39,0,10,-10,D,3,1sm3Mj9yS5HA6dCyNbB59D,"Warp Records",GBBPW2300269,no
155,"The Boppers","Thaione Davis",182,11A,58,2026-06-12,03:36,1,"underground hip hop","Hip Hop","The Joys of Life & Pain",2013-05-14,48,3,0,46,40,30,-14,F#/G♭ minor,4,2GXJXS5DEMU37xtEqjMZuP,"Jericho Lounge",USCPJ1300006,yes
156,"Be Good to Me","The Delegators",182,12B,58,2026-06-12,02:23,32,"rocksteady, ska","Reggae","All Aboard",2013-11-26,49,4,0,78,10,10,-9,E,4,1JfElK0G16tk9fRuSg0FeZ,"The Delegators",UK3C41300001,no
157,"The Exploding Boy","The Cure",182,6B,88,2026-06-12,02:53,1,"new wave, post-punk, gothic rock, darkwave","Electronic, Rock, Pop","Join The Dots - The B-Sides & Rarities",2004-01-01,25,1,0,58,0,10,-3,A#/B♭,5,3Y8svMB1YhYBy8qGeXEtTo,"UMC (Universal Music Catalogue)",GBALB0300025,no
158,"War of the Hearts","Sade",181,10B,46,2026-06-12,06:47,58,"british soul, sophisti-pop","R&B, Pop","Promise",1985-11-04,51,46,44,58,0,10,-9,D,4,1s7cklguCg0rkLeBGA7quh,"Sony Music UK",GBBBM0002019,no
159,"Pulse - 2015 Remaster","Todd Rundgren",181,8A,30,2026-06-12,03:10,14,"yacht rock, power pop, philly soul","R&B, Pop, Rock","Healing",1981-00-00,53,73,19,85,10,10,-16,A minor,4,02O5PgtfOUnU6CcO6cXlu4,"Rhino",USRH11509632,no
160,"Badman","Voice Actor",181,6A,28,2026-06-12,01:38,0,"spoken word, musique concrète, experimental","Classical, Electronic, Rock, Easy Listening","Sent From My Telephone",2022-10-05,22,52,74,33,0,30,-19,G minor,4,0C2n33rIVDKYuLg7gGs1c1,"Stroom",BEIX82200249,no
161,"We Had A Love So Strong","Smokey Robinson & The Miracles",181,2B,51,2026-06-12,03:01,17,"motown, classic soul, northern soul, soul","R&B, Pop, Blues","Flying High Together",1972-01-01,48,81,0,77,0,20,-11,F#/G♭,4,7CW0mbweFQfnmiOmThaM4t,"UNI/MOTOWN",USUM71411959,no
162,"Can I Call You Rose?","Thee Sacred Souls",181,5A,44,2026-06-12,03:08,0,"retro soul","R&B","Can I Call You Rose?",2020-03-03,30,69,0,45,0,10,-7,C minor,3,6tXuf3jm5wxrMPtvXREYoE,"Penrose Records",USA2B2033442,no
163,"Gypsotheque 2","I:Cube",181,9A,23,2026-06-12,03:53,4,"french house","Electronic","Eye cube",2023-02-24,8,20,95,24,0,10,-16,E minor,3,7fdrAuDUHJga5HvZt2y3IX,"Versatile Records",FR08Q2300003,no
164,"(We're Gonna) Rock Around The Clock - Single Version","Bill Haley & His Comets",181,12A,85,2026-06-12,02:11,30,"rockabilly, rock and roll, doo-wop","Pop, R&B, Rock","Best Of Bill Haley & His Comets: 20th Century Masters: The Millennium Collection",1999-01-01,68,22,0,76,20,0,-6,C♯/D♭ minor,4,42yP5D36DoJ7cKKnhnwOZp,"Geffen*",USMC15486163,no
165,"Honestly Ok","Dido",181,6A,60,2026-06-12,04:38,44,"dance pop, europop, lilith, neo mellow, pop rock","Electronic, Pop","No Angel",1999-00-00,61,16,2,58,0,10,-9,G minor,4,4bNKvePgcSeo9eQM2yIbVE,"Sony BMG Music UK",USAR19900861,no
166,"Seven Riders, Seven Roads","Jacek Skubikowski",181,5A,50,2026-06-12,04:58,13,"classic polish pop, polish blues, polish synthpop","","Jacek Skubikowski",2012-02-03,65,24,0,72,0,10,-10,C minor,4,5MuGwJmH1IdBOhvsssK2ze,"MTJ",PLB171100474,no
167,"I've Seen It","Olivia Dean",181,9B,15,2026-06-12,02:06,84,"pop soul","Pop, R&B","The Art of Loving",2025-09-26,39,90,0,22,0,10,-16,G,4,6tHVEMyRfxGgQuXRzl2yOF,"PLG - Capitol",GBUM72503094,no
168,"Just Talk","A.C. Marias",180,11B,28,2026-06-12,05:40,23,"dream pop, post-punk, uk post-punk","Pop, Rock","One of Our Girls",1989-08-29,50,85,70,38,0,0,-18,A,5,0tVoNGqwCUIlFuvDT6YH1J,"Mute",GBAJH0502589,no
169,"Sunspots","Julian Cope",180,11B,73,2026-06-12,03:48,38,"neo-psychedelic, jangle pop","Pop, Rock","The Collection",2002-01-01,54,13,22,59,0,0,-11,A,4,0MmZ4EdISIiHiRzzC6CkJI,"UMC (Universal Music Catalogue)",GBF088400012,no
170,"February","John FM",180,1A,53,2026-06-12,04:36,21,"detroit house, indie electronic","Electronic, Pop, Rock","American Spirit EP",2021-04-14,52,13,0,23,0,30,-9,G#/A♭ minor,4,4Ei2uFt7appWQ6cnRbundl,"XL Recordings",GBBKS2100038,yes
171,"Le début de la fin","Domenique Dumont",180,6A,82,2026-06-12,04:47,35,"experimental pop, fluxwork, fourth world","Pop","Miniatures de auto rhythm",2018-10-01,54,27,85,81,0,0,-7,G minor,4,0ukwL1AUmE8BCdYgnKxtSh,"Antinote",FR96X1815214,no
172,"Satisfied","Van Morrison",180,8B,44,2026-06-12,06:03,0,"classic rock, folk, folk rock, mellow gold, rock, singer-songwriter, soft rock","Rock, Folk","Common One",1980-08,61,6,3,40,20,10,-8,C,4,1qdmSnPhIbQpVw51dwsJhQ,"Legacy Recordings",USQX91501504,no
173,"At The Helm","Misha Panfilov",180,3B,62,2026-06-12,03:11,21,"experimental jazz, ambient jazz","Easy Listening, Jazz","The Sea Will Outlive Us All",2022-09-02,55,59,94,57,0,10,-10,C♯/D♭,4,0Oc3Juv64PaL0n3NCXe9hS,"Miraaž Records",QZNWU2210856,no
174,"You've Gone","Bassline, Lorraine Chambers",180,11A,69,2026-06-12,05:31,0,"","","You've Gone",2021-03-05,57,16,5,63,0,10,-9,F#/G♭ minor,4,3tQCa0zjqxahqcSN6MboXk,"Isle of Jura Records",USA2P2102940,no
175,"Glamorous death is his destination","Yakub",180,9A,24,2026-06-12,03:32,13,"","","Posh Spice / Glamorous death is his destination",2023-01-09,21,78,93,16,0,0,-15,E minor,4,3DE7sM6YCDlpNm5AGvfQJq,"WORLD MUSIC",UKQNV2300007,no
176,"Big Red Thing","Paish",180,12B,52,2026-06-12,03:27,0,"","","Big Red Thing",2022-04-22,64,5,0,70,0,0,-11,E,4,5X2j9TICpUIMQaeGSnKXsl,"Cease And Desist",QZHN52290225,no
177,"Mam Yinne Wa","Alogte Oho & His Sounds of Joy",180,4A,51,2026-06-12,03:55,34,"afrobeat fusion, frafra","","Mam Yinne Wa",2016-11-11,40,58,9,71,0,20,-5,F minor,4,08k6ZsTPo7ws120ty9nvHM,"Philophon",DESV91645901,no
178,"Turn Off The Light - Radio Edit","Nelly Furtado",180,10B,79,2026-06-12,03:36,16,"canadian latin, canadian pop, dance pop, pop","Electronic, Pop","¡2000 Rockstars Hits!",2023-09-12,60,4,0,77,10,10,-3,D,4,3w02kBoHRSeEqHKyPkj96g,"UME - Global Clearing House",USDW10110235,no
179,"Honey","Marine Girls",180,11B,17,2026-06-12,02:00,26,"jangle pop, post-punk","Pop, Rock","Lazy Ways / Beach Paty",1983-01-01,39,48,3,74,0,20,-18,A,4,2k81TlaSZ5k98dMBIAbBpg,"Cherry Red Records",GBBLY8100209,no
180,"Siin","Habibi",180,10A,55,2026-06-12,03:03,46,"indie surf","","Habibi",2014-01-28,46,44,75,8,0,10,-12,B minor,4,13jJmDyFCslJf1rpJJGFsg,"Habibi",USA2B1303276,no
181,"Song For My Sister's Son","Okonski",180,5B,16,2026-06-12,04:40,30,"ambient jazz","Easy Listening, Jazz","Magnolia",2023-02-24,41,76,81,41,0,10,-22,D#/E♭,3,5N95j02ERsrcueKLaOu465,"Colemine Records",QZDMQ2250111,no
182,"Marilyn","Mount Kimbie, Micachu",180,5A,52,2026-06-12,04:11,50,"electra, electronica, future garage, indietronica, wonky, uk alternative pop","Rock, Electronic, Pop","Love What Survives",2017-09-08,28,35,16,31,0,10,-11,C minor,3,75gwWphI9gXlNV0xDyixMw,"Warp Records",GBBPW1700087,no
183,"Pop Music","R. Stevie Moore",180,9B,40,2026-06-12,03:48,7,"power pop, jangle pop","Pop, Rock","Advanced",2011-06-01,51,5,0,38,0,10,-9,G,4,4XBhR1iQk4YSUY9ZMSgJdU,"Spunky Monkey Music",USCXG1100602,no
184,"Turn Off The Light","Nelly Furtado",180,10B,69,2026-06-12,04:36,65,"canadian latin, canadian pop, dance pop, pop","Electronic, Pop","Whoa, Nelly! (Expanded Edition)",2000-00-00,59,8,0,65,10,40,-6,D,4,4gM2BugovNf4bvXdjZODzG,"Geffen",USDW10021999,no
185,"Walk With Your Romance - A story of a Global Disease LP, bonus track","Naomie Klaus",180,9B,57,2026-06-12,06:51,17,"tropical music","Latin","Walk With Your Romance (A story of a Global Disease LP, bonus track)",2022-09-30,50,12,86,34,0,50,-11,G,4,3CrSqZ66eTGBOxs6gQbxSB,"moli del tro",BE3MG2200107,no
186,"MARSEILLE, PT2 (LIKE THIS!)","Ashley Iman",180,10B,76,2026-06-12,02:40,21,"uk r&b","Hip Hop, R&B","MARSEILLE, PT.2 (LIKE THIS!)",2024-07-11,57,2,0,35,0,0,-8,D,4,2OHyGcu1OIU512mv8LdJpG,"2024 Ashley Iman",QM7282401841,no
187,"Virgo Oscura","SSIEGE",180,4A,11,2026-06-12,03:06,43,"ambient, idm","Electronic, New Age","Virgo Oscura",2022-12-05,75,99,97,14,10,10,-19,F minor,4,5QQnkvW6rBpipvVJneUtI3,"Knekelhuis",NLX1G2200305,no
188,"Who do u wanna be","Feng",180,10A,62,2026-06-12,01:14,36,"cloud rap","Hip Hop","What The Feng",2025-02-14,50,13,0,42,40,10,-12,B minor,4,2ESvL4eB86KG9VslZHu4Dd,"7628604 Records DK",QZES72502067,no
189,"Alone in Kyoto","Air",180,8B,37,2026-06-12,04:51,61,"trip hop, downtempo","Electronic, Hip Hop","Talkie Walkie",2004-01-26,53,96,75,8,0,10,-16,C,4,40UlFC0dIxv7lAEJaPZLnm,"Parlophone (France)",FRS630300098,no
190,"How Are We","Horse Vision",180,8B,56,2026-06-12,02:40,26,"","","Another Life",2025-03-07,36,37,75,25,0,20,-8,C,3,5dF0HUts7TRFgYKRpXborR,"Many Hats Distribution",QZNWP2551523,no
191,"Pass","Officer John",180,10B,71,2026-06-12,03:23,47,"","","Pass",2025-04-29,46,0,42,34,0,10,-7,D,4,0nkLf3Me04J0kFvKAEyvym,"Wah Wah Wino",CBEFB2500312,no
192,"Home, Land and Sea","TrinityRoots",180,10B,24,2026-06-12,05:38,35,"nz reggae, dub","Electronic, Reggae","Home, Land and Sea",2010-09-06,33,76,0,6,0,0,-10,D,4,3L0T6O2CKKIgIMpsvs3BJl,"TRINITYROOTS LTD",NZAM00700044,no
193,"Fifty-fifty Clown","Cocteau Twins",180,5A,69,2026-06-12,03:10,59,"dream pop, shoegaze, gothic rock","Pop, Rock","Heaven or Las Vegas",1990-09-17,48,5,7,37,0,10,-7,C minor,3,2vDC9iyQpY3EsioJD8pRiW,"4AD",GBAFL9000037,no
194,"La Semaine Passe","Userband",180,8A,42,2026-06-12,02:52,12,"","","Looking For a Band",2024-06-28,46,96,71,32,0,10,-14,A minor,4,4BhhdUzlGayKPIPmXKC3bT,"Chrüsimüsi Records",QZNWY2437994,no
195,"Have You Heard About The World Coming To An End","Alphabetical Four",180,4B,21,2026-06-12,02:36,3,"ragtime, southern gospel","Jazz","Alphabetical Four (1938-1943)",1995-00-00,60,99,0,75,0,20,-19,G#/A♭,4,1OBHKLkJDFSzMTwDlVECOQ,"Document Records",USA560565721,no
196,"Somebody Made For Me","Emitt Rhodes",179,4B,52,2026-06-12,02:26,48,"baroque pop, power pop","Classical, Pop, Rock","The Emitt Rhodes Recordings (1969-1973)",2009-07-14,31,10,0,61,0,0,-8,G#/A♭,4,2hq50hCUUknhUXZ9uL3wgq,"Geffen",USMC17054041,no
197,"Vietnam - 2007 Remastered Version","Ströer Duo",179,10A,19,2026-06-12,04:05,10,"krautrock","Electronic, Rock","Fluchtweg Madagaskar (2007 Remastered Version)",1982-01-01,60,91,11,39,0,10,-15,B minor,4,5hFbD1ugYMik26Uqm1ipGq,"MusicHub",DECA28200078,no
198,"Re-Animator","ARTHUR",179,12A,77,2026-06-12,01:27,0,"experimental indie","","Challenger",2017-08-25,47,2,74,26,10,0,-8,C♯/D♭ minor,4,5Fk0hNHWX3JHeIqLAparfz,"PLZ Make It Ruins",UK9JS1701103,no
199,"Ibs","Duval Timothy",179,6B,15,2026-06-12,03:15,41,"ambient jazz","Easy Listening, Jazz","Sen Am",2017-10-27,40,99,88,47,0,10,-15,A#/B♭,4,6e1y5YyIHIrwwDwEbqUEzH,"Carrying Colour",QZ8LD1756999,no
200,"Onughara","The Good Samaritans",179,8B,54,2026-06-12,05:04,10,"champeta, highlife","Latin, Traditional Music","Onughara",2023-01-06,61,3,32,92,50,10,-12,C,3,7o0EXp7OvjKt8a847ItEDu,"Analog Africa",DENR92220001,no
201,"Kinky Love","Pale Saints",179,3B,27,2026-06-12,04:04,71,"shoegaze, dream pop","Pop, Rock","Flesh Balloon",1991-06-24,37,13,0,30,0,0,-18,C♯/D♭,4,5hUCTgttGB1eS4GJdPEQEM,"4AD",GBAFL9100116,no
202,"The Runner","Patrick Cowley",179,3B,29,2026-06-12,06:56,27,"hi-nrg, italo disco, disco, post-disco","Pop, Electronic, R&B","Afternooners",2017-10-19,63,18,84,12,0,10,-15,C♯/D♭,4,4SXirPWphrrN2oibMMM77K,"Dark Entries Records",USQY51772229,no
203,"It's Trippin' When I'm Fine - Never Released","A Certain Ratio",179,9B,73,2026-06-12,04:58,3,"post-punk, madchester, new wave, alternative dance","Electronic, Pop, Rock","acr:box",2019-05-03,77,7,70,94,10,10,-10,G,4,5eqZaRZ9jqUB0IYnbvw4Ew,"Mute",GBR8R1800810,no
204,"Winter Sun","Gaussian Curve",179,11B,36,2026-06-12,06:50,35,"ambient","Electronic, New Age","Winter Sun / Fever Dream",2024-02-20,44,78,90,26,0,10,-18,A,4,5hOyjTh2G5TuqQS1X9oGzc,"Music From Memory",NLD7H2300067,no
205,"The Most Forgotten French Boy","Dogs",179,4B,87,2026-06-12,03:36,8,"power pop, jangle pop","Pop, Rock","Short, Fast & Tight",2001-09-01,36,6,0,61,0,80,-3,G#/A♭,4,3x2qadOATyWOvMuyFsoeHo,"Hacienda 2",FR85F0100280,no
206,"There Is A God Somewhere","The Gospel Storytellers",179,11A,86,2026-06-12,04:43,8,"funk gospel","Christian, R&B","There Is A God Somewhere",2006-10-23,30,48,0,69,20,30,-6,F#/G♭ minor,4,7vwuseylrKmjz4PqA0sVlV,"TWB RECORDING COMPANY",ushm90646356,no
207,"The Seeker - Original Single A-Side Mix","The Who",179,10B,75,2026-06-12,03:12,61,"classic rock, rock","Rock","Who’s Next : Life House (Super Deluxe)",2023-09-15,31,2,0,65,0,10,-8,D,4,788cNfvhhitTb5T8GORmqj,"UMC (Universal Music Catalogue)",GBUM72204806,no
208,"Wax and Wane","Who Cares?",179,7B,24,2026-06-12,02:14,10,"","","Wax and Wane",2025-09-19,28,92,52,25,0,10,-17,F,4,2ERO32y6R5f2SMuDKMHTH5,"A Colourful Storm",DECY52500694,no
209,"Madras","Love Spirals Downwards",179,8A,79,2026-06-12,06:10,25,"dream pop, shoegaze, darkwave","Electronic, Pop, Rock","Ever",1996-01-01,39,51,87,48,0,0,-13,A minor,4,1qonmVNS6e8Ctec0iPqTqD,"Projekt Records",ushm20597412,no
210,"Jass Two","Connan Mockasin",178,12A,29,2026-06-12,03:29,0,"experimental pop, kiwi rock, neo-psychedelic, psychedelic pop","Pop, Rock","Jassbusters Two",2021-11-05,29,89,55,29,0,0,-14,C♯/D♭ minor,4,6jcJN670depPqVqcliNfaz,"Mexican Summer",QMV8L1928801,no
211,"Fold","Aaberg",178,2B,75,2026-06-12,02:28,0,"","","Heron",2017-05-27,49,58,75,47,0,10,-5,F#/G♭,4,3UkhnCJ13R4SZRnY295y03,"Elroy Tapes",QZFYX1999912,no
212,"A Light On the Mountain","David John and The Comstock Cowboys",178,9B,33,2026-06-12,02:52,0,"country christian","","Runaway Train",2011-05-31,41,74,0,46,0,10,-12,G,3,4oMwmuAQ3BTP1JgP3fxR8t,"Aztec Records",ushm21121922,no
213,"Elle m'a dit - Remastered","Jean-Marie Ragald",178,5A,83,2026-06-12,04:14,13,"zouk, kompa, kizomba","","Juste un homme (Remastered deluxe edition)",2013-11-17,62,14,0,84,0,0,-6,C minor,4,6zCpAYtnYi1qyX7q6HF45t,"Chabine Prod",FR6V82196257,no
214,"Hanko - Percussion Dub Mix","Androo",178,10A,84,2026-06-12,04:56,6,"","","Make Some Room",2020-04-07,73,26,75,93,10,0,-10,B minor,4,6nkaYbhe9u9QwR2FgYFF1i,"clubculture.ch",CH6542042030,no
215,"SECRET","Hubert Lenoir",178,3A,55,2026-06-12,03:57,0,"chanson québécoise, pop québécoise, indie québécois","Folk, Traditional Music","PICTURA DE IPSE : Musique directe",2021-09-15,74,23,0,73,10,0,-7,A#/B♭ minor,4,6dTPAtFHU6GSDisnMu9C90,"Worse Records",CALTS2100002,no
216,"Sacrifice","George Riley",178,3B,51,2026-06-12,04:35,0,"indie r&b","R&B, Rock","Sacrifice",2022-06-08,40,7,0,29,0,10,-6,C♯/D♭,4,2bxsb8jfEPGezORAyINWeg,"PLZ Make It Ruins",GB5P52200233,no
217,"Together","Misha Panfilov",178,10B,39,2026-06-12,06:34,45,"experimental jazz, ambient jazz","Easy Listening, Jazz","Days As Echoes",2020-08-28,31,82,93,47,0,10,-12,D,3,2QwZ4Sg3SXyopVMoMOpI71,"Funk Night Records",EECO32000004,no
218,"Showrooms","Sam Prekop",178,11B,45,2026-06-12,04:21,33,"post-rock","Rock","Sam Prekop",1999-02-09,37,12,82,59,0,10,-13,A,4,0k2y3MveQl3daR9d21R3qO,"Thrill Jockey",USTJ20306101,no
219,"Sade Riddim","Juls",178,12A,54,2026-06-12,02:53,35,"alté, afrobeats, afroswing, afrobeat, afropop, afro r&b, afro soul, azonto","R&B, Traditional Music, Pop, Hip Hop, Electronic","Sade Riddim",2023-01-19,78,1,80,37,10,30,-12,C♯/D♭ minor,4,7B90I1KP4WqNqMA03A0K0f,"BEEEESIDE",QZTB82283220,no
220,"America","Simon & Garfunkel",178,10B,24,2026-06-12,03:35,65,"folk rock, folk","Folk, Rock","Bookends",1968-04-03,26,55,0,28,0,0,-16,D,3,6dfhF1BDGmhM69fnCb6wSC,"Columbia",USSM16801383,no
221,"That's Fancy 3 - Remastered","Sammy Burdson",178,8A,17,2026-06-12,02:17,3,"breakbeat, krautrock, spytrack","Electronic, Rock","Soft Moods",1980-06-30,9,70,60,7,0,10,-17,A minor,5,4qxA84kJS7gC541jyW6OeX,"Sonoton Vinyl",DEB632125405,no
222,"Telepathic DNA","Soccer96",178,9A,84,2026-06-12,01:43,0,"space rock","Rock","Dopamine",2021-09-24,55,13,88,70,0,20,-8,E minor,4,4YTQyCshokMauAncOHhoOQ,"Moshi Moshi Records",GBGEY2100100,no
223,"Dust Filled Room - Remastered","Bill Fay",178,2B,39,2026-06-12,02:01,0,"baroque pop, singer-songwriter","Classical, Pop, Folk","Time Of The Last Persecution (Remastered)",1985-01-10,37,73,0,52,0,10,-13,F#/G♭,4,45qFLOpwhYqBPmqKcI12Q5,"Deram Records / Drill Music",QZNWZ2304770,no
224,"Falah","Ahmed Fakroun",178,8A,57,2026-06-12,03:34,32,"arab groove, libyan pop","R&B","Awedny",2010-07-21,73,7,6,90,10,0,-15,A minor,4,3JcVxQlgVLkjeRcIYBaMD1,"fakrounmusic",ushm21097182,no
225,"Telepathic DNA","Soccer96",178,9A,83,2026-06-12,01:43,25,"space rock","Rock","Dopamine",2021-09-24,55,13,88,66,0,20,-8,E minor,4,0wblDmcP1asUQjeYzm7bxL,"Moshi Moshi Records",GBGEY2100100,no
226,"Ballade de Melody Nelson","Serge Gainsbourg, Jane Birkin",178,11A,18,2026-06-12,02:00,43,"chanson, variété française, french pop, french jazz, french house","Folk, Traditional Music, Electronic, Jazz, Pop","Histoire de Melody Nelson",1971-01-01,36,36,1,61,0,10,-21,F#/G♭ minor,3,1wPNVQqGT9LG39nzeyzIvF,"Universal Music Division Mercury Records",FRZ037101920,no
227,"You Can't Turn Me Away","Sylvia Striplin",178,9B,62,2026-06-12,05:31,29,"post-disco","Pop, R&B","Give Me Your Love",1981-00-00,63,38,2,90,10,0,-8,G,4,1zGscdwy4qUoMhzntNh5mQ,"Expansion Records",GBNYT8000002,no
228,"VIDEO BABE","Alan Vega",178,1B,68,2026-06-12,03:17,22,"post-punk","Rock","Saturn Strip",1983-00-00,54,0,49,63,10,10,-11,B,4,4L6o6UHjjw1oIXjZsWIEe4,"Rhino/Elektra",USEE10301883,no
229,"All I Want","Tim Maia",177,6A,62,2026-06-12,03:24,30,"mpb","Latin","Disco Club",1978-01-01,53,36,0,47,10,10,-6,G minor,4,1Fxoj2yydAJV8wDWlglgAo,"WM Brazil",BRWMB9802485,no
230,"Ponta de Areia","Wayne Shorter",177,7B,37,2026-06-12,05:15,40,"hard bop, jazz, jazz ballads, bebop, cool jazz, free jazz, jazz fusion","Jazz, Easy Listening, Electronic, Rock","Native Dancer",1975-01-18,30,93,3,26,0,0,-8,F,4,2SU21YLdwyTnqJpS7Jc3lD,"Columbia/Legacy",USSM10009137,no
231,"The Loser","Derrick Harriott",177,6B,37,2026-06-12,03:37,0,"rocksteady, lovers rock, reggae, ska, roots reggae, dub","Electronic, Reggae","Psychedelic Train",1970-07-01,57,32,0,79,0,0,-10,A#/B♭,4,2hTRr2UxDJmHYXXgW89Mhx,"Trojan Records",GBAJE6700246,no
232,"Bulbs","Van Morrison",177,8B,93,2026-06-12,04:18,0,"classic rock, folk, folk rock, mellow gold, rock, singer-songwriter, soft rock","Rock, Folk","Veedon Fleece",1974-02,49,39,2,91,0,0,-5,C,4,4lLl4MNS8l5ACAcAZuUgYP,"Legacy Recordings",USQX91501285,no
233,"Long Road Ahead","Jim Ford",177,9B,72,2026-06-12,02:53,31,"cosmic american","Rock","Harlan County",1969-01-01,46,0,0,81,0,0,-6,G,4,75K59XPicKFK8NTR71Yzxf,"Varese",US3M50781706,no
234,"STOOZY - Kwake Dub Version 1","Dean Blunt",177,7A,59,2026-06-12,04:37,21,"art pop, collage pop, hypnagogic pop, uk experimental electronic","Pop, Electronic","STOOZY (Kwake Dubs)",2021-10-14,25,3,90,13,0,0,-11,D minor,5,7aWFqm13bI3c44ZMDDmKGw,"World Music",USYBL2102229,no
235,"The Seeker - Edit","The Who",177,10B,66,2026-06-12,03:10,50,"classic rock, rock","Rock","Meaty, Beaty, Big And Bouncy",1971-10-30,32,10,0,75,0,10,-12,D,4,5orygsZ5Ga0jEOvftsXqw2,"Polydor Records",GBAKW7000101,no
236,"Eyes Of A Child I","The Moody Blues",177,9B,10,2026-06-12,03:23,33,"progressive rock, art rock, psychedelic rock, baroque pop, blues","Rock, Classical, Pop, Blues","To Our Children's Children's Children",1969-11-21,18,65,0,5,0,30,-20,G,4,1PbdSg2rtFB3OSrM4sv4f0,"UMC (Universal Music Catalogue)",GBA176900170,no
237,"The sensai knows the trix [88.295 BPM]","Vegyn, Lord Apex",177,10B,63,2026-06-12,01:51,16,"idm, experimental hip hop, jazz rap","Hip Hop, Electronic, Jazz","Don't Follow Me Because I'm Lost Too!!",2022-01-26,52,66,78,8,0,10,-9,D,4,7FqYNgIfxDomqXaSEJ4frB,"PLZ Make It Ruins",GB5P52200090,no
238,"I Experienced Love","Virna Lindt",177,5B,46,2026-06-12,04:15,19,"art pop","Pop","Shiver",1984-04-28,71,10,3,87,10,10,-15,D#/E♭,4,1TBW0wmC3ojnQSIgHbM9Yd,"LTM Recordings",GBHBR0402921,no
239,"Gostar do Mundo","Sessa",177,4A,27,2026-06-12,02:21,37,"new mpb","Latin, Traditional Music","Estrela Acesa",2022-06-24,33,84,85,31,0,10,-16,F minor,4,28J9iOhEMscARiDQpDdCaq,"Mexican Summer",QMV8L2031301,no
240,"Changes","Puff",177,9B,32,2026-06-12,03:48,13,"acid rock, psychedelic rock","Rock","Mind Flowers Vol. 2-  Changes ",2009-09-09,20,57,3,14,0,10,-13,G,3,6DfAvK2q8CCbVVmivTYm9A,"Iris Music Group",USA370928346,no
241,"Do It Baby","Susan Cadogan",177,10B,70,2026-06-12,03:13,38,"lovers rock, rocksteady, reggae, ska, dub, roots reggae","Electronic, Reggae","Do It Baby",2011-09-01,49,27,2,86,0,0,-12,D,4,2xCbxVVskxFaTnnG4kkr10,"Clock Tower",GBQXA1110138,no
242,"LALELEI","LEAO",177,11B,61,2026-06-12,05:04,34,"nz alternative rock","","LALELEI",2026-05-11,42,4,4,53,0,0,-8,A,4,0jXYE1zRcDLbrCOXWFgSA6,"Noa Records",NZRI12601058,no
243,"Alpha House / Bando - A COLORS SHOW","Knucks",176,10A,53,2026-06-12,04:07,50,"uk drill, grime, uk grime, drill","Hip Hop, Electronic","Alpha House / Bando - A COLORS SHOW",2022-01-10,69,25,0,41,40,20,-10,B minor,4,6FmWimAnWnv42vW8SUdtHc,"COLORSxSTUDIOS",DEXC82100091,yes
244,"Twice (Radio Edit)","S4U",176,5B,55,2026-06-12,03:39,0,"uk r&b","Hip Hop, R&B","Twice (Radio Edit)",2016-08-26,39,0,2,12,0,20,-9,D#/E♭,4,6BK8f9l1ZK6zQhVWZLiNwI,"Limited Health",QMEZE1613257,yes
245,"Breadcrumb Trail","Slint",176,9B,44,2026-06-12,05:55,51,"post-rock, math rock, noise rock, slowcore, post-hardcore","Rock","Spiderland",1991-03-15,24,1,12,20,0,0,-17,G,3,7K8mX41Nub7AzBt1RwwE6d,"Touch and Go Records",USTG39106401,no
246,"Whale Song","Harvey Couture",176,2B,56,2026-06-12,04:51,6,"tropical music","Latin","Scellé En Cristal",2021-03-26,52,9,51,35,0,0,-7,F#/G♭,4,4fMf8CYlvqHWnKXxkqWOwf,"Leng Records",GB7RM2100017,no
247,"Turn On Your Love Light","The Human Beinz",176,11B,94,2026-06-12,02:16,25,"classic garage rock, garage rock","Rock","Nobody But Me",1968-01-01,51,38,0,69,10,0,-6,A,4,4KLxv1kzZobz0WaLj0Anrt,"Capitol Records",USCA26800356,no
248,"Mark","Alex Ho",176,9B,21,2026-06-12,07:20,16,"","","Move Through It",2021-12-10,48,90,94,20,0,10,-20,G,4,4KZttjySSVp8xumwll6u3a,"Music From Memory",NLD7H2000134,no
249,"Rain Down","a.s.o.",176,9B,81,2026-06-12,05:10,11,"trip hop, downtempo","Electronic, Hip Hop","Rain Down",2023-02-03,57,7,14,81,0,10,-9,G,4,2y61LJ6uloYRb3DVF8u0Jd,"Low Lying Records",QMFME2247575,no
250,"Om Shanti","Woo",176,7B,42,2026-06-12,02:28,23,"british experimental, fourth world","","When The Past Arrives",2013-00-00,51,84,69,51,0,10,-12,F,4,3uUyBrhWCfRGVzlHJQDjsE,"Horus Music Limited",GBLLT1901497,no
251,"E-mos","King Softy, Nita",176,8B,70,2026-06-12,03:35,16,"trip hop","Electronic, Hip Hop","INDEXOXO<3",2023-02-14,64,0,78,30,10,0,-9,C,5,22wSVfCzlVDLz765jLcHai,"INDEX:Records",QZKDK2346837,no
252,"Something Forever","Beatchild",176,11A,69,2026-06-12,03:08,16,"neo soul","R&B","Something Forever (Special Edition)",2010-00-00,71,23,1,78,10,0,-7,F#/G♭ minor,4,10uQ6THHAWqMKAFOuCNkJ0,"BBE Music",GBEQT1002131,no
253,"Joe Harper Saturday Morning (Original Stereo Mix)","Van Morrison",176,11B,56,2026-06-12,02:53,0,"classic rock, folk, folk rock, mellow gold, rock, singer-songwriter, soft rock","Rock, Folk","The Authorized Bang Collection",2017-03-24,41,72,0,73,0,10,-11,A,4,4u1X8380Je4EcRgRlyAD2i,"Legacy Recordings",USSM11703317,no
254,"Fader - Edit","Róisín Murphy",176,5A,58,2026-06-12,02:24,0,"art pop, electropop","Pop, Electronic","What Not To Do (Moodymann Remix)",2023-08-09,61,56,0,59,0,30,-8,C minor,4,17lzdE51ynrbDJDXR96h0a,"Ninja Tune",GBCFB2300404,no
255,"Eternal Life","Jonny Nash",176,2B,18,2026-06-12,04:08,35,"ambient, ambient jazz","Electronic, New Age, Easy Listening, Jazz","Point Of Entry",2023-07-21,17,26,86,3,0,10,-19,F#/G♭,3,0qVl1dXbbdqb7HfjAqYjNK,"Melody As Truth",UK6821909063,no
256,"Box Garden","Yuta Matsumura",176,6A,52,2026-06-12,05:51,0,"","","Red Ribbon",2022-09-09,34,46,26,47,0,20,-10,G minor,4,0W05LcKPisLkNHsGRzl01T,"Low Company",UKWZ62000240,no
257,"Ah Ja Ge Da Ba","The Southern University Jazz Ensemble",176,3A,36,2026-06-12,07:33,3,"free jazz","Jazz","Goes To Africa With Love",1973-06-09,39,21,0,65,0,20,-14,A#/B♭ minor,3,5Rj2WD4pv8E7lPcuNe8cR8,"Now Again Records",USA2P2323151,no
258,"Faust","Paul Williams",176,6B,69,2026-06-12,05:03,37,"","","Phantom Of The Paradise (Original Soundtrack Recording)",1974-10-01,32,19,0,48,0,50,-5,A#/B♭,4,4INWW6T86A55L3I2fjyphX,"A&M",USUM71113191,no
259,"Soundtrack Dlya Zolushki","Frunk29",176,10B,35,2026-06-12,03:31,2,"ambient","Electronic, New Age","Sequentia",2024-01-05,55,100,95,50,0,20,-13,D,4,1jnVwhWqZ9mwKXYfgIinxb,"Not Not Fun",USA2Z2301546,no
260,"Eliphas Levi - Remastered","Magma",176,4B,38,2026-06-12,11:04,19,"progressive rock, krautrock, art rock, avant-garde, jazz fusion, space rock","Rock, Classical, Jazz, Electronic","Merci (Remastered)",1984-05-01,33,98,84,27,0,0,-18,G#/A♭,3,5YpD5hNsMvJMZBCkNAhWMI,"Seventh records",FR6V88700126,no
261,"Watarase - Henrik Schwarz Version","Fumio Itabashi, Henrik Schwarz, Kuniyuki Takahashi",176,2B,55,2026-06-12,06:49,34,"lo-fi house, nu jazz, ambient","Electronic, New Age, Jazz","Watarase",2021-03-19,66,4,86,67,0,0,-15,F#/G♭,3,4JHtMHW1hT1KODX4wRqAfQ,"Studio Mule",DEU672100030,no
262,"Keep On","Kut Klose",176,12A,57,2026-06-12,03:16,50,"quiet storm, new jack swing","R&B","Surrender",1995-02-21,59,33,0,81,0,0,-11,C♯/D♭ minor,4,73didTnImzsRXLA11T3eHf,"Elektra Records",USEE10181625,no
263,"Rain Down","a.s.o., Alias Error",176,9B,82,2026-06-12,05:11,37,"trip hop, downtempo, shoegaze","Electronic, Rock, Hip Hop","a.s.o.",2023-06-02,57,6,7,84,0,10,-9,G,4,2k5ptpoWD0L0jrdGjJs6wp,"Low Lying Records",QMFME2247575,no
264,"Theme of the PCCP","ddwy",176,7B,36,2026-06-12,03:35,26,"","","Spinning Stones",2024-08-02,66,60,0,13,30,30,-13,F,4,59XIzvE1CoVV7LX8XcX2Q1,"Public Possession",DEVH21800721,no
265,"Heuldro'r Haf","ddwy",176,4A,33,2026-06-12,04:30,26,"","","Beaming Backwards",2025-07-04,39,89,91,11,0,10,-17,F minor,1,2fmQlm7Guu96Rd5HcsrgMG,"Test Pressing Recordings",UKU932581541,no
266,"Hipnose","Antonio Carlos & Jocafi",176,4B,80,2026-06-12,03:08,18,"samba, new mpb","Latin, Traditional Music","Mudei de Ideia",1971-00-00,38,44,0,88,30,30,-8,G#/A♭,4,07qoW1pVTkzMlVQEzA36vT,"Sony Music Entertainment",BRBMG7100051,no
267,"Gentle Man","The Defaulters",176,1A,39,2026-06-12,04:53,35,"","","Gentle Man b/w Disco Dennis",2022-07-14,39,81,15,44,0,10,-14,G#/A♭ minor,4,5USP709Hvu8ApaxWk8pP0v,"Numero Group",USCW61003508,no
268,"Twice - Radio Edit","S4U",176,5B,55,2026-06-12,03:39,19,"uk r&b","Hip Hop, R&B","Brazil",2016-09-30,39,0,2,12,0,20,-9,D#/E♭,4,7LM6I9niIEENpRl6WmR94c,"Limited Health",GBLFP1615881,yes
269,"Soredesho?","Go Kurosawa",176,2B,30,2026-06-12,02:28,30,"","","soft shakes",2025-09-05,43,95,56,61,0,10,-16,F#/G♭,4,3uTy1d3e0GUl5COBW6t7KS,"Guruguru Brain",TCAJW2567037,no
270,"va rara","Juana Molina",176,9A,45,2026-06-12,04:12,29,"argentine indie, electronica argentina, experimental pop, folktronica, latin folk","Rock, Electronic, Pop, Folk, Latin","DOGA",2025-11-05,54,96,54,63,0,10,-17,E minor,4,4pwTCRZjaOlXHpTLmoz3nS,"Sonamos",AR4PD2500007,no
271,"Sidan Torri","Don Leisure",176,7B,51,2026-06-12,01:30,21,"","","Tyrchu Sain",2025-02-28,44,70,0,60,0,60,-15,F,5,5dwHdQTygwi2PhrmwRbryp,"Sain (Recordiau) Cyf.",GBCFU2400095,no
272,"Aqua Marine","Santana",175,9A,49,2026-06-12,05:36,43,"blues rock, classic rock, mexican classic rock","Blues, Rock","Marathon",1979-09-01,34,7,15,40,0,0,-18,E minor,4,4IJKerTtTzpETL915UDwUE,"Columbia",USSM17900504,no
273,"My Truth - Remastered 2006","Cocteau Twins",175,11B,47,2026-06-12,04:31,0,"dream pop, shoegaze, gothic rock","Pop, Rock","Four Calender Cafe",1991-10-18,42,31,1,62,0,10,-10,A,3,15XNvZQDQqmMU1TS8Z7G59,"UMC (Universal Music Catalogue)",GBUM70601586,no
274,"Feel To Be Driven Away","China Crisis",175,3B,32,2026-06-12,02:55,20,"new wave, synthpop","Pop, Rock, Electronic","Difficult Shapes And Passive Rhythms Some People Think It's Fun To Entertain",1982-01-01,69,33,0,87,10,0,-18,C♯/D♭,4,1fbXu73HwiIpn7TRoUdCf5,"Virgin Catalogue",GBAAA8200332,no
275,"Time Machine","Chocolate Milk",175,8A,45,2026-06-12,04:34,31,"funk, post-disco","R&B, Pop","Action Speaks Louder Than Words",1975-10-14,39,9,0,62,0,30,-12,A minor,4,5KeIjgCucBbUvmJ0K4YU2n,"RCA Victor",USRC17507720,no
276,"Let Me In","Habibi",175,12B,58,2026-06-12,03:01,33,"indie surf","","Habibi",2014-01-28,56,21,10,86,0,10,-10,E,4,7voNFu2PSUXeWbFYHYz5Kj,"Habibi",USA2B1303275,no
277,"The Right to Remain Silent","Silver Jews",175,8A,35,2026-06-12,02:36,36,"alt country, anti-folk","Folk","The Natural Bridge",1996-10-01,48,84,90,61,0,10,-15,A minor,4,3jWYXvTSGEZhEaJEZYnG42,"Drag City Records",US58L0510105,no
278,"Right - Alternative Gouster Mix","David Bowie",175,8B,81,2026-06-12,04:40,30,"glam rock, art rock","Rock","Who Can I Be Now? [1974 - 1976]",2016-09-23,45,48,0,78,20,10,-12,C,4,5NOP3wYr5be1hS7XrZ91HS,"Parlophone UK",USJT11600291,no
279,"Achibaba","Les Filles de Illighadad",175,12B,31,2026-06-12,02:46,42,"gnawa","Traditional Music","Les Filles de Illighadad",2016-02-24,33,91,90,41,0,10,-14,E,3,4FrhsHylr4LzdViLyFngXZ,"Sahel Sounds",USA2P1652429,no
280,"Your Pulse","Minami Deutsch",175,3B,30,2026-06-12,05:22,34,"krautrock, space rock, neo-psychedelic, psychedelic rock","Electronic, Rock","Fortune Goodies",2022-07-15,76,57,90,24,0,0,-11,C♯/D♭,4,3FLSHTSRY09UMYVNJD41GP,"Guruguru Brain",TCAGH2274444,no
281,"Occhi Su Di Me","Robert Sandrini",175,11B,73,2026-06-12,04:11,26,"italo disco","Electronic, Pop","Occhi Su Di Me / Eyes Without A Face",2021-06-11,36,0,0,69,0,10,-11,A,4,79G1B6sFPHiA1xh4OGWtOz,"ZYX Music",DEA312100590,no
282,"For the Love of You","Simplicity",175,5A,55,2026-06-12,05:35,19,"lovers rock","Reggae","For The Love Of You",2020-03-27,64,61,0,80,0,0,-8,C minor,4,20e3m6ZMJx7T9JPz7YANcp,"Athens Of The North",GBRH31200624,no
283,"Clouds","Bruce Kaphan",175,6B,26,2026-06-12,07:24,17,"ambient","Electronic, New Age","Slider- Ambient Excursions for Pedal Steel Guitar",2005-01-01,16,96,93,4,0,10,-13,A#/B♭,3,4EM4MDa8KZT46xSzSrYvxf,"Wiggling Air Records",ushs10040401,no
284,"Forever","The Marvelettes",175,8B,43,2026-06-12,02:21,48,"motown, northern soul, doo-wop, classic soul","R&B, Pop","Playboy",1962-01-01,57,94,1,72,0,10,-7,C,3,3s2inuLbQQZ7z1GJrdlQr6,"UNI/MOTOWN",USUM70953448,no
285,"Kirikisi - Ekassa 24","Sir Victor Uwaifo",175,7B,69,2026-06-12,03:53,22,"highlife, afrobeat, fújì, afropop","R&B, Traditional Music, Pop","Sir Victor Uwaifo: Guitar Boy Superstar 1970-76",2008-02-27,59,22,0,87,0,0,-8,F,4,1QciXbPvmPDPG9nmPVHGiY,"Soundway Records Ltd",GBUQH0900086,no
286,"My Truth","Cocteau Twins",175,11B,35,2026-06-12,04:32,0,"dream pop, shoegaze, gothic rock","Pop, Rock","Four-Calendar Cafe",1993-00-00,42,25,1,57,0,10,-15,A,3,1GlhLlwrCROn3jIiRt089k,"EMI",GBF089390062,no
287,"Jungle","Jimi Hendrix",175,8A,50,2026-06-12,03:28,56,"psychedelic rock, classic rock, acid rock, blues rock","Rock, Blues","Both Sides of the Sky",2018-03-09,50,6,73,52,0,20,-12,A minor,3,4f5nUYzeUioPwNbz2mGx5S,"Legacy Recordings",USQX91702589,no
288,"Time For Livin'","Sly & The Family Stone",175,8A,62,2026-06-12,03:17,27,"funk, motown, classic soul, funk rock, soul","R&B, Rock, Pop, Blues","Small Talk",1974-07,57,20,0,81,0,0,-11,A minor,4,1oQjAXbu9xARHLpKH73N1p,"Epic/Legacy",USSM10107742,no
289,"The Black Arts","Stereolab",175,3B,45,2026-06-12,05:12,24,"art pop, krautrock, neo-psychedelic, post-rock","Pop, Electronic, Rock","Sound-Dust (Expanded Edition)",2001-00-00,27,54,2,36,0,10,-12,C♯/D♭,4,2Gl2uz1z0UIl5VPqwJ29pK,"Duophonic / Warp Records",USEE10100609,no
290,"Elle m'a dit non","Jean-Michel Caradec",175,11B,88,2026-06-12,02:00,2,"chanson, variété française, french pop","Folk, Traditional Music, Pop","La Colline Aux Coralines",2000-12-25,51,72,0,90,10,10,-5,A,4,2ZkE9DAYn1lXulGxy7fKKy,"Sony Music Media",FRV627800074,no
291,"No Me Vayas A Enganar","Tito Puente, Celia Cruz, Héctor Lavoe, Hector Casanova, Adalberto Santiago, Pete  El Conde  Rodriguez, Justi Barreto",175,7A,46,2026-06-12,03:04,24,"latin jazz, afro-cuban jazz, cha cha cha, mambo, salsa, son cubano, latin, bolero, merengue, latin dance","Jazz, Latin, Electronic","Homenaje A Beny Moré",1985-12-31,38,88,0,49,0,30,-6,D minor,4,6HAq1QMxwqXo1C3WqDVJn5,"Fania",USDBB0600387,no
292,"Days As Echoes","Misha Panfilov",175,7B,55,2026-06-12,07:57,40,"experimental jazz, ambient jazz","Easy Listening, Jazz","Days As Echoes",2020-08-28,32,36,3,33,0,10,-12,F,3,2uKM07j3bWjackCyx02M5w,"Funk Night Records",EECO32000001,no
293,"Spaced Cowboy","Sly & The Family Stone",175,9B,67,2026-06-12,03:59,31,"funk, motown, classic soul, funk rock, soul","R&B, Rock, Pop, Blues","There's a Riot Goin' On",1971-11-01,67,19,34,70,0,10,-13,G,4,170vA90PMD8UK1Vkx7G2LP,"Epic/Legacy",USSM17100404,no
294,"Say You Don't Mind","Colin Blunstone",175,11B,18,2026-06-12,03:22,37,"baroque pop","Classical, Pop","One Year",1971-03-05,35,92,0,55,0,10,-12,A,3,20mUVwCxR1x2d5SuBRGW1F,"Legacy Recordings",USSM17100362,no
295,"Nostalgia - Rhythm Version","Piero Umiliani",175,8A,36,2026-06-12,03:28,52,"exotica","Easy Listening","La ragazza fuori strada",1975-01-01,32,49,92,52,0,10,-13,A minor,4,5wDyH8jsJYgqmmvanjG39y,"Easy Tempo / Temposphere",ITH750300011,no
296,"Quiero - Remastered","Juana Molina",175,1B,33,2026-06-12,02:39,23,"argentine indie, electronica argentina, experimental pop, folktronica, latin folk","Rock, Electronic, Pop, Folk, Latin","Segundo (Remastered)",2021-06-04,59,38,0,56,0,0,-10,B,4,2i2fJZ80dAii4jEVsIwBcx,"Crammed Discs",ARF902100165,no
297,"Just Like Candy","Lida Husik, Beaumont Hannant",175,7B,89,2026-06-12,04:58,6,"art pop, idm","Pop, Electronic","Green Blue Fire",1996-03-01,72,22,89,89,10,0,-10,F,4,3rjPyHiIPHg64itjGWUGft,"Husik Musik",USCQP0696006,no
298,"Can We Still Be Friends? - 2015 Remaster","Todd Rundgren",174,4A,28,2026-06-12,03:37,51,"yacht rock, power pop, philly soul","R&B, Pop, Rock","Hermit of Mink Hollow",1978-00-00,57,75,0,32,0,0,-13,F minor,3,5MRIlJbi80rdC8mHUh5bpk,"Rhino",USRH11509620,no
299,"Right - 2016 Remaster","David Bowie",174,8B,73,2026-06-12,04:22,51,"glam rock, art rock","Rock","Young Americans (2016 Remaster)",1975-03-07,55,12,0,71,10,0,-10,C,4,7b2AMj2Lkqo1r1jZdJXTyj,"Parlophone UK",USJT11600048,no
300,"Bob the Bob","The Lounge Lizards",174,2B,24,2026-06-12,02:07,36,"free jazz, avant-garde","Classical, Jazz","Voice Of Chunk",1988-00-00,31,81,5,34,0,0,-17,F#/G♭,4,4mvTcdOP0nx50zpnnhfPdD,"Strange and Beautiful",USSBM0101201,no
301,"No Doubt - Instrumental Version","The Boulevard Connection",174,2B,31,2026-06-12,03:44,23,"underground hip hop","Hip Hop","Sut Min Pik EP",2019-04-03,79,0,86,73,0,10,-13,F#/G♭,4,7AA5G35nsprfi7gDixcm9K,"Dusted Velvet",GBKQU1930694,no
302,"Penelope Freestyle","Babyfather",174,10A,76,2026-06-12,03:42,48,"experimental hip hop","Hip Hop","419 (Remastered)",2016-11-26,72,14,0,69,30,10,-3,B minor,4,4P5Q5d9PSiRPn692YiTD5d,"World Music",USYBL1700938,yes
303,"Sunshine Baby","Clout",174,10B,88,2026-06-12,03:06,0,"classic uk pop","Pop","The Best Of Clout",2018-03-26,51,33,0,87,10,10,-8,D,4,76c3pzR9EjDuHYZ7k4HK2F,"Cloud 9 Music",NLS241800157,no
304,"SMOKING ON A BRIGHTER DAY","Cities Aviv",174,10B,64,2026-06-12,12:27,27,"experimental hip hop, cloud rap","Hip Hop","MAN PLAYS THE HORN",2022-02-04,36,1,62,47,0,40,-7,D,4,0YyZFR2QaTBXKOfd4vGDKx,"D.O.T.",QZFZ42285190,yes
305,"Pleasure Is Everything","mark william lewis",174,10A,44,2026-06-12,02:34,35,"hypnagogic pop","Electronic, Pop","Pleasure Is Everything",2022-01-17,48,67,94,33,0,0,-13,B minor,4,1mkOMJZWTrRriUbvr93q11,"Hi New Fate!",CACWV2213511,no
306,"Green Arrow","Yo La Tengo",174,6A,15,2026-06-12,05:43,51,"dream pop, slowcore","Pop, Rock","I Can Hear The Heart Beating As One",1997-04-22,18,80,83,8,0,0,-19,G minor,4,6o65Xn8X3IXf7zmxVjXDWJ,"Matador",USMTD9722210,no
307,"Bella's Lullaby (From  Twilight )","Maksym Rzemiński",174,9B,6,2026-06-12,02:08,0,"","","Inception",2015-00-00,27,99,76,5,0,0,-30,G,3,0w5ymU3obTE6hVDfMHJDDL,"DUX",PLA161412710,no
308,"When I'm in Your Arms","Cleo Sol",174,8B,46,2026-06-12,05:35,70,"neo soul, alternative r&b, uk r&b","Pop, R&B, Hip Hop","Rose in the Dark",2020-03-27,60,48,6,66,0,10,-11,C,4,47s5hKfwGXliAAB8wKMiNo,"Forever Living Originals",UKMEH2000058,no
309,"Indian Summer","Nicolay",174,6A,65,2026-06-12,03:25,25,"instrumental hip hop","","City Lights Vol. 1.5",2005-09-13,43,25,9,84,0,10,-9,G minor,4,2dhBezqzOyOVboouHxKddO,"The Foreign Exchange Music",US9FL1000067,no
310,"I Love Jamaica","Georgie Fame",174,8B,69,2026-06-12,04:02,0,"northern soul","R&B","Closing the Gap",1980-01-01,53,11,0,96,0,10,-7,C,4,4KvOmba1C5lw7bempHnKP3,"Sanctuary Records",GB5KW2203003,no
311,"Be Electric","The Qemists",174,8B,97,2026-06-12,01:28,28,"drum and bass, dubstep","Electronic","Soundsystem",2011-02-14,35,0,96,43,0,40,-3,C,4,6roINjBT4v22s9aUGi8EkW,"Ninja Tune",GBCFB1000429,no
312,"No More Teardrops","Ms Ray",174,3A,69,2026-06-12,04:05,37,"","","Wow Is Now",2020-09-18,64,2,16,96,0,10,-8,A#/B♭ minor,4,2ppnUxjlnrEjE7CbBN8dRs,"Independent",UKXN22034108,no
313,"Big Bad John","Jimmy Dean",174,4B,46,2026-06-12,03:02,59,"classic country","Country","The Best Of Jimmy Dean",2004-06-22,52,60,0,46,10,10,-13,G#/A♭,4,61uAY9xdzYiIbYJ07XvKso,"Columbia",USSM16101330,no
314,"Navy blue","Yani Martinelli",174,7A,41,2026-06-12,04:02,1,"chamber pop","","Polaris",2024-09-24,20,80,0,9,0,30,-9,D minor,3,54dlQAxz6o00HDrbuUBDo3,"Martitunes",QZWFH2483155,no
315,"Together - Live","Misha Panfilov",174,10B,13,2026-06-12,06:00,17,"experimental jazz, ambient jazz","Easy Listening, Jazz","Live In Stockholm And Tallinn",2024-09-06,27,89,91,30,0,80,-20,D,3,1ht7xtQgLqoPOw9PZz7gYe,"Funk Night Records",QZTBB2403852,no
316,"Sweet Talk","Jessie Ware",174,10A,59,2026-06-12,03:37,31,"british soul, electropop, neo soul, pop soul, uk pop","R&B, Electronic, Pop","Devotion - The Gold Edition",2013-01-01,53,29,0,24,30,10,-8,B minor,3,1pDzpGVWvb7bXVFzdqAcSS,"Universal-Island Records Ltd.",GBUM71203505,no
317,"Just Another Day...","Queen Latifah",174,9B,37,2026-06-12,04:28,38,"musicals, east coast hip hop","Hip Hop","Deeply Rooted: Juneteenth",2021-06-09,68,32,5,26,30,20,-19,G,4,0p8S3sgHlwT7m1faqiolCn,"UME - Global Clearing House",USMO10000180,no
318,"Suck","Georgie & Joe",174,10B,86,2026-06-12,03:29,8,"","","Suck",2025-03-26,52,0,72,26,0,10,-7,D,4,5z9srbJLj1siFgYOQuTiXR,"Georgie & Joe",GBRKQ2552116,no
319,"Cosmopolitan","Blueboy",174,10A,86,2026-06-12,03:03,14,"jangle pop, indie pop, dream pop","Pop, Rock","Unisex",1994-05-01,50,2,0,86,0,10,-10,B minor,4,0WdY4ZXGGzCmtSKhkyBlHl,"SARAH RECORDS",GBMFU0600462,no
320,"Feely","Stone",174,11A,61,2026-06-12,05:07,24,"trip hop, downtempo","Electronic, Hip Hop","Dream Curtain Eternally Gentle",2025-08-01,50,0,87,26,0,40,-8,F#/G♭ minor,4,4T7i4WHZskGqnPO142ysjw,"3XL",QMDA72513775,no
321,"Sound Bwoy Bureill","Smif-N-Wessun",174,11B,31,2026-06-12,04:19,43,"east coast hip hop, old school hip hop, boom bap, hip hop","Hip Hop","Dah Shinin'",1995-01-10,71,14,0,69,80,10,-14,A,4,3enjxX3aOAsFyaKeH1O9jO,"Nervous Records",USNRS0020156,yes
322,"My Baby's Got It Out For Me","a.s.o., Alias Error",174,1B,71,2026-06-12,03:48,46,"trip hop, downtempo, shoegaze","Electronic, Rock, Hip Hop","a.s.o.",2023-06-02,58,2,77,49,0,0,-8,B,4,5tS3Weg9TqWOx6Uv0K6MkL,"Low Lying Records",QM6N22327683,no
323,"Out From Outer","wing!",174,5A,92,2026-06-12,03:54,17,"trip hop","Electronic, Hip Hop","Out From Outer",2025-06-10,41,0,90,53,0,30,-6,C minor,4,2nzhqQWgSeiHPDpc3T84mt,"Memorials of Distinction",FRX202567780,no
324,"In A Second I Will Need A Second","wing!",174,3B,92,2026-06-12,05:03,14,"trip hop","Electronic, Hip Hop","MISSED IT JUST THE ONCE",2025-09-10,31,0,96,21,0,10,-7,C♯/D♭,4,16XPLosqSR3E8JvftT7aBF,"Memorials of Distinction",FRX202567781,no
325,"Cristo Redentor - Remastered","Donald Byrd",174,6A,20,2026-06-12,05:43,49,"hard bop, jazz funk, jazz, soul jazz, jazz fusion, acid jazz, bebop","Jazz, R&B, Electronic, Rock","A New Perspective (Remastered / Rudy Van Gelder Edition)",1963-00-00,26,99,94,6,0,10,-12,G minor,3,0Xfq6BeOHdzf16gk9y8a1P,"Blue Note Records",USBN29801091,no
326,"loopy","Duval Timothy, Carlos Niño",174,3B,36,2026-06-12,02:51,38,"ambient jazz, experimental jazz, ambient","Electronic, New Age, Easy Listening, Jazz","rain music",2026-05-22,25,83,85,26,0,0,-12,C♯/D♭,4,3728LRqA9Mcv3jNO0nt29D,"Carrying Colour",QZZ782698282,no
327,"Wheels Go Round","Dave James",173,10B,56,2026-06-12,04:15,6,"","","A Songwriters Offering",1995-03-14,55,17,0,52,0,0,-14,D,4,50iSXZ2M5UPuMFtxSlPYRh,"Redbrick Records Uk",uscgj1373768,no
328,"What's Good for the Goose (Dub Mix)","Omar S, Supercoolwicked",173,3B,45,2026-06-12,03:01,0,"chicago house, jazz house, lo-fi house","Electronic, Jazz","What's Good for the Goose",2021-07-04,49,25,1,63,0,20,-13,C♯/D♭,4,1tQHRyyXuil9fxNoVyEpTN,"FXHE Records",QMFME2117805,no
329,"Crown","Kendrick Lamar",173,12A,25,2026-06-12,04:24,59,"hip hop, west coast hip hop","Hip Hop","Mr. Morale & The Big Steppers",2022-05-13,36,80,0,16,0,10,-13,C♯/D♭ minor,4,4zMxWSP2qZUy5CBCH5PdzZ,"pgLang/Top Dawg Entertainment/Aftermath/Interscope Records",USUM72208979,yes
330,"Guatamalan Strange","Michael James",173,6A,48,2026-06-12,01:39,1,"acid rock, space rock","Rock","Runaway World",1978-12-12,29,15,0,35,40,30,-16,G minor,4,4l5V5PvfB7kBjYbrJE0GdS,"Universal Digital Enterprises",DEUE21835857,no
331,"What's Good for the Goose","Omar S, Supercoolwicked",173,3B,48,2026-06-12,02:27,0,"chicago house, jazz house, lo-fi house","Electronic, Jazz","What's Good for the Goose",2021-07-04,60,23,0,74,0,20,-10,C♯/D♭,4,6PRuDS2kZAn1o9TTLLm3PD,"FXHE Records",QMFME2117800,no
332,"Make a Smile for Me","Bill Withers",173,12B,6,2026-06-12,03:16,48,"soul","Blues, R&B","'Justments",1974-08-08,23,93,6,24,0,10,-19,E,3,7EiujtpJ3Ty0RcFhMHDHhZ,"Legacy Recordings",USSM10903736,no
333,"Different Language - Remastered Version","The Vision",173,6A,68,2026-06-12,03:02,3,"dub","Electronic, Reggae","10 Tracks of Reggae and Dubmusic (Remastered Version)",1987-00-00,73,4,52,97,0,0,-8,G minor,4,4Y4Bw1UK4H8cbSEwBd75JK,"Perkusson & Elektronik / Time Tools Recordings",FRX201768894,no
334,"Dolla Bill","Manson Family, Tommy Wright III",173,9B,90,2026-06-12,03:48,9,"horrorcore, southern hip hop, crunk","Hip Hop, Metal","Heltah Skeltah (Tommy Wright III Presents)",2011-09-27,82,0,0,56,20,10,-7,G,4,19c1I14vzLiHQv1M7E8vdO,"Street Smart Records",usx9p1100062,yes
335,"Let Me Roll It - 2010 Remaster","Paul McCartney, Wings",173,12B,41,2026-06-12,04:49,60,"classic rock, mellow gold, rock, soft rock, album rock, art rock, folk rock, singer-songwriter","Rock, Folk","Band On The Run",1973-12-05,34,3,0,52,0,0,-9,E,3,0mRQp2HsSqX1MZuMvonAPN,"Paul McCartney Catalog",GBCCS1000008,no
336,"I Don't Need No Reason","The Miracles",173,11A,72,2026-06-12,02:09,31,"motown, doo-wop, classic soul","R&B, Pop","Renaissance",1973-01-01,38,9,0,91,0,10,-7,F#/G♭ minor,4,0mAJIgcRcrQONMIqpmaaRs,"UNI/MOTOWN",USMO10400683,no
337,"Dark Dancing - demo","Fievel Is Glauque",173,10A,61,2026-06-12,02:03,10,"shibuya-kei","Electronic, Pop","I'm Scanning Things I Can't See / Dark Dancing",2023-08-15,64,87,53,92,0,10,-10,B minor,4,0nBl8qtK91DkT120mmYyzX,"Fat Possum",QMBZ92329157,no
338,"Give You My Lovin","Mazzy Star",173,9B,29,2026-06-12,03:50,61,"dream pop, shoegaze, slowcore","Pop, Rock","She Hangs Brightly",1990-05-21,56,74,0,35,0,10,-12,G,4,7Gwi3AOnlyXkt6yJzU3BmM,"Capitol Records",USCA29000614,no
339,"Can We Still Be Friends?","Todd Rundgren",173,5A,40,2026-06-12,03:38,42,"yacht rock, power pop, philly soul","R&B, Pop, Rock","The Very Best of Todd Rundgren",1997-07-29,57,79,0,23,0,0,-9,C minor,3,4Io9zVkAKSu7LBdUGVQFL7,"Rhino",USRH10175301,no
340,"In Summertime","Ronnie McNeir",173,1A,41,2026-06-12,02:47,38,"northern soul, classic soul","R&B","Ronnie McNeir",1972-02-01,33,39,0,61,0,10,-16,G#/A♭ minor,4,3whyiGGtwA9IWq7vsQgPMs,"RCA/Legacy",USRC10800360,no
341,"Indian Summer (Extended 12  Remix)","The Belle Stars",173,1A,78,2026-06-12,05:25,9,"new wave pop","Pop","Belle-Issima! Sweet Memories…",1981-00-00,48,8,3,76,0,40,-6,G#/A♭ minor,4,0FmqfUdSUJ6y0ZEEBf1doN,"Edsel",GBBLG8400095,no
342,"'Til I Die - Remastered 2009","The Beach Boys",173,9B,29,2026-06-12,02:33,44,"baroque pop","Classical, Pop","Surf's Up",1971-08-30,32,30,0,18,0,30,-13,G,4,2Uup75DRkJ03P91XyITXGC,"Capitol Records",USGJP1300223,no
343,"Snowfall Serenade","Volodja Brodsky",173,6B,20,2026-06-12,04:01,41,"","","Raindrops",2025-02-05,24,98,87,40,0,10,-20,A#/B♭,3,4y3GGDrMxmoPRkZoPZ7WNc,"Miraaž Records",QZDA52518376,no
344,"I Can't Let Maggie Go","Honeybus",173,5B,56,2026-06-12,02:57,37,"baroque pop","Classical, Pop","She Flies Like a Bird",2002-01-01,43,14,0,62,0,30,-11,D#/E♭,4,3bLhqYxozpCy4xmNoExQZP,"Castle Communications",GBAJE6800263,no
345,"I'd Like To Walk Around In Your Mind","Vashti Bunyan",173,8B,19,2026-06-12,02:15,52,"folk","Folk","Just Another Diamond Day",1970-00-00,21,92,0,52,0,10,-17,C,3,7dbI4g3m8A0isJVvYk2xdD,"Spinney Records",GBMZV0600066,no
346,"The Upper Way","The Violinaires",173,7B,51,2026-06-12,03:24,25,"funk gospel, traditional gospel","Christian, R&B","The Upper Way",1972-07-03,43,32,0,74,0,0,-11,F,4,7EIAECQhREak7UFB1JIQx7,"Jewel Records",QM6P41917728,no
347,"Kicked Around No More","Claus Nielsen",172,7B,69,2026-06-12,05:44,8,"","","Paul McCartney Celebration",2020-12-11,54,33,1,85,0,10,-11,F,4,7tDGaZwr1mLr8iyybn5syA,"Rooster Music",QMFME2084036,no
348,"Red Sails","China Crisis",172,11B,42,2026-06-12,04:43,27,"new wave, synthpop","Pop, Rock, Electronic","Difficult Shapes And Passive Rhythms Some People Think It's Fun To Entertain",1982-01-01,63,34,71,79,0,0,-17,A,4,14oEYAC1SFBJZyJmhKZzaY,"Virgin Catalogue",GBAAA8100361,no
349,"A Lifetime We","Robert Lamm",172,10A,53,2026-06-12,03:14,14,"aor, yacht rock","Rock, Pop","Skinny Boy 2.0",2006-01-01,45,7,0,27,10,0,-10,B minor,3,0OSqZEuw1NVqK9HvY7o1Hx,"Blue Infinity",uscgj0684666,no
350,"Art Dimension","Soma Holiday",172,2B,37,2026-06-12,04:33,16,"cold wave, synthpop","Electronic, Rock, Pop","Shake Your Molecules",1984-11-10,75,66,1,80,0,10,-17,F#/G♭,4,3W2VDfE0LBEw2gVkasI10U,"Beluga",FR92X2000060,no
351,"July!","JELEEL!",172,3A,69,2026-06-12,01:30,0,"rage rap","Hip Hop","July!",2022-01-07,68,5,0,54,0,10,-5,A#/B♭ minor,4,6cvMsuvXWdYujR9xN5qbUz,"JELEEL!",QZFYX2274637,yes
352,"Drinking in L.A.","Bran Van 3000",172,5B,71,2026-06-12,03:56,61,"cymraeg","","Glee",1997-04-01,57,6,0,66,0,0,-6,D#/E♭,4,4WEaJQLlhlkOU7YJDLhn7x,"Audiogram",CAA509814003,no
353,"Aquarius Blue","MJ Lallo",172,8A,59,2026-06-12,04:48,12,"","","Star Child",2018-02-16,62,14,89,81,0,10,-10,A minor,4,4wMkDQPkzKKDizMDta8TvQ,"Séance Centre",DEZ651720408,no
354,"See The Storm","Salty Dog",172,7A,42,2026-06-12,03:42,27,"afro psych","","Welcome To Zamrock! How Zambia's Liberation Led To a Rock Revolution, Vol. 2 (1972-1977)",2017-06-23,34,81,0,14,0,40,-9,D minor,4,6ZNQDAmGHyRvTLIS9epwAN,"Now Again Records",US2S71748010,no
355,"Delirio - DJ Python Remix","Bitter Babe, Nick León, DJ Python",172,7B,45,2026-06-12,04:58,0,"neoperreo, uk funky, dub techno, idm","Electronic","Delirio",2022-06-03,53,77,85,51,0,10,-14,F,4,1NXfZIXpI5KDltYYuATfRc,"Club Romantico distributed by Altafonte",ES71G2216654,no
356,"Olha O Menino - Nova Mixagem","Caetano Veloso",172,8A,50,2026-06-12,03:03,33,"mpb, bossa nova, samba","Jazz, Latin","Bicho (Nova Mixagem)",1977-01-01,48,6,0,77,0,20,-9,A minor,4,7iUV3SSS7nCPZ5yVEoGbFE,"Universal Music Ltda.",BRUM70601084,no
357,"Parody","Yves Tumor",172,9B,55,2026-06-12,03:06,37,"art pop, escape room, experimental pop, experimental r&b, hypnagogic pop","Pop, R&B, Electronic","Praise A Lord Who Chews But Which Does Not Consume; (Or Simply, Hot Between Worlds)",2023-03-17,35,0,16,13,0,10,-8,G,4,4oWHRC1mCSSJhNv3YoUlBc,"Warp Records",GBBPW2200173,no
358,"Daylight","RAMP",172,8B,53,2026-06-12,04:12,47,"jazz funk","Jazz, R&B","Come Into Knowledge",1977-00-00,51,56,2,59,0,10,-12,C,3,2B2MpyO86cVAVjNyBDhXYc,"Verve",USMC10400104,no
359,"Pictures Of You - Remastered","The Cure",172,11B,76,2026-06-12,07:28,68,"new wave, post-punk, gothic rock, darkwave","Electronic, Rock, Pop","Disintegration (Deluxe Edition)",1989-05-02,48,0,11,55,0,10,-6,A,4,2o49Twc3qrNMOt8gq9W06L,"UMC (Universal Music Catalogue)",GBUM71000205,no
360,"Slow","Florence Sinclair",172,4A,79,2026-06-12,01:55,0,"experimental hip hop","Hip Hop","It's a big man ting",2021-12-18,51,0,1,70,0,30,-8,F minor,4,2r8qfNBFEXlYrIpF0m31un,"Free Money",QZTAS2160755,yes
361,"I Don't Have Time To Worry","Little Anthony & The Imperials",172,5B,55,2026-06-12,03:22,14,"doo-wop, northern soul, motown","Pop, R&B","On a New Street / Hold On",1974-01-21,56,82,10,74,0,30,-13,D#/E♭,4,1sG4z7XjVxWzqpvvUK2ZSP,"AVCO Records Corp.",USAR41141001,no
362,"Po Godzinach","Pejzaż",172,11A,61,2026-06-12,04:20,21,"jazz house","Electronic, Jazz","List II",2023-11-30,59,23,83,39,0,10,-11,F#/G♭ minor,4,57BnAbOe0FXKwfhHnzwIYb,"The Very Polish Cut Outs",GBKQU2394256,no
363,"Slip","Jonny From Space",172,8A,27,2026-06-12,05:26,7,"idm","Electronic","Back Then I Didn't But Now I Do",2024-02-09,71,63,85,31,10,10,-11,A minor,4,6BD3PoVELBcntKsDroqMpR,"Incienso (EU)",USYBL2400008,no
364,"ice (feat. BAMBII)","Ragz Originale, BAMBII",172,7B,61,2026-06-12,01:54,46,"uk r&b, alté, dancehall queen","Electronic, Hip Hop, R&B","BARE SUGAR: SWEET NOTHINGS",2024-08-09,68,26,28,49,10,10,-7,F,4,0Nk3Cd1Ga9qFvUzoLHJyNi,"Ragz Originale",US38Y2412214,no
365,"Swampy","Dregs",172,9A,55,2026-06-12,06:23,27,"trip hop, downtempo","Electronic, Hip Hop","Dregs",2023-10-04,58,15,93,23,0,10,-11,E minor,4,0FKMwe7tIaVPPJDOtcYjGz,"Mud Records",AUL0N2300002,no
366,"My Thing","Wilfred Luckie",172,8B,53,2026-06-12,04:35,42,"","","My Thing b/w Wait For Me",1978-01-01,52,36,0,85,0,30,-9,C,4,2CkEWbwNtzW4a6WXIdW55E,"Numero Group",USCW61842801,no
367,"Slow","Florence Sinclair",172,4A,79,2026-06-12,01:55,38,"experimental hip hop","Hip Hop","It’s a big man ting",2021-12-18,51,0,1,70,0,30,-8,F minor,4,7kr9fOsSo2W5OZvXwrHWNI,"Free Money",QZTAS2160755,yes
368,"Back Of My Hand","Horse Vision",172,10B,85,2026-06-12,02:40,40,"","","Back Of My Hand",2025-09-24,56,3,60,59,0,0,-7,D,4,5DBpe50clTbGYnJZCIbUVG,"Many Hats Distribution",QZNWP2552106,no
369,"Waiting for That Day - Remastered","George Michael",172,8B,78,2026-06-12,04:49,55,"","","Listen Without Prejudice Vol. 1 (Remastered)",1990-09-01,62,22,0,59,0,0,-10,C,4,1fGvBYkZ6txCsWYpFSqFMJ,"Sony Music CG",GBARL1501377,no
370,"Bron-Yr-Aur - Remaster","Led Zeppelin",172,8B,29,2026-06-12,02:06,50,"classic rock, rock, hard rock, rock and roll","Rock","Physical Graffiti (Deluxe Edition)",1975-02-24,34,72,56,25,0,0,-17,C,4,5rgWj8h7lzbSmwpp0wFkXD,"Atlantic Records",USAT21300971,no
371,"Give Me Your Love (Love Song)","Curtis Mayfield",172,4A,64,2026-06-12,04:20,50,"classic soul, soul, motown, funk","R&B, Pop, Blues","Superfly: Deluxe 25th Anniversary Edition",1972-07-01,59,13,2,96,0,10,-9,F minor,4,72aE17MO1hgAziGJa6bQQe,"Rhino",USRH10282843,no
372,"Bron-Yr-Aur - Remaster","Led Zeppelin",172,8B,29,2026-06-12,02:06,43,"classic rock, rock, hard rock, rock and roll","Rock","Physical Graffiti (Remaster)",1975-02-24,34,72,56,25,0,0,-17,C,4,3xQbgu9nvQEqWSPLfNNvOf,"Atlantic Records",USAT21300971,no
373,"Save Their Souls","Bohannon",172,4B,57,2026-06-12,04:56,35,"disco, post-disco","Pop, R&B","Stop & Go",1973-00-00,52,69,20,48,10,10,-10,G#/A♭,4,3tJoMHeBbZaMYgGLJKmxyU,"Brunswick Records",USBWC2010005,no
374,"Lazy Daisy","Tara Clerkin Trio",172,7B,39,2026-06-12,04:54,40,"experimental jazz","Jazz","Lazy Daisy",2026-05-20,78,0,68,61,30,0,-14,F,4,55blUYxq9atyfCwtxvWvLG,"World of Echo",UKW3Z2600590,no
375,"Lazy Daisy","Tara Clerkin Trio",172,7B,39,2026-06-12,04:54,39,"experimental jazz","Jazz","Somewhere Good",2026-06-05,78,0,68,61,30,0,-14,F,4,4eeiBgYpKcdSeJGdNoXcIp,"World of Echo",UKW3Z2600590,no
376,"True Love Tales","Anne Clark",171,4B,59,2026-06-12,05:05,18,"new wave, ebm, darkwave, synthpop, cold wave","Electronic, Rock, Pop","Joined Up Writing/The Sitting Room",1990-01-01,64,0,9,69,0,0,-12,G#/A♭,4,1qVdPXkN4mi3B3mDiSvugD,"Virgin Records",GBAAA8400457,no
377,"Strawberry Letter 23","Shuggie Otis",171,8A,48,2026-06-12,03:59,58,"afrobeat, funk, psychedelic soul, soul","R&B, Traditional Music, Blues","Freedom Flight",1971-00-00,52,14,0,77,0,30,-13,A minor,4,4W8IEREeLldaSQyGXcZQ2I,"Epic/Legacy",USSM10104361,no
378,"Ballad For Mother Frankie White","Michael White",171,7B,36,2026-06-12,07:18,9,"free jazz, experimental jazz","Jazz","Spirit Dance",1972-01-01,18,16,0,14,0,20,-13,F,4,3rwVnCAEqHV1I9cmxyZPEx,"Verve Reissues",USUM71114840,no
379,"Lust For Loneliness","Thomas Leer",171,8A,69,2026-06-12,04:07,17,"post-punk, synthpop, cold wave, new wave, gothic rock","Electronic, Rock, Pop","Scale Of Ten",2001-01-01,64,47,8,96,0,10,-13,A minor,4,4HUliiRkMfsA3ZplXaVTwz,"Arista",GBARK0400013,no
380,"New York Grief '86","Princess Demeny",171,3B,47,2026-06-12,03:16,0,"","","New York Grief",2021-01-29,56,56,14,40,0,10,-10,C♯/D♭,4,08Z80NGo5GH08PrmVm9781,"Séance Centre",QM4TW2143680,no
381,"Velvet Underground","Jonathan Richman",171,11B,30,2026-06-12,03:27,35,"proto-punk, anti-folk","Folk, Rock","I, Jonathan",1992-01-01,48,78,0,79,0,10,-16,A,4,4wyVQMeeUTPu8DnMG9kWgJ,"Rounder Records",USRO29203604,no
382,"Friends","Barefoot Jerry",171,7A,21,2026-06-12,04:22,17,"southern rock, country rock","Country, Rock","Southern Delight/Barefoot Jerry",2010-03-29,33,72,3,25,0,10,-17,D minor,4,21QLD3NjfvmU0VwJjVE3eJ,"Pumpkin Record Productions",uscgj1005106,no
383,"How Could You Break My Heart","Bobby Womack",171,6B,96,2026-06-12,05:17,32,"soul, classic soul","R&B, Blues","Roads of Life",1979-06-02,53,36,0,56,10,40,-7,A#/B♭,4,1oAxf2uBBmikjwebJixKCJ,"Arista",USAR17900142,no
384,"Losing Time For Love","Kofi",171,3A,33,2026-06-12,04:24,28,"lovers rock, reggae, rocksteady","Reggae","Friday's Child",1994-00-00,73,47,35,81,0,0,-13,A#/B♭ minor,4,433dEsAV9bnGpQZG54gWnD,"Ariwa Sounds",USA560538212,no
385,"If I Can't Be Your Man - Remastered Version","Prince Phillip Mitchell",171,11A,71,2026-06-12,07:20,21,"northern soul, classic soul","R&B","Make It Good (Remastered & Expanded)",1978-00-00,40,69,0,74,10,0,-9,F#/G♭ minor,4,2mcnCdxij7lM6Y1ruiqKII,"Rhino Atlantic",USAT20705589,no
386,"Where Did He Come From","Sunday",171,10B,52,2026-06-12,02:53,33,"","","Sweet Soul Baby- Rare and Hard to Find Soul 45s",2021-04-04,32,56,27,82,0,20,-8,D,4,1LWbjdbqVhXmJRdktEpiUj,"LSRA",TCAFM2186921,no
387,"Sweet Revenge","Talvé",171,11A,27,2026-06-12,03:42,18,"","","Naked In The Park",2023-04-07,73,61,0,46,0,10,-14,F#/G♭ minor,4,26tQOycDDSCNoHd5yP8uHj,"Yoga Records",QZES62333934,no
388,"At Daybreak","K. Leimer",171,9B,17,2026-06-12,01:31,26,"ambient, drone, experimental","Electronic, New Age, Classical, Rock","A Period of Review (Original Recordings: 1975 - 1983)",2014-05-13,31,99,94,53,0,0,-20,G,4,35lZOF0KHqhdGryvcqBaDz,"RVNG Intl.",US6PQ1400019,no
389,"TV Adverts","The Nerves",171,9B,90,2026-06-12,02:46,28,"power pop, proto-punk","Pop, Rock","The Nerves",2009-12-07,64,3,56,66,10,0,-7,G,4,3QhJPc4dWBNmIwHqfZsKNx,"The Nerves",FR6V80032550,no
390,"In Heaven (Lady In The Radiator Song) - Live","Pixies",171,5B,75,2026-06-12,01:46,18,"alternative rock","","Complete B Sides",2001-03-05,30,2,3,12,10,90,-10,D#/E♭,4,6MTDuLvQHGf5vaQ3b3meAc,"4AD",GBAFL8800063,no
391,"Just Kissed My Baby","The Meters",171,8B,62,2026-06-12,04:43,53,"funk, soul, jazz funk","R&B, Jazz, Blues","Rejuvenation",1974-00-00,72,3,5,96,10,0,-14,C,4,1TB0dZqFRQsnf4fLLLRKQV,"Rhino/Warner Records",USRH10130759,no
392,"Morning Jungle - 2023 Remaster","Tatsuhiko Asano",171,10B,48,2026-06-12,03:13,12,"shibuya-kei, experimental jazz","Jazz, Electronic, Pop","In the wake of Doshin, the GIANT (Soundtrack album for Nintendo 64+64DD game  Doshin, the GIANT 1  2023 Remaster)",2023-01-25,28,83,93,32,0,30,-16,D,4,7GlNIaTaKhtByxHv2WfLYW,"Whereabouts Records",TCJPZ2413650,no
393,"Fluss - '82 Version / Remastered 2005","Rheingold",171,11B,73,2026-06-12,04:50,7,"neue deutsche welle, krautrock, new wave","Electronic, Rock, Pop","R. - Die Musik zum Film  Der Fan  (Remastered 2005)",1982-01-01,50,0,81,85,0,10,-11,A,4,38F4QdyQz85NBAxN7aMQMe,"Polydor",DEA340401591,no
394,"Primary","The Cure",171,11B,89,2026-06-12,03:39,53,"new wave, post-punk, gothic rock, darkwave","Electronic, Rock, Pop","Faith",1981-04-10,50,2,31,92,0,70,-7,A,4,4fnx6Wman02ryvAOqKm6iI,"UMC (Universal Music Catalogue)",GBALB8100002,no
395,"Leaving Home","Yo La Tengo",171,12B,29,2026-06-12,05:32,31,"dream pop, slowcore","Pop, Rock","Leaving Home",2024-12-06,43,42,80,15,0,10,-14,E,4,3kDyaL2JNysNRmJoQDHlHG,"Mississippi Records",QZSQG2421301,no
396,"She's Knocking on My Door","The Johnny Rocco Band",171,8B,65,2026-06-12,02:50,3,"","","Leo De Castro & Friends",2017-10-27,74,64,0,96,30,0,-10,C,4,04QV7IJcoPXDNiwGV0yYKz,"Aztec Music",AU3O01702430,no
397,"Leaving Home","Yo La Tengo",171,12B,29,2026-06-12,05:32,27,"dream pop, slowcore","Pop, Rock","Old Joy",2025-02-28,43,42,80,15,0,10,-14,E,4,0YjQxuht2CPatgu8xlUWwA,"Mississippi Records",QZSQG2421301,no
398,"Bitter Sweet Symphony - Remastered 2016","The Verve",171,11B,92,2026-06-12,05:57,68,"britpop, shoegaze","Pop, Rock","Urban Hymns (Super Deluxe / Remastered 2016)",1997-09-29,36,3,0,50,0,60,-6,A,4,0Dmao2oWlAZzIBX2Q1B5AH,"UMC (Universal Music Catalogue)",GBUM71601816,no
399,"I Mit Efterår","Anne-Tina",171,5B,72,2026-06-12,03:45,18,"dansktop","","Anne-Tina",2024-10-24,57,40,1,61,0,10,-9,D#/E♭,4,4mA5sq5oGL31But9KBg54j,"Frederiksberg Records",DEG932402664,no
400,"La-La Means I Love You","The Delfonics",171,10B,55,2026-06-12,03:23,62,"philly soul, classic soul, motown","R&B, Pop","La La Means I Love You",1968-00-00,37,68,0,62,0,10,-8,D,4,58CUIzSxNpQUFvTCd8tntH,"Buddha Records",USAR19700277,no
401,"Sweetest Touch","Gross Magic",171,7B,67,2026-06-12,03:28,12,"garage rock","Rock","Teen Jamz",2011-00-00,34,7,6,30,0,10,-5,F,4,4CWNlLaZk6c78sYpqfZqDE,"Fat Possum",USFP71125803,no
402,"Stoned And Starving","Parquet Courts",170,7B,88,2026-06-12,05:11,0,"post-punk, indie rock, garage rock","Rock","Light Up Gold",2013-01-15,24,27,88,29,0,10,-7,F,4,6CSAKVMzk60vOfG0MJMC6v,"What's Your Rupture?",USGYG0600710,no
403,"Like a Ship","Pastor T.L. Barrett and the Youth for Christ Choir",170,4B,84,2026-06-12,04:38,48,"funk gospel, classic soul","R&B, Christian","Like a Ship (Without a Sail)",1971-01-01,40,6,0,79,0,10,-8,G#/A♭,4,4Oq0AUVncfWa2rD0idz6oV,"Numero Group",USCW61003001,no
404,"Rich Girl","Daryl Hall & John Oates",170,7B,68,2026-06-12,02:22,83,"yacht rock, soft rock","Rock, Pop","Bigger Than Both Of Us",1976-08-01,57,46,0,82,10,0,-7,F,4,0qRR9d89hIS0MHRkQ0ejxX,"RCA Records Label",USRC17607760,no
405,"Protein","Jeshi, Obongjayar",170,2B,65,2026-06-12,02:55,41,"alté","Electronic, Hip Hop, R&B","Protein",2022-04-13,74,19,0,77,30,30,-6,F#/G♭,4,3PJV3HC2LogvCrS6hDs2el,"Jeshi",GBMVH2200080,yes
406,"Protein","Jeshi, Obongjayar",170,2B,65,2026-06-12,02:55,49,"alté","Electronic, Hip Hop, R&B","Universal Credit",2022-05-27,74,19,0,77,30,30,-6,F#/G♭,4,13bJjJi6Oe6u73fBcOqltB,"Jeshi",GBMVH2200080,no
407,"lost souls (with Brent Faiyaz)","Baby Keem, Brent Faiyaz",170,12A,35,2026-06-12,04:29,2,"r&b","R&B","The Melodic Blue",2021-09-22,65,49,0,18,40,10,-8,C♯/D♭ minor,4,02rdXe0KhMe8p6ZHzYtuw0,"Columbia",USSM12107536,yes
408,"Charlotte Anne","Julian Cope",170,9B,76,2026-06-12,04:53,12,"neo-psychedelic, jangle pop","Pop, Rock","The Collection",2002-01-01,50,1,14,55,0,10,-10,G,4,1hcgp1E9COjoBaMZEQjzOi,"UMC (Universal Music Catalogue)",GBAAN8800008,no
409,"Islands In The Sky","Murry Wilson",170,6A,38,2026-06-12,02:56,38,"easy listening, exotica","Easy Listening","The Many Moods Of Murry Wilson",1967-01-01,50,10,85,70,0,10,-16,G minor,4,3IgWVlQcPQEUafiWZgXJrS,"Caroline Records",USCA20806145,no
410,"November","Fred A.",170,1A,36,2026-06-12,04:41,0,"","","De Angst Voorbij",2020-02-17,68,52,9,45,0,10,-12,G#/A♭ minor,3,7FJN30guefI4hzDDvW9su7,"Stroom",BEIX81900027,no
411,"Night Walk","Junior Boys",170,7B,24,2026-06-12,04:49,0,"alternative dance","Electronic, Pop, Rock","Waiting Game",2022-10-28,65,83,90,52,0,10,-22,F,4,0r70gdhuJhad899AeEYeVw,"City Slang",DED622200045,no
412,"Tonto","Rosie Vela",170,11A,33,2026-06-12,05:40,0,"","","Zazu",1986-01-01,43,8,6,48,0,0,-17,F#/G♭ minor,3,4ldB9R0rqnBhj4T14UNCsI,"Rdeg",FR6V81286381,no
413,"Something Beautiful","Luis Alberto Spinetta",170,10A,60,2026-06-12,04:48,14,"argentine rock, latin rock, rock en español","Rock, Latin","Only Love Can Sustain",1980-00-00,69,29,0,80,0,0,-13,B minor,4,10vPyyfCOsNUmkdT0gvrvD,"Columbia/Legacy",USSM11508179,no
414,"I'm Still Waiting","Devon Russell",170,9A,50,2026-06-12,04:01,4,"rocksteady, roots reggae, lovers rock, reggae, soul jazz","Reggae, Jazz, R&B","Darker Than Blue",1993-00-00,62,23,0,61,0,0,-13,E minor,4,13SxxcVPlWJyShyz5dI5pd,"333",GBE8H0000111,no
415,"SWAGGER BACK (feat. WifiGAWD)","Cruel Santino, WiFiGawd",170,11B,65,2026-06-12,01:50,28,"alté, afrobeats, afroswing, afrobeat, afro r&b, afropop, cloud rap","R&B, Traditional Music, Pop, Hip Hop, Electronic","Subaru Boys : FINAL HEAVEN",2022-03-03,59,31,3,16,30,50,-8,A,4,48nuGdE42a3lShekpcs4ld,"Monster Boy/Interscope Records",USUG12200580,yes
416,"You Can't Blame Me","Johnson, Hawkins, Tatum & Durr",170,12A,72,2026-06-12,03:28,39,"classic soul, northern soul","R&B","You Can't Blame Me b/w Your Love Keeps Drawing Me Closer",1971-01-01,34,45,0,74,0,50,-6,C♯/D♭ minor,4,6ySblS643JLPsKPHjCfq0w,"Numero Group",USCW60400106,no
417,"The Hush","Texas",170,2A,61,2026-06-12,04:53,34,"","","The Hush",1999-05-10,50,6,17,67,0,0,-9,D#/E♭ minor,4,3gHaQTEMLnUICa5YWUFPuU,"[PIAS] Recordings Catalogue",GBF089900152,no
418,"High","ZDBT, Supercoolwicked",170,4A,69,2026-06-12,03:53,2,"ballroom vogue, miami bass","Electronic, Pop, Hip Hop","High",2022-10-14,34,0,1,21,0,10,-7,F minor,4,3lfDcWiMtaWk3oNNjY26Ur,"Specials Worldwide",USYBL2201494,no
419,"Pass on By","Charlie Rich",170,5A,37,2026-06-12,02:43,1,"classic country, traditional country","Country","I'll Shed No Tears",2014-00-00,34,51,4,57,0,20,-8,C minor,3,5WlktoOKKeR5GK0n4iwBvG,"Fat Possum",US2HK1331904,no
420,"Suro Yuama","Guy One",170,3A,52,2026-06-12,03:11,5,"indie jazz","Jazz, Pop","Suro Yuama",2014-04-28,32,1,0,42,10,0,-10,A#/B♭ minor,4,1IzybCvJX1EQ4rkOwJDJ2x,"Philophon",DESV91400001,no
421,"Harbour Arms","Richard Greenan, Mr Beatnick, Galina Juritz, bb sway",170,9B,57,2026-06-12,03:31,1,"ambient jazz, lo-fi indie, dream pop","Easy Listening, Jazz, Pop, Rock, Electronic","Harbour Arms",2023-09-08,62,14,3,54,0,0,-5,G,4,5v1OKsBet2sKU8b0iYZucq,"Kit Records",UKB9U2300086,no
422,"Through the Night","Duval Timothy",170,2B,17,2026-06-12,03:39,21,"ambient jazz","Easy Listening, Jazz","Brown Loop",2016-05-23,38,97,90,16,0,10,-21,F#/G♭,4,3dD4JfEgg9jjXUR3SFvNC9,"Carrying Colour",UKX9R2000001,no
423,"Pan over the hill","ML Buch",170,8B,44,2026-06-12,05:23,42,"","","Suntub",2023-10-27,46,41,1,23,0,0,-11,C,4,4rPX4Mo26iw9oOfxzABY5b,"15 love",USYBL2301861,no
424,"Grounds for Separation","Daryl Hall & John Oates",170,10A,70,2026-06-12,04:10,26,"yacht rock, soft rock","Rock, Pop","Daryl Hall & John Oates (The Silver Album)",1975-00-00,54,10,18,85,0,10,-9,B minor,4,4k3PbUBblw0HWufxkwmrQq,"Buddha Records",USRC17500588,no
425,"Mental [Feat. Saul Williams & Bridget Perez]","Denzel Curry, Saul Williams, Bridget Perez",170,3B,58,2026-06-12,02:26,52,"spoken word, experimental hip hop, alternative hip hop","Hip Hop, Easy Listening","Melt My Eyez See Your Future",2022-03-25,46,38,1,43,20,60,-11,C♯/D♭,4,3rMQe2is2UAxuhtFjRyYyz,"Loma Vista Recordings",USC4R2211729,yes
426,"Night Walk","Junior Boys",170,7B,24,2026-06-12,04:49,16,"alternative dance","Electronic, Pop, Rock","Waiting Game",2022-10-28,65,84,90,55,0,10,-22,F,4,7bJ6VhOYRfdSpwozte1UDE,"City Slang",DED622200045,no
427,"Wilmot","The Sabres Of Paradise",170,12B,90,2026-06-12,08:04,0,"idm, big beat","Electronic","Haunted Dancehall",1994-11-28,62,34,90,81,0,30,-7,E,4,2Ki0wIvsjKjo72Qbz2kUPk,"Warp Records",GBBPW9400119,no
428,"Glue","P.H.F.",170,11B,64,2026-06-12,03:15,0,"egg punk","Rock","I Hate Myself",2018-07-20,27,4,17,23,0,30,-6,A,4,07MLvbVrMGsjzOYjJlZFD5,"Danger Collective Records",QM4TX1878450,no
429,"Modern Dance","Lou Reed",170,11B,44,2026-06-12,04:09,26,"glam rock, proto-punk, art rock","Rock","Ecstasy",2000-01-01,35,3,0,43,0,0,-11,A,4,4ekwUZXOffhYB38taSBvUm,"Reprise",USRE19901415,no
430,"Tears Dry - Original Version","Amy Winehouse",170,12B,80,2026-06-12,04:08,66,"","","Lioness: Hidden Treasures",2011-01-01,44,31,0,43,0,10,-5,E,4,0IEGGuRHP8ylbCXausRF9p,"Universal-Island Records Ltd.",GBUM71110108,yes
431,"Malaria Fever","Chicken Curry & His Pop Percussion Orchestra",170,10A,89,2026-06-12,03:24,16,"","","Funky Chicken: Belgian Grooves From The 70's",2014-00-00,47,21,87,97,0,20,-10,B minor,4,7BEGlk4LBz9OG0tzOQlSmZ,"SDBAN",BEN581400128,no
432,"Caught by a wind - BFF remix","DJ Suzy",170,2B,56,2026-06-12,03:31,17,"","","Caught by a wind (BFF Remix)",2025-03-13,56,23,1,76,0,20,-17,F#/G♭,4,3rWhcc83PqPmQhQdYnysW8,"Kira Krash",SE5AJ2202464,no
433,"Tonto","Rosie Vela",170,11A,33,2026-06-12,05:40,0,"","","Zazu",1986-04-10,43,8,6,48,0,0,-17,F#/G♭ minor,3,56IuYhHtMl1SKzpb44Ajty,"Renaissance Records",FR6V81286381,no
434,"mira","Ruth Latin Music",170,9B,52,2026-06-12,02:08,26,"","","mira",2025-03-06,65,53,0,42,10,30,-5,G,4,4yPR1FpJFBRTKXnYNPnz13,"9443935 Records DK",QZNWV2515726,yes
435,"Waltzin' in Cycles","Misha Panfilov",170,11B,63,2026-06-12,09:48,9,"experimental jazz, ambient jazz","Easy Listening, Jazz","To Blue From Grey in May",2025-09-12,24,86,74,63,0,0,-10,A,3,4n8LNscskJASuJFAKUKct6,"Ultraääni",QZZ7S2542834,no
436,"Stars Stars","ddwy",170,9B,63,2026-06-12,04:39,37,"","","Beaming Backwards",2025-07-04,61,15,22,52,0,10,-11,G,3,4MiVbbcugKMIk59u1wGHjT,"Test Pressing Recordings",UKU932581539,no
437,"Siestas ahí","Juana Molina",170,10B,25,2026-06-12,04:30,23,"argentine indie, electronica argentina, experimental pop, folktronica, latin folk","Rock, Electronic, Pop, Folk, Latin","Siestas ahí",2025-09-25,64,88,52,31,0,0,-14,D,4,48ZuLtNLHM0I5DdmIo99YZ,"Sonamos",AR4PD2500005,no
438,"State of Independence","Donna Summer",170,12B,70,2026-06-12,05:51,50,"disco, hi-nrg","Pop, Electronic","Donna Summer",1982-07-19,75,18,6,88,10,0,-9,E,4,3mZ6PVxWBhCycZxeEJQDNs,"Crimson",USPR38202174,no
439,"Tonto","Rosie Vela",170,11A,33,2026-06-12,05:40,8,"","","Zazu",1986-04-10,43,8,6,48,0,0,-17,F#/G♭ minor,3,31b4NZVPA2osIxt2oMz8hM,"Renaissance Records",FR6V81286381,no
440,"only shallow","my bloody valentine",170,8B,64,2026-06-12,04:16,56,"shoegaze, dream pop, slowcore, noise rock","Pop, Rock","loveless",1991-11-04,14,0,84,35,0,10,-10,C,4,1KKuoYESWoUGsau6YYoEMl,"Domino Recording Co",GBCEL2000150,no
441,"siestas ahí","Juana Molina",170,10B,25,2026-06-12,04:30,36,"argentine indie, electronica argentina, experimental pop, folktronica, latin folk","Rock, Electronic, Pop, Folk, Latin","DOGA",2025-11-05,64,88,52,31,0,0,-14,D,4,5RDnvWoNADi1p9FFKSF9UH,"Sonamos",AR4PD2500005,no
442,"Butternut","Sprout House Band, Tommy Guerrero, Jack Johnson, Money Mark, Adam Topol",170,11B,47,2026-06-12,03:19,39,"surf rock","Rock","Sprout (The Soundtrack From The Surf Movie)",2004-01-01,48,17,91,26,0,0,-10,A,4,3s4dM6QU2Utg1Wcqyolz11,"Brushfire Records/Universal",USMC60500022,no