 #,Song,Artist,BPM,Camelot,Energy,Added At,Duration,Popularity,Genres,Parent Genres,Album,Album Date,Dance,Acoustic,Instrumental,Valence,Speech,Live,Loud (Db),Key,Time Signature,Spotify Track Id,Label,ISRC,Explicit
1,"My Army Of Lovers - Radio Edit","Army Of Lovers",99,1A,38,2026-06-12,03:27,39,"europop","Pop","Disco Extravaganza",1990-00-00,77,5,90,73,0,0,-17,G#/A♭ minor,4,0NG4LH836fcTHaDLUIM5ZA,"Universal Music AB",SEBFN9001020,no
2,"Garden of Life","Special Touch",99,8B,76,2026-06-12,04:11,29,"","","Garden of Life",2020-10-16,48,1,33,58,0,20,-8,C,4,5u8KIIKP5BYque28M8JvxR,"Heels & Souls Recordings",UKACT2031878,no
3,"Vibe Whoops","John Lurie",99,11A,22,2026-06-12,01:24,9,"experimental jazz","Jazz","African Swim and Manny & Lo - Two Film Scores By John Lurie",1999-00-00,73,93,83,30,0,0,-22,F#/G♭ minor,4,1jXSuEAJWCk3QIhln3JwN1,"Strange and Beautiful",USSBM0101710,no
4,"Tutti Lo Sanno","Marine Girls",99,6B,24,2026-06-12,02:22,23,"jangle pop, post-punk","Pop, Rock","Lazy Ways / Beach Paty",1983-01-01,67,30,26,90,0,0,-19,A#/B♭,4,5WWfYmXnuzS4j4WAnuFKde,"Cherry Red Records",GBBLY8100207,no
5,"You Turn Me On, I'm a Radio - arr. Liam Wade","Joni Mitchell, Joni Mitchell, arr. Liam Wade, Michelle Murray Fiertek, Michael Korman, Pablo Issa",99,5B,4,2026-06-12,03:04,15,"folk, folk rock, singer-songwriter, contemporary classical","Classical, Folk, Rock","Every Tiny Thing",2020-04-06,46,97,0,54,0,10,-17,D#/E♭,4,6svLUwvJZHSip55XavG4GP,"Albany Records",USAB12080918,no
6,"Outstanding - Original 12  Mix","The Gap Band",99,2B,48,2026-06-12,06:15,56,"funk, quiet storm","R&B","The 12  Collection And More (Funk Essentials)",1999-03-05,79,37,2,82,0,0,-12,F#/G♭,4,6korvxtUEyt590jUFOfADm,"Mercury Records",USPR38200004,no
7,"Like a Fool","Jeanette",99,8A,26,2026-06-12,03:11,12,"pop romantico","Pop","Hum...",1984-00-00,53,92,15,31,0,10,-18,A minor,4,6tZxi2jcnOw7DA3ixBrokg,"Cherry Red Records",GBBLY0802556,no
8,"Walk Around the Block","Peel Dream Magazine",99,9A,56,2026-06-12,02:00,6,"shoegaze, dream pop","Pop, Rock","Pad",2022-10-07,52,39,94,44,0,10,-13,E minor,5,5yvw30ojrRONUN7EyZb7XB,"Tough Love Records",US4TA2200107,no
9,"Law Konty","Hamid Al Shaeri",99,11A,51,2026-06-12,05:04,36,"egyptian pop","Pop","Shara",1997-12-30,69,11,1,73,0,0,-11,F#/G♭ minor,4,5gFJ2ambix570MIyLIy6Bm,"Global",EGA010532411,no
10,"Change Your Style","Renee",99,10A,77,2026-06-12,03:19,34,"nederpop","Pop","Reaching for the sky",1980-00-00,65,11,6,97,0,0,-11,B minor,4,175icxd8Eia51LIEQLE6vP,"CNR Entertainment",NLA240907357,no
11,"Fist Heart Mighty Dawn Dart","T. Rex",99,1B,57,2026-06-12,02:45,5,"glam rock, proto-punk","Rock","A Beard Of Stars (Deluxe Edition)",1970-03-13,38,46,0,60,0,10,-10,B,4,7DHaMK0532ZWsJIq6OcgQu,"UMC (Universal Music Catalogue)",GBCHM7000034,no
12,"Surf's Up","The Beach Boys",99,5A,41,2026-06-12,04:12,38,"baroque pop","Classical, Pop","The Smile Sessions",2011-01-01,34,68,0,33,0,20,-9,C minor,4,60c9YLRW2p9o0Dnc48cZoc,"Capitol Records",USCA21101829,no
13,"Love at First Sight","The Gist",99,3A,60,2026-06-12,03:43,14,"","","Underground 80s",2013-07-29,73,19,8,87,0,30,-11,A#/B♭ minor,4,7jtbXYJhwmarwEFa4mHNfR,"Cherry Red Records",GBBLY0702687,no
14,"One Mile From Heaven - Short Version","Bobb Trimble",99,10B,48,2026-06-12,04:07,28,"neo-psychedelic","Rock","Iron Curtain Innocence",1980-06-11,54,3,1,39,0,10,-14,D,4,2bum50lj2hTy1b6n3uRpjw,"Secretly Canadian",US38W0716205,no
15,"Flugzeit","G.B. Beckers",99,3B,23,2026-06-12,04:23,6,"ambient jazz","Easy Listening, Jazz","Walkman",2018-10-09,59,49,37,4,0,10,-14,C♯/D♭,4,3sI1fpadYzRcSQ4ABkuSwl,"Music From Memory",NLD7H1800040,no
16,"Take Me Back","Golden Hands",99,10A,59,2026-06-12,07:41,35,"moroccan rock","Rock","Golden Hands",1978-00-00,76,29,54,86,0,10,-10,B minor,4,65NPCgLdUS0cb0w6ZiEt8d,"SDBAN",BEN581600363,no
17,"Líneas","Los Encargados",99,11B,33,2026-06-12,03:51,27,"rock en español, argentine rock","Rock","Silencio",1986-08-23,78,17,20,70,0,10,-11,A,4,226kJo9uASJ2Nc5u05KJCr,"RCA Victor",ARF038600193,no
18,"The Madge Sessions No. 2","Fleetwood Mac",99,10A,11,2026-06-12,02:42,0,"yacht rock, classic rock, soft rock","Rock, Pop","Men of the World: The Early Years",2005-11-08,44,22,86,18,0,10,-12,B minor,3,6p34kwPhm6JQTkVagOJEf5,"Castle Communications",GBAJE9800038,no
19,"Delden Arp","B. C. Slumber",99,7B,13,2026-06-12,06:13,2,"lo-fi house","Electronic","Patch",2022-11-06,49,89,87,7,0,0,-24,F,4,4DRuubLr9akDmWAOKno8YE,"UU Tapes",QZRP52257899,no
20,"Hush Money","Blue Iverson",99,3B,80,2026-06-12,01:42,0,"experimental r&b","R&B","Hotep",2017-04-11,71,23,31,96,0,10,-8,C♯/D♭,4,0EELYhSNzV5KhzSqtn8ddt,"World Music",USYBL1700971,no
21,"Y Dyn Newydd","Eirin Peryglus",99,8B,74,2026-06-12,03:40,19,"cold wave, synthpop","Electronic, Rock, Pop","Ffrwyth Cynnar (1987-1990)",2021-12-03,56,1,27,18,0,10,-7,C,4,3dmCke8VRGICUuNtl2FU2t,"Recordiau Ofn Records",GBFGG8700002,no
22,"That's Pretty Clean - Instrumental","Sly & The Family Stone",99,5B,31,2026-06-12,04:12,20,"funk, motown, classic soul, funk rock, soul","R&B, Rock, Pop, Blues","There's A Riot Goin' On (Expanded Edition)",1971-11-20,77,8,94,66,0,10,-15,D#/E♭,4,6vjrerhomI6csr34YQkzTp,"Epic/Legacy",USSM10603286,no
23,"Way Out Of Living","Linear Movement",99,9A,62,2026-06-12,05:25,27,"cold wave, darkwave, synthpop, post-punk, ebm","Electronic, Rock, Pop","Pulse Music",1983-04-20,76,10,6,84,10,0,-11,E minor,4,2453KGzbNhlYUE4TAC6RHg,"Micrart Group",BED338300097,no
24,"Keep on Keeping On","Curtis Mayfield",99,4B,80,2026-06-12,05:08,34,"classic soul, soul, motown, funk","R&B, Pop, Blues","Roots",1971-00-00,40,21,0,73,0,30,-8,G#/A♭,4,4xWggCcJgtUWw1yxJAXZR9,"Rhino",USRH10295639,no
25,"Bye Bye Badman - Demo Remastered","The Stone Roses",99,3B,64,2026-06-12,04:03,26,"madchester, britpop, jangle pop","Pop, Rock","The Stone Roses (20th Anniversary Collector's Edition)",1989-05-03,37,82,12,47,0,40,-7,C♯/D♭,4,61HPVMfIgPAZBeemMQXzYg,"Silvertone",GBAHJ0900028,no
26,"I Believe In Miracles","Mark Capanni",99,6A,78,2026-06-12,03:02,36,"classic soul, northern soul","R&B","The Soul Of Capitol Records: Rare & Well-Done",2011-01-01,58,56,0,90,0,50,-7,G minor,4,2yXjbTKV40XLX2oCbyWz9k,"Capitol Records",USCA21002090,no
27,"Every Little Counts","New Order",99,8B,55,2026-06-12,04:28,30,"new wave, synthpop, post-punk, madchester","Rock, Pop, Electronic","Brotherhood (Collector's Edition)",1986-09-29,68,23,2,66,0,10,-12,C,4,3uJmmY9zBGV3ONk3KiMfWY,"Rhino/Warner Records",GBCRL0800401,no
28,"Lucky Fellow","Leroy Hutson",99,3A,61,2026-06-12,05:03,0,"chicago soul, classic soul, jazz funk","R&B, Jazz","Hutson",1975-01-01,63,7,1,96,0,0,-11,A#/B♭ minor,4,0C0kmH6oyKWZ5z3irsKS3D,"Acid Jazz",US2YB7567941,no
29,"Ninguém vive por mim","Sérgio Sampaio",99,8B,62,2026-06-12,03:56,38,"mpb","Latin","Tem Que Acontecer",1976-00-00,45,79,0,77,0,0,-8,C,4,3JxZ5txvSJ0OQytVMTj3SG,"WM Brazil",BRWMB0102648,no
30,"They're Back Again, Here They Come","The Cigarettes",99,8A,76,2026-06-12,03:32,15,"power pop, proto-punk","Pop, Rock","You Were So Young",2019-10-18,35,3,0,12,0,0,-13,A minor,4,79lnO7FuWSlfl85xP0zCRT,"Optic Nerve Recordings",UK7VX1800012,no
31,"Afro Cubanism","Yussef Dayes",99,7A,61,2026-06-12,02:45,43,"nu jazz, indie jazz, jazz fusion","Jazz, Pop, Electronic, Rock","Black Classical Music",2023-09-08,59,19,88,90,0,0,-11,D minor,4,56qRU9c24zWyq9Fl6nY1mv,"Brownswood Recordings",GBAYE2300246,no
32,"Was Dog a Doughnut?","Yusuf / Cat Stevens",99,12A,79,2026-06-12,04:15,26,"folk rock, folk, singer-songwriter","Folk, Rock","Izitso",1977-05-22,82,1,86,96,0,10,-11,C♯/D♭ minor,4,3b2LZsSNbPKDBNiuCXOivE,"BMG Rights Management (UK) Ltd.",GBAAN7700064,no
33,"M.P.B.","Womack & Womack",99,12A,41,2026-06-12,03:58,42,"disco","Pop","Conscience",1988-06-13,81,10,0,96,0,0,-15,C♯/D♭ minor,4,0w4QlIOtXEJEPvftQo9VSe,"Island Records",USIR28800277,no
34,"Dance Tonight","Lucy Pearl",99,3A,43,2026-06-12,03:41,64,"neo soul","R&B","Lucy Pearl",2000-05-23,79,1,0,71,0,20,-6,A#/B♭ minor,4,1TwVcKR6JojvPwBGbWZT36,"UNIDISC MUSIC INC.",CAU110013884,no
35,"Silent Partner","Weed",99,7B,54,2026-06-12,04:13,28,"shoegaze, noise rock, slowcore","Rock","Deserve",2013-09-10,26,0,70,32,0,20,-4,F,4,2vb8QdmeCbIQOmljPZ8bcK,"Couple Skate Records",QM6MZ1528098,no
36,"Love and Happiness","Al Green",99,2B,46,2026-06-12,05:07,68,"soul, classic soul, motown, soul blues","R&B, Pop, Blues","I'm Still in Love with You",1972-10-23,82,21,0,74,20,0,-11,F#/G♭,4,6SMHgPgNkhe9lneNTbgtel,"Fat Possum",US2HK0913603,no
37,"Morning","Cal Tjader",99,8A,62,2026-06-12,03:28,23,"latin jazz, afro-cuban jazz, exotica, cool jazz, jazz, brazilian jazz","Jazz, Latin, Easy Listening","Agua Dulce",2014-01-01,70,57,1,66,0,10,-9,A minor,4,757G3jMOTii6OyOsKGzKPP,"Fantasy Records",USFI87100229,no
38,"Batman","Die Radierer",99,3B,88,2026-06-12,03:28,6,"neue deutsche welle, krautrock, noise rock","Electronic, Rock, Pop","In Hollywood",1983-00-00,78,30,68,72,0,10,-7,C♯/D♭,4,7KjnUUHUao4VaWcc3N7eV2,"Tapete Records",DEU161703667,no
39,"Grass - Remastered 2001","XTC",99,12B,61,2026-06-12,03:05,38,"new wave, power pop, post-punk, jangle pop","Pop, Rock","Skylarking",1986-00-00,51,62,0,25,0,50,-9,E,4,4GpmzLeUrLirnvzjb1epVy,"Virgin Records",GBAAA0001121,no
40,"Two Heads Are Better Than One - Original 7  Version","Cube",99,7B,70,2026-06-12,03:51,33,"italo disco, hi-nrg, italo dance","Electronic, Pop","Two Heads Are Better Than One",1982-00-00,80,6,0,95,0,10,-6,F,4,2dqMSM7sfisxUlU8o3VJWS,"Nocolors",ITA891100017,no
41,"Summertime Breeze","Larry Heard",99,9A,51,2026-06-12,07:42,35,"chicago house, acid house, jazz house","Electronic, Jazz","Sceneries Not Songs, Volume 1",1994-03-01,75,1,92,30,0,10,-10,E minor,4,0Wj1liJHbn6W6ATx4Hzoqc,"Alleviated Records",US4G90400259,no
42,"Comedia","Héctor Lavoe",99,7A,28,2026-06-12,03:31,39,"salsa, merengue, son cubano, bolero","Latin, Traditional Music","Comedia",1978-01-01,30,50,0,11,0,20,-11,D minor,4,53ouAECHnwj8AV1fzXf5dk,"Fania",USDBB0600391,no
43,"Tom's Diner","Suzanne Vega, DNA",99,11A,52,2026-06-12,03:48,48,"singer-songwriter, downtempo","Electronic, Folk","Forgotten 90's Hits",2021-02-12,84,1,3,59,0,0,-9,F#/G♭ minor,4,6dL2BnMFNAcevlL6i1amiD,"UME - Global Clearing House",USAM10300195,no
44,"The Eternal Kansas City","Van Morrison",99,4B,48,2026-06-12,05:30,0,"classic rock, folk, folk rock, mellow gold, rock, singer-songwriter, soft rock","Rock, Folk","A Period of Transition",1977-04,72,45,0,75,0,20,-10,G#/A♭,4,6rHqx2IEiBNi6JSsF3FStu,"Legacy Recordings",USQX91501381,no
45,"So Close - Dub","Y'KNOW",99,3B,68,2026-06-12,04:25,0,"","","Why Now",2024-10-04,91,8,89,85,10,0,-6,C♯/D♭,4,0xlL1YJPCclafde3mrJK8T,"Spiritual World",USA2B2404026,no
46,"I'll Always Love You","94 East, Prince",99,11B,76,2026-06-12,03:49,12,"minneapolis sound","Pop, R&B","The Cookhouse Five",1975-00-00,65,11,22,94,0,0,-8,A,4,6HOSgNBzMgDZsJ4aV3dkK9,"Reo Deo",USRDX1000117,no
47,"Be There In The Morning","Renee Geyer",99,7A,74,2026-06-12,03:48,15,"nz reggae","Reggae","Back On The Street Again",2016-09-16,57,30,0,81,0,30,-10,D minor,4,3X2CkCl1fyiPoOxYjOTYwg,"WM Australia",AUWA01600262,no
48,"Plain as Your Eyes Can See","Jim Sullivan",99,9A,53,2026-06-12,02:27,25,"baroque pop","Classical, Pop","U.F.O.",1969-00-00,72,36,0,88,0,10,-12,E minor,4,522BPR3KgA8OFiqA33KeR0,"Light In The Attic",USDEA1005402,no
49,"Downtown to Vesuvio","Roy Montgomery",99,12B,32,2026-06-12,01:45,13,"post-rock, drone, space rock, neo-psychedelic","New Age, Rock","Scenes from the South Island",2019-11-29,27,91,89,33,0,10,-19,E,4,0RPNAA7TCpvy1TgtsY8Sbz,"Yellowelectric",QMBZ91951652,no
50,"Hush Money","Blue Iverson",99,3B,80,2026-06-12,01:42,48,"experimental r&b","R&B","Hotep",2017-04-11,71,23,28,96,0,10,-8,C♯/D♭,4,1fsv6wGX5rL3cwvX0ngy70,"WORLD MUSIC",USYBL1700971,no
51,"Ye Nam Nyaa","Nana Tuffour",99,6B,76,2026-06-12,06:09,0,"highlife, hiplife","Traditional Music, Hip Hop","Sansakroma",2018-09-26,75,35,0,67,0,0,-8,A#/B♭,4,549Vo9bvgBUl8Trzp5685V,"James Kwaku Tuffour Aka Nana Tuffour",ZA41S1825983,no
52,"Cala Boca Menino","João Donato",99,2B,69,2026-06-12,02:23,27,"bossa nova, brazilian jazz, samba, latin jazz","Jazz, Latin","Quem É Quem",1973-01-08,79,83,2,89,10,10,-10,F#/G♭,4,7G8XsxFlDaWLRrYPBsmRYg,"EMI Music Brasil Ltda",BREMI7300040,no
53,"Once I Had A Love - Betrock Demo","Blondie",99,12A,42,2026-06-12,03:58,12,"candy pop, new wave pop, permanent wave, power pop, rock, synthpop","Pop, Rock, Electronic","Against The Odds: 1974 - 1982",2022-08-26,75,2,0,49,0,0,-13,C♯/D♭ minor,4,0ThlvfuwBao6dPj66txLUK,"UMC (Universal Music Catalogue)",USUM72100516,no
54,"Put a Little Away","Innovations",99,7B,45,2026-06-12,03:48,43,"","","Seabird",1977-00-00,59,32,0,45,0,10,-8,F,4,0yT9wIJek4ZuMCTZA61mUc,"MAG",US6R21368724,no
55,"Kiss Them For Me - Snapper Mix","Siouxsie and the Banshees, Talvin Singh",99,6A,92,2026-06-12,06:24,25,"gothic rock, post-punk, deathrock, darkwave, new wave, cold wave, indian fusion, trip hop, world fusion","Electronic, Rock, Jazz, Pop, Hip Hop, Traditional Music","Superstition (Expanded Edition)",1991-06-10,64,35,6,81,0,0,-6,G minor,4,3hGddoWcpENXRgxD5yYfq9,"UMC (Universal Music Catalogue)",GBUM70500997,no
56,"Been Around the World (feat. The Notorious B.I.G. & Mase)","Diddy, The Notorious B.I.G., Mase",99,11A,53,2026-06-12,05:25,58,"hip hop, east coast hip hop, old school hip hop, gangster rap","Hip Hop","No Way Out",1997-00-00,82,2,0,73,20,40,-10,F#/G♭ minor,4,1siDRjAa8MdxNoCHTiiQ7B,"Bad Boy Records",USBB40580659,yes
57,"The Night We Saw The Sun","Steve Gray",99,10B,25,2026-06-12,03:48,4,"library music","Easy Listening","The Night We Saw The Sun",2019-10-04,56,94,12,24,0,10,-12,D,4,1thaxhSGMqC82BTp7TQJAz,"Malibu Public Library",US39N2308707,no
58,"Kiss Them For Me","Siouxsie and the Banshees",99,6A,95,2026-06-12,04:37,55,"gothic rock, post-punk, deathrock, darkwave, new wave, cold wave","Electronic, Rock, Pop","Superstition (Expanded Edition)",1991-06-10,60,19,1,75,0,10,-5,G minor,4,3rW0ATGLT6kOUtfsIKygyI,"UMC (Universal Music Catalogue)",GBAKW9101027,no
59,"Let's Be Quiet Together","Horses, Not Waving",99,9A,21,2026-06-12,02:49,10,"space rock, experimental, drone, ambient","Electronic, New Age, Classical, Rock","Every Dumb Thing I Ever Did",2025-11-28,37,85,55,12,0,20,-16,E minor,4,4KMjjBb62ta3zIoNcdJWYv,"Ecstatic Recordings",QT6EX2523311,no
60,"Holictave","Lianor",99,7B,57,2026-06-12,03:01,4,"","","come meet me at Buisson Road",2025-04-25,76,20,59,69,0,10,-7,F,4,0EIiwkDFw5ejmuZCq2F2wX,"Lianor Music",FRPGB2430380,no
61,"Happy Talk","Captain Sensible",99,3B,49,2026-06-12,03:31,34,"","","Women & Captains First",1982-01-01,72,11,0,78,0,0,-7,C♯/D♭,4,6ATtS62ndeGkkWdFodHKD3,"UMC (Universal Music Catalogue)",GBAAM8201046,no
62,"You Left Me Sore - 2015 Remaster","Todd Rundgren",99,10B,41,2026-06-12,03:13,30,"yacht rock, power pop, philly soul","R&B, Pop, Rock","Something / Anything?",1972-00-00,60,24,0,71,0,30,-13,D,4,7cTqXJPsmp2ekeh5Tk7WEE,"Rhino",USRH11509539,no
63,"Black Sheep Blues","Tommy Guerrero",99,3B,70,2026-06-12,03:28,34,"afrobeat","R&B, Traditional Music","Loose Grooves and Bastard Blues",1997-03-01,82,81,84,80,0,10,-6,C♯/D♭,4,6AUX8FEUpfnm4tMUdTV0k2,"Tommy Guerrero",US75M1701875,no
64,"Tired of Being Alone","Al Green",98,9B,40,2026-06-12,02:52,74,"soul, classic soul, motown, soul blues","R&B, Pop, Blues","Gets Next to You",1971-08-14,77,34,1,62,0,0,-9,G,4,10vkYRKw6Jjr7try1ir50G,"Fat Possum",US2HK0914104,no
65,"Spring","Saint Etienne",98,4A,53,2026-06-12,03:43,63,"madchester, britpop, alternative dance","Electronic, Pop, Rock","Foxbase Alpha",1992-01-10,59,0,0,51,0,10,-14,F minor,4,2caDMtjF01GlxCU7yHUdhu,"WM Japan",USWB19903898,no
66,"Seen and Not Seen - 2005 Remaster","Talking Heads",98,10B,75,2026-06-12,03:24,44,"new wave, post-punk","Pop, Rock","Remain in Light (Deluxe Version)",1980-10-08,77,11,91,79,0,0,-10,D,4,58uyNQ2aC329uLMZpU9Ptz,"Rhino/Warner Records",USWB10502871,no
67,"Up High","Sandy Davis",98,10B,75,2026-06-12,04:06,0,"","","Inside Every Fat Man",2022-02-16,65,28,89,88,0,10,-13,D,4,5KBYfmcHSdlwwcPT01Y9tc,"3600223 Records DK",QZDA52204987,no
68,"Janitor","Suburban Lawns",98,11B,61,2026-06-12,02:31,40,"egg punk, post-punk, new wave","Rock, Pop","Suburban Lawns",1981-01-01,66,21,0,62,10,0,-11,A,4,4qIrNr9OnHrQhpODZcmulH,"I.R.S. Records",USCA20706597,no
69,"Nisyan","Ahmed Fakroun",98,12B,32,2026-06-12,04:17,43,"arab groove, libyan pop","R&B, Pop","Compilation",2010-10-07,87,19,1,92,10,0,-16,E,4,67OOgbV2tnbkMjWSgIrWMx,"fakrounmusic",ushm91060873,no
70,"Wind Parade","Donald Byrd",98,7A,68,2026-06-12,06:09,45,"hard bop, jazz funk, jazz, soul jazz, jazz fusion, acid jazz, bebop","Jazz, R&B, Electronic, Rock","Places And Spaces",1975-00-00,58,44,1,61,0,0,-10,D minor,4,4okz1TH0GeLw3J51pNRDGd,"Blue Note Records",USBN29200088,no
71,"Call","Blastah",98,3B,18,2026-06-12,02:46,2,"neoperreo","Electronic, Latin","Forever",2022-04-01,67,37,90,11,0,10,-15,C♯/D♭,4,7fa7e9EpW3BElJStq9wlVl,"worldwide unlimited",UK8261900875,no
72,"Virus","Jamie Jay",98,4B,55,2026-06-12,03:20,0,"","","Virus",2022-01-18,61,60,0,51,10,10,-7,G#/A♭,4,6pv6jAWLPDbZPE8Z2WZwgX,"D'Block Empire",QZFYZ2292685,no
73,"I Don't Know What To Do With Myself","Tim Maia",98,3B,65,2026-06-12,03:41,42,"mpb","Latin","Tim Maia 1971",1971-01-04,56,19,0,82,10,20,-9,C♯/D♭,4,4CME8JhV8BhSIuW8171O9V,"Universal Music Ltda.",BRMCA7100044,no
74,"Mr Calico","Scribble",98,7B,19,2026-06-12,04:29,13,"","","Scribble",2009-03-25,69,87,0,29,0,10,-15,F,4,32Ij3kmMmbgwGXmWSF4jhm,"ozmo music",AUV401439740,no
75,"Closed Place, Open World","Slauson Malone 1",98,1A,43,2026-06-12,02:43,4,"experimental hip hop, plunderphonics","Hip Hop, Electronic","Closed Place, Open World",2018-06-12,49,91,89,52,10,10,-12,G#/A♭ minor,4,6CzIvlUbwqnsxjLzCbeyU4,"Grand Closing",QZES61971268,no
76,"Blurry","RIP Swirl",98,4B,59,2026-06-12,02:40,36,"shoegaze","Rock","Blurry",2022-02-25,69,37,73,6,0,10,-10,G#/A♭,4,7hGV92GvXeTBJ41xBwLwnk,"Public Possession",DEVH21800418,no
77,"Find It In Your Eyes","The System",98,8A,72,2026-06-12,04:34,44,"","","The System EP",2016-11-24,46,7,6,17,0,10,-10,A minor,4,7BwF1DaJUdV1ardFi0iEfi,"Music From Memory",NLD7H1600050,no
78,"Exit","The Suspects",98,11B,96,2026-06-12,02:50,0,"modern blues, hardcore punk","Rock, Blues","Voice of America",2016-08-19,25,0,74,7,20,10,-6,A,4,0eox1LXxw3wlphwu3mfb59,"Grave Mistake Records",USA2P1683283,no
79,"Chord Simple","Broadcast",98,4B,47,2026-06-12,04:38,0,"dream pop, neo-psychedelic","Pop, Rock","Come On Let's Go",2000-05-22,53,0,93,4,0,0,-15,G#/A♭,4,4rBIaqTTojFofyBjGu9McO,"Warp Records",GBBPW0000047,no
80,"Heart of the City","Larry Chernicoff",98,11A,52,2026-06-12,08:36,8,"musique concrète","","Gallery of Air",2018-06-08,57,71,53,14,0,10,-9,F#/G♭ minor,4,6Y5l3C776ULthk1OsT173j,"Incidental Music",QZFYZ2063202,no
81,"Elipse of Flowers","Psychic TV",98,8B,32,2026-06-12,10:58,16,"industrial, acid house, neofolk, post-punk, avant-garde","Electronic, Classical, Jazz, Rock, Folk","Themes 2",2013-06-10,40,82,89,50,0,50,-18,C,4,1ySYxDkRGvEH0ERwVpHFYX,"Cold Spring",QMFME1354541,no
82,"The Downtown Lights","The Blue Nile",98,12B,70,2026-06-12,06:31,55,"art rock, synthpop","Rock, Electronic, Pop","Hats",1989-00-00,56,32,0,44,0,10,-7,E,4,38TMvbDxQCQJm9nzHqmpiK,"Confetti Records",GBAAA1200709,no
83,"Getting Closer","Lewsberg",98,10A,54,2026-06-12,03:40,1,"crank wave, dutch indie rock, rotterdam indie","Electronic, Rock","In Your Hands",2021-10-29,69,34,91,51,0,10,-14,B minor,4,2bIQ3AcOR8iJET9rjPenwZ,"Lewsberg Records",NLV4K2100004,no
84,"Robinson Crusoe","The Art Of Noise",98,8A,26,2026-06-12,03:48,43,"synthpop","Electronic, Pop","Below the Waste",1989-09-04,71,9,91,57,0,10,-16,A minor,3,0JgU7cgt7M4SQUBchENA9C,"Rhino",GBAHS0200312,no
85,"Treasures in the World, Pt. 1","Tony Benjamin",98,3B,37,2026-06-12,03:34,14,"lovers rock, roots reggae, dub","Electronic, Reggae","Ariwa Soul",2020-12-18,77,5,0,72,0,10,-16,C♯/D♭,4,1vJb3BnN2VCGu0DZtRIHF8,"Ariwa Sounds Ltd",QMFMF2021134,no
86,"Touch the Sky","Mr. Fingers",98,3A,41,2026-06-12,05:27,18,"chicago house, acid house, jazz house","Electronic, Jazz","Around the Sun pt.1",2022-05-20,66,0,50,61,0,10,-16,A#/B♭ minor,4,1pgrrs0vZAHlUk5AtMPEwZ,"Alleviated Records",US4G92100680,no
87,"100 Moons - 2022 Remaster","Steve Tibbetts",98,4A,13,2026-06-12,03:46,1,"ambient jazz","Easy Listening, Jazz","Hellbound Train: An Anthology",2022-07-01,67,80,92,48,0,10,-23,F minor,4,2UHlGz1dCl4KZabVXvj53Q,"ECM Records",DEB332165705,no
88,"Cardiocleptomanie (Remastered)","Pas De Deux",98,7B,51,2026-06-12,03:01,26,"cold wave","Electronic, Rock","The Complete Collection",2019-12-08,71,51,20,39,0,10,-10,F,4,3y3AYzmj8DSmExl3DTzMBb,"Pas De Disx",BEV981900010,no
89,"Rupert Writes a Rainbow","Brunnen",98,8B,21,2026-06-12,04:20,3,"","","The Beekeeper's Dream (2014 Remaster)",2014-02-03,39,96,89,5,0,10,-18,C,4,3LTTdvEtd7qVagJ8MRcIcn,"KormDigitaal",NLGJ30902306,no
90,"Venise - Early Version","Martin Rev",98,8B,52,2026-06-12,06:17,15,"no wave","Rock","3 Raw Takes",2020-12-04,84,40,92,60,0,10,-11,C,4,6dvTm06vo2MLMaowZOGxBL,"Sähkö Recordings",FISRG2000020,no
91,"All Night Long","Mary Jane Girls",98,5A,30,2026-06-12,05:33,53,"post-disco, funk","R&B, Pop","Mary Jane Girls",1983-01-01,84,14,8,92,0,10,-15,C minor,4,62ubbkWAhTOftwgRjHS1UH,"UNI/MOTOWN",USUM70600243,no
92,"Seen and Not Seen","Talking Heads",98,10B,62,2026-06-12,03:24,39,"new wave, post-punk","Pop, Rock","Remain in Light",1980-10-08,78,14,66,86,0,0,-18,D,4,7dq6icAlynpBD6MSrXKh3A,"Warner Records",USWB10101203,no
93,"Georgy Porgy","Dwight Druick",98,9A,68,2026-06-12,05:46,0,"","","Tanger",1980-00-00,54,16,0,96,0,0,-10,E minor,4,7Ij1K8fW18tYfIkvstcSqg,"Favorite Recordings",CA7Z28000006,no
94,"Just Like a Baby","Sly & The Family Stone",98,6B,40,2026-06-12,05:11,33,"funk, motown, classic soul, funk rock, soul","R&B, Rock, Pop, Blues","There's A Riot Goin' On (Expanded Edition)",1971-11-20,84,1,36,47,0,0,-13,A#/B♭,1,6Omb07SkH7gZzYkNKf1iRh,"Epic/Legacy",USSM17100396,no
95,"Vale ena pothri","Chris Creed, Dj Xquze, Zoren",98,8A,89,2026-06-12,03:38,1,"","","XNX Limited Edition",2012-06-11,70,15,0,69,0,10,-4,A minor,4,0nZ8gO9YhmkwNgniTCVZsA,"Hood Branded Music Group",QZHN32163191,yes
96,"Another Door","Carly Simon",98,10B,38,2026-06-12,03:20,10,"classic rock, folk, folk rock, mellow gold, singer-songwriter, soft rock","Rock, Folk","Carly Simon",1971-03,47,68,0,53,0,20,-14,D,4,4Nx0gnK1tt9DmULehRycjj,"Rhino/Elektra",USEE10180310,no
97,"Married Life","Thony Shorby Nwenyi",98,3A,48,2026-06-12,06:42,10,"highlife","Traditional Music","Sweet Funk Music",2012-03-04,59,0,0,29,10,30,-14,A#/B♭ minor,4,59PJMojRTHSp6rkmnosP94,"Melody Sound",USA371662875,no
98,"Koultans","Frantz Tuernal",98,3B,55,2026-06-12,05:56,16,"","","Theme From 'It's All Gone Pearshaped' / Koultans",2022-11-04,75,70,34,72,0,0,-11,C♯/D♭,4,6svZk8939gwsIxO7LDn9vo,"Melodies International",UK9AV2201551,no
99,"The Jones","Various Artists",98,3A,73,2026-06-12,06:28,7,"","","Steppin Across The U.S.A, Volume 2",2004-01-13,66,2,0,42,0,10,-7,A#/B♭ minor,4,7hpaDti3NoiN41N4BRcRsP,"Steppin Muzak Records",USA560318091,no
100,"I'm Still in Love with You","Al Green",98,8B,39,2026-06-12,03:11,60,"soul, classic soul, motown, soul blues","R&B, Pop, Blues","I'm Still in Love with You",1972-10-23,71,16,0,79,0,0,-10,C,4,2GEDd9qtGXU7IvGgqTF6Uj,"Fat Possum",US2HK0913601,no
101,"You Are Delicious","Mave & Dave",98,7A,44,2026-06-12,04:39,43,"","","Mr Bongo Record Club, Vol. 5",2022-04-08,74,39,30,97,0,10,-12,D minor,4,2Kh7G0V8WDYwgaUNg7gN6F,"Mr Bongo",GBCLQ2100359,no
102,"The Emperor","Donald Byrd",98,8B,69,2026-06-12,15:14,24,"hard bop, jazz funk, jazz, soul jazz, jazz fusion, acid jazz, bebop","Jazz, R&B, Electronic, Rock","Ethiopian Knights",1972-00-00,60,39,89,97,0,40,-13,C,4,0FfxiP97Bj0tT5WcEiwmDo,"Blue Note Records",USBN29700395,no
103,"Posh Spice","Yakub",98,5A,40,2026-06-12,02:37,17,"","","Posh Spice / Glamorous death is his destination",2023-01-09,52,87,1,95,0,10,-13,C minor,4,2qUgPJCZ2ByWr7CtuJ5fmZ,"WORLD MUSIC",UKQNV2300006,no
104,"ricochet","Lil Ugly Mane",98,3B,39,2026-06-12,02:10,22,"experimental hip hop, cloud rap, plunderphonics, neo-psychedelic, southern hip hop, horrorcore","Hip Hop, Metal, Rock, Electronic","ricochet",2023-01-09,52,96,89,64,0,10,-11,C♯/D♭,4,0j65Q99B9HoOQAj4gLUMYz,"computer disputer",QZFYY2385821,no
105,"Reduction","Material",98,9B,30,2026-06-12,05:32,0,"post-disco","Pop, R&B","Secret Life",1986-00-00,83,0,78,67,0,30,-18,G,4,4aYftYXA5SzdTUnX3q9cb2,"Jungle Records",GBCST8021102,no
106,"Man Up In The Sky","Barrett Strong",98,5B,78,2026-06-12,04:10,11,"motown, northern soul, classic soul","R&B, Pop","Capitol Disco",2007-06-08,62,37,0,85,0,30,-10,D#/E♭,4,7uAs87saED5AZwouPXGx3N,"Parlophone UK",USCA20703182,no
107,"Water Slide","Stimulator Jones",98,4B,64,2026-06-12,02:36,34,"synth funk","Electronic, R&B","Exotic Worlds and Masterful Treasures",2018-04-27,80,3,29,49,0,0,-6,G#/A♭,4,64lpVs96RjlybHiwAgb0HL,"Stones Throw Records",US2S71894001,no
108,"Oba, Lá Vem Ela","Jorge Ben Jor, Trio Mocoto",98,8B,62,2026-06-12,04:12,65,"mpb, bossa nova, samba, brazilian jazz","Jazz, Latin","Força Bruta",1970-01-12,50,64,0,52,0,50,-7,C,4,6MCaOLDl0epJPRN76H5S4N,"Universal Music Ltda.",BRPGD7000076,no
109,"Andalucia","John Cale",98,7B,25,2026-06-12,03:54,0,"art rock, baroque pop, proto-punk, singer-songwriter","Rock, Classical, Pop, Folk","Paris 1919",1973-02-25,52,91,14,34,0,10,-17,F,4,5E2CoOxdJsOLeRoyfujlRn,"Domino Recording Co",USWB10201204,no
110,"Carolina","Aquarius",98,1A,10,2026-06-12,03:10,0,"j-rap, choral, minimalism","Classical, Hip Hop","Brazil Bossa",2022-11-22,40,89,0,18,0,20,-17,G#/A♭ minor,4,1k0BUgtIpEen8kbiuOMOXd,"THR Records",QM6P41490517,no
111,"Kaszio plus 1","I:Cube",98,5A,48,2026-06-12,03:45,12,"french house","Electronic","Eye cube",2023-02-24,67,4,6,80,0,0,-11,C minor,4,4JnrhvfqUIi0v1Vf1z9wVp,"Versatile Records",FR08Q2300005,no
112,"Dazzle You","Dazzle",98,3A,80,2026-06-12,04:43,18,"post-disco","Pop, R&B","Soul Sisters",1989-03-04,65,11,0,96,0,10,-9,A#/B♭ minor,4,6plBWdwyCc2ejhkTPCch6D,"2870587 Records DK",QZDA62161243,no
113,"Pero Tú Vendras","Los Magnéticos",98,4A,42,2026-06-12,03:52,6,"spanish indie pop","Pop, Rock","Grupo los Magneticos",1980-02-12,45,63,46,68,0,10,-10,F minor,4,4nJWXBYmIZ4fVZPZSUTXOt,"Alegria Music Latino",QMFME1924168,no
114,"Same","Smith & Mighty, Tammy Payne",98,3B,50,2026-06-12,06:25,2,"trip hop, dub, downtempo, jungle, acid jazz","Jazz, Electronic, Reggae, Hip Hop","DJ-Kicks (Smith & Mighty)",1998-03-09,53,2,2,21,0,0,-15,C♯/D♭,4,7tMEQzNUXq6y9U0gulfglT,"!K7 Records",DEG939600134,no
115,"Wake Up Everybody (feat. Teddy Pendergrass)","Harold Melvin & The Blue Notes, Teddy Pendergrass",98,2B,64,2026-06-12,07:32,58,"philly soul, classic soul, motown, soul, quiet storm","R&B, Pop, Blues","Wake Up Everybody (feat. Teddy Pendergrass)",1975-11-01,56,43,0,63,0,20,-8,F#/G♭,4,5kQ2ZEav7TgUoLSLrm7h8S,"Philadelphia International Records/Epic/Legacy",USPH37500003,no
116,"Just Like a Baby","Sly & The Family Stone",98,6B,40,2026-06-12,05:13,37,"funk, motown, classic soul, funk rock, soul","R&B, Rock, Pop, Blues","There's a Riot Goin' On",1971-11-01,84,1,36,47,0,0,-13,A#/B♭,1,1aPFLpNNczxjY34qdKVJLg,"Epic/Legacy",USSM17100396,no
117,"Heaps Of Sheeps","Robert Wyatt",98,3B,69,2026-06-12,04:56,33,"art rock, progressive rock, experimental, krautrock","Rock, Classical, Electronic","Shleep",1997-00-00,54,39,9,43,0,0,-10,C♯/D♭,4,4pBunzbKdk4pUKZ1ao6lj8,"Domino Recording Co",GBCEL0800656,no
118,"Altered States","Freak Heat Waves",98,10B,28,2026-06-12,03:19,27,"canadian post-punk, victoria bc indie","Rock","Mondo Tempo",2023-07-12,78,64,77,33,0,10,-13,D,4,2D2RUSaHBwi1px0iugjtx6,"Mood Hut",USYBL2301059,no
119,"Cavalo-Ferro","Quarteto Em Cy",98,9B,65,2026-06-12,02:21,39,"bossa nova, mpb, brazilian jazz, samba","Jazz, Latin","Quarteto Em Cy",1972-03-01,51,4,0,27,0,20,-8,G,4,1FXKZzkGXEebSQj9atwZcC,"Universal Music Ltda.",BREMI7200297,no
120,"Broken Heart Still Beats","Ms Ray",98,9B,55,2026-06-12,04:09,32,"","","Broken Heart Still Beats",2023-07-21,83,38,35,71,0,0,-5,G,4,5OLy0W4eP0YiRXsS7ICTk3,"Pacifico Digital",QZAKB2344288,no
121,"Gimme Some More","Labi Siffre",98,4A,70,2026-06-12,02:54,45,"classic uk pop","Pop","Crying Laughing Loving Lying",1972-00-00,75,43,16,97,0,10,-11,F minor,4,6VBoIw0kxcNgXDwNOTNXKn,"Edsel",GB01A0600038,no
122,"You're the One I Love - C & J Mix","Shola Ama",98,3A,82,2026-06-12,04:14,22,"uk garage, uk funky, uk r&b","Electronic, Hip Hop, R&B","You Might Need Somebody",2020-06-12,77,3,0,89,0,0,-3,A#/B♭ minor,4,1Drx16tqHIiM4HFG48reDg,"Warner Music Group - X5 Music Group",GBAHT0200461,no
123,"Tokai","Taeko Onuki",98,4A,75,2026-06-12,05:10,58,"city pop, shibuya-kei","Pop, Electronic","SUNSHOWER",1977-07-25,62,54,0,76,0,10,-8,F minor,4,1SmwJJ8YVgiXtyE6elhUx1,"NIPPON CROWN CO., Ltd",JPCR07700360,no
124,"I Ain't Been Licked","Diana Ross",98,5B,83,2026-06-12,04:09,33,"motown, disco","Pop, R&B","The Boss (Expanded Edition)",1979-05-23,71,32,0,93,0,0,-5,D#/E♭,4,4k83j55ZUm11dOAGuyTBZj,"Motown",USMO17984676,no
125,"That's the Way I Feel About Cha","Aretha Franklin",98,6B,51,2026-06-12,07:08,20,"soul, motown, classic soul","R&B, Pop, Blues","Hey Now Hey (The Other Side Of The Sky)",1973-06-25,58,61,0,52,0,0,-8,A#/B♭,3,4aDdBbHS7JPSyIgttaxCni,"Rhino Atlantic",USAT20801238,no
126,"Cause You Love Me Baby","Deniece Williams",98,4B,49,2026-06-12,04:07,36,"contemporary r&b, disco, funk, motown, post-disco, quiet storm, soul, urban contemporary","R&B, Pop, Blues, Hip Hop","This Is Niecy (Expanded Edition)",1976-08-13,64,43,0,74,0,20,-11,G#/A♭,4,7p3taLAWtQpFwMfDFAVYUy,"Columbia",USSM19912798,no
127,"Theme from Netto","Happy Mondays, Stevie Stanley",98,8B,57,2026-06-12,04:11,18,"madchester, britpop, alternative dance","Electronic, Pop, Rock","...Yes Please",1992-01-01,73,4,85,92,0,30,-8,C,4,4orV9lcEUp6X3ZkdJfclPZ,"London Music Stream",GBAAP9500359,no
128,"Hallelujah - Maccoll Mix","Happy Mondays, Steve Lillywhite",98,7A,87,2026-06-12,02:40,24,"madchester, britpop, alternative dance","Electronic, Pop, Rock","Hallelujah",1993-01-01,48,0,0,82,0,30,-11,D minor,4,3WyEW4LAfJXBFOmBmNjG7V,"London Music Stream",GBAAP9500442,no
129,"IRL","Sonny Ism",98,6A,74,2026-06-12,03:39,0,"","","Dad Zone",2023-12-14,71,5,9,60,0,10,-8,G minor,4,3Q1gNrBsmzInwcYuSwaHu9,"Northern Underground Records",QMFMF2369754,no
130,"(You Caught Me) Smilin' - Single Version","Sly & The Family Stone",98,9B,55,2026-06-12,02:56,33,"funk, motown, classic soul, funk rock, soul","R&B, Rock, Pop, Blues","There's a Riot Goin' On",1971-11-01,78,36,0,59,0,0,-11,G,4,2Q2RWHHUWlrOcot38Q3OPI,"Epic/Legacy",USSM17100402,no
131,"Faded Lady (Instrumental)","S.S.O.",98,8A,56,2026-06-12,02:25,39,"","","Funky Chimes : Belgian Grooves From The 70's",2017-00-00,63,2,69,79,0,20,-9,A minor,4,2Up94diZJ1oZ4yonGBGipj,"SDBAN",BEB017688802,no
132,"N Dey Say","Nelly",98,8B,72,2026-06-12,03:37,38,"dance pop, gangster rap, hip hop, pop rap, rap, st louis rap, urban contemporary","Electronic, Pop, Hip Hop, R&B","Sweatsuit",2005-11-22,86,26,0,70,0,10,-4,C,4,1MhwOqjMmvRsFdwxBGS3II,"Motown",USUR10400812,no
133,"That's The Way Love Goes","Janet Jackson",98,7B,70,2026-06-12,04:25,71,"new jack swing","R&B","Janet",1993-05-18,70,30,47,58,0,0,-7,F,4,29rQJydAlO0uMyWvRIZxQg,"Virgin Records",GBAAA9300170,no
134,"Dai Vetri","Mickeranno",98,9B,33,2026-06-12,02:39,5,"","","European Primitive Guitar (1974-1987)",2024-01-26,28,96,2,5,0,30,-13,G,4,2G8i7bM15uX6BKU46dSLWK,"NTS",QMFMG2302724,no
135,"I'm Believing In Love Again","Maureen Mason",98,10A,70,2026-06-12,04:08,9,"","","I'm Believing In Love Again b/w If This Is A Dream",2021-01-15,67,2,0,92,0,20,-10,B minor,4,0JtlGHnIKtxmISfB9EbfXG,"Numero Group",USCW62123109,no
136,"Searching the Circle","Barbara & Ernie",98,8A,36,2026-06-12,04:32,18,"baroque pop","Classical, Pop","Prelude To...",1971-00-00,38,69,0,69,0,60,-18,A minor,4,2dKINgZ0d4mETmLX3vXe5g,"Rhino Atlantic",USAT21000511,no
137,"Misery Train","Suicide",98,3A,40,2026-06-12,05:18,22,"proto-punk, post-punk","Rock","American Supreme",2002-10-28,89,4,54,59,0,10,-13,A#/B♭ minor,4,6nsNXLupTa92oUaKkgYNpM,"Mute, a BMG Company",GBAJH0200304,no
138,"Save the last dance for me","Sun Runners 女神の恋人達, James Massiah",98,6B,59,2026-06-12,04:57,1,"vaporwave, slam poetry","Hip Hop, Electronic","MY G REMIXXX",2023-02-04,69,5,1,76,0,0,-9,A#/B♭,4,104zXzxp6TXry5krYNuFJi,"UltraWaveVisions",QZDA42346297,no
139,"You're Not The Only One I Know","The Sundays",98,8B,45,2026-06-12,03:51,63,"dream pop, jangle pop","Pop, Rock","Reading Writing And Arithmetic",1990-00-00,56,53,0,66,0,30,-12,C,4,3nbFVNHVYCMCdD9vBo3udv,"Parlophone UK",GB01A9000011,no
140,"Psychedelic Rock","Ernest Ranglin",98,7B,42,2026-06-12,03:27,18,"rocksteady, dub, reggae, roots reggae","Electronic, Reggae","Soul Jazz Records Presents STUDIO ONE Freedom Sounds: Studio One In The 1960s",2018-09-14,89,10,2,72,0,0,-12,F,4,3sAWf3qeQ4TMJZ7UZHMMYx,"Soul Jazz Records",JMA020601631,no
141,"Sam the Samba Man","The Rah Band",98,3A,85,2026-06-12,04:11,45,"brit funk","R&B","Going Up",1983-00-00,60,30,1,91,0,50,-7,A#/B♭ minor,4,5l6inuntEbHV9Ng0JY2Wm8,"Shocking Music",GBKSK0500006,no
142,"Performance (12  Version)","Cube",98,8B,82,2026-06-12,06:03,7,"italo disco, hi-nrg, italo dance","Electronic, Pop","Performance (12  Version)",2021-07-11,70,4,2,83,0,10,-6,C,4,4A0Sn3K0QSjAEbWVa8ii36,"Synthiz",ushm82140099,no
143,"Locket","Crumb",98,3B,48,2026-06-12,05:18,64,"neo-psychedelic, bedroom pop","Pop, Rock","Locket",2017-06-23,39,76,73,8,0,0,-10,C♯/D♭,4,2vfPsGhqMbqmhjMGQ52dYf,"Crumb Records",TCADC1793184,no
144,"Married Life","Thony Shorby Nwenyi",98,3A,48,2026-06-12,06:42,0,"highlife","Traditional Music","51 Lex Presents No Wrong Show",2014-07-09,59,0,0,29,10,30,-14,A#/B♭ minor,4,7MI2xvPTd9MXz7QrZiRicI,"51 Lex (MS) Records Ltd",USA371662875,no
145,"Silver Fountain Of Paradise Square","Maurice Deebank",98,10B,33,2026-06-12,07:15,5,"jangle pop, dream pop, art rock","Rock, Pop","Inner Thought Zone",1984-00-00,59,38,81,62,0,20,-13,D,4,4QsBHXhlMntlnaBGI0jFS7,"Cherry Red Records",GBBLY8400050,no
146,"Rainy Afternoon","Misha Panfilov",98,7A,39,2026-06-12,03:02,8,"experimental jazz, ambient jazz","Easy Listening, Jazz","In Focus",2023-09-29,28,13,88,47,0,10,-13,D minor,3,4VyhDGHxOcqHl1a2gdeI9D,"Jazzaggression",QMDA62395980,no
147,"Its me ( g 8 )","Actress",98,10A,72,2026-06-12,05:17,16,"idm, ambient, experimental","Electronic, New Age, Classical, Rock","LXXXVIII",2023-11-03,71,47,5,27,10,30,-10,B minor,4,2aYOhvPxurV3vVHMxKuY6a,"Ninja Tune",GBCFB2300414,no
148,"Just My Imagination (Running Away With Me)","The Undisputed Truth",98,9B,23,2026-06-12,03:42,8,"motown, classic soul","R&B, Pop","The Law Of The Land (Expanded Edition)",1973-02-23,53,91,0,34,0,10,-16,G,4,45iDt1CWhq0f61NjTuOhql,"UNI/MOTOWN",USUM71700558,no
149,"Driving","Everything But The Girl",98,10A,37,2026-06-12,03:59,43,"new wave pop, sophisti-pop, trip hop","Pop, Electronic, Hip Hop","The Language of Life",1990-02-05,72,40,0,61,0,0,-16,B minor,4,5VWlidWT076Nqv23HWheEQ,"Chrysalis Records",GBAHT0200104,no
150,"Bonnie And Clyde","Brigitte Bardot, Serge Gainsbourg",98,7B,57,2026-06-12,04:16,55,"french jazz, french pop, chanson, variété française, french house","Folk, Traditional Music, Electronic, Jazz, Pop","Bubble Gum",1994-01-01,40,1,25,57,0,10,-12,F,4,358jMpTqOfIOYjpcg2Ig2j,"Universal Music Division Mercury Records",FRZ036700490,no
151,"Journey In Satchidananda","Alice Coltrane, Pharoah Sanders",98,10A,54,2026-06-12,06:36,51,"free jazz, jazz, experimental jazz, ambient jazz, hard bop","Easy Listening, Jazz","Journey in Satchidananda",1971-00-00,18,2,0,21,0,10,-14,B minor,3,2gG3ivmsfylVXLyIJvLXyN,"GRP",USMC17052076,no
152,"Sexy to Someone","Clairo",98,5A,55,2026-06-12,03:27,63,"bedroom pop","Pop","Sexy to Someone",2024-05-23,72,34,0,82,0,10,-7,C minor,4,2Nq4SFbvYYZa8AF7lD7CWU,"Clairo",USA2P2416224,no
153,"My Sweet Angel","The Jiving Juniors",98,4A,31,2026-06-12,02:44,1,"rocksteady, ska, calypso, doo-wop","Latin, Pop, R&B, Reggae","If I Had a Pair of Wings: Jamaican Doo Wop, Vol. 3",2020-11-27,67,96,0,45,0,10,-10,F minor,4,5Q1Uv0EbnIYyp48KqyFm5C,"Death Is Not The End",GBE8H2060012,no
154,"Misty","Lesley Gore",98,8B,26,2026-06-12,02:18,66,"brill building pop, bubblegum pop, classic girl group","Pop","I'll Cry If I Want To",1963-06-01,53,83,0,48,0,20,-13,C,3,2exbololsmP1XM2gmBEvAW,"Mercury Records",USUM71603042,no
155,"Wasn't There","X-Cetra",98,6B,10,2026-06-12,01:51,22,"","","Stardust",2000-01-01,65,99,0,47,0,20,-17,A#/B♭,4,7rZPtM731eSs9XZbxPS04b,"Numero Group",GX8KD2265257,no
156,"Love Is Alive","Gary Wright",98,6B,55,2026-06-12,03:50,62,"yacht rock, soft rock","Rock, Pop","The Dream Weaver",1975-00-00,77,6,0,90,0,10,-14,A#/B♭,4,5vVuiXoHyRGxJeCaHUpgae,"Rhino/Warner Records",USWB10902461,no
157,"Socks, Drugs And Rock'n'roll - 2022 Remastered","Buffalo Daughter",98,9B,41,2026-06-12,03:13,28,"shibuya-kei","Electronic, Pop","New Rock (2022 Remastered)",2023-03-10,78,9,0,84,0,10,-13,G,4,1Ek4wKUBMUczhXij2UDNJ3,"Anniversary Group",USZXT0811240,no
158,"Dirty Laundry","Don Henley",98,4A,77,2026-06-12,05:36,67,"yacht rock","Pop, Rock","I Can’t Stand Still",1982-08-13,76,8,0,95,0,0,-7,F minor,4,1deZHQ9Na7bnWA9pulmlXD,"Rhino",USWB12304354,no
159,"Up High","Sandy Davis",98,10B,59,2026-06-12,04:06,12,"","","Inside Every Fat Man",1974-06-15,64,27,87,86,0,0,-18,D,4,10CNbobM2e84t4UuRJZHXf,"3600223 Records DK",QZES82425707,no
160,"Black Hell","The Abigails",98,9A,56,2026-06-12,02:17,46,"southern gothic","Folk, Rock","Songs of Love & Despair",2012-03-01,66,52,30,90,0,20,-7,E minor,4,6BzOevhT14LYvdJz3plekj,"Mono Records / Burger Records",TCABJ1219165,no
161,"Siren - 12 Inch Dub Version","Super FU",98,1A,70,2026-06-12,08:39,5,"","","Siren",2024-08-14,64,1,80,7,0,0,-5,G#/A♭ minor,4,5YH3D0u6giq6dUU3JPDLaV,"Paper Recordings",GBEYE2400037,no
162,"Locked In 2 Love","TEAL",98,2B,67,2026-06-12,04:46,30,"","","Locked In 2 Love",2025-04-02,65,16,94,92,0,0,-7,F#/G♭,4,0oUzu1hZFKx8Mj4Ix3CEkk,"Spiritual World",USA2B2511984,no
163,"Nau Sem Rumo","Lô Borges",98,12A,69,2026-06-12,02:32,28,"mpb, brazilian jazz","Jazz, Latin","A Via-Láctea",1979-03-09,62,44,0,75,0,0,-9,C♯/D♭ minor,3,6SR7wNYGwaGckaSM4lhbAM,"EMI Brazil",BREMI7900150,no
164,"Down 4 Whateva","Nuttin' Nyce",98,1B,72,2026-06-12,04:47,33,"new jack swing","R&B","Down 4 Whateva",1993-00-00,69,4,0,65,0,30,-6,B,4,03WsrEB8eyCeUfvRxGP5JX,"Jive",USJI10301116,no
165,"Caroline","Majority",98,10B,50,2026-06-12,03:37,4,"","","Nowhere Like Here",2023-05-26,26,17,0,47,0,20,-13,D,4,2e4cMe0pttHuPW1aM7LtdM,"Emotional Rescue",QM7282313031,no
166,"Video Life","Bilgeri",98,7A,46,2026-06-12,05:54,23,"arena rock","Rock","Down To The Sea And Back: The Continuing Journey Of The Balearic Beat. Volume 1.",2010-06-28,88,3,1,92,0,0,-12,D minor,4,3sZWElZF8D6bjRw4ODtfB7,"Wonk Productions Ltd.",GB4XK1000103,no
167,"¡gózame Ya!","Susana Estrada",98,8B,60,2026-06-12,02:52,0,"italo disco","Electronic, Pop","Amor y Libertad",2012-01-01,72,38,0,88,0,10,-12,C,4,2g0RhOnTiLgdJJMc49Vk1X,"Sauce",ES7581200447,yes
168,"It Ain't No Big Thing (2012 - Remaster)","Donna Mcghee",98,4A,66,2026-06-12,06:44,23,"post-disco","Pop, R&B","Make It Last Forever (2012 - Remaster)",1978-01-01,58,0,0,53,0,0,-10,F minor,4,2B2Vmii1oSN95Lr6wY2W6g,"Cavalcade Records Ltd",GBAZJ1000211,no
169,"Long Was The Year","Broadcast",98,2B,58,2026-06-12,03:38,30,"dream pop, neo-psychedelic","Pop, Rock","The Noise Made By People",2000-03-20,49,0,77,14,0,30,-10,F#/G♭,4,4aUHXyMSMVfuLyz8FAEiNm,"Warp Records",GBBPW9900173,no
170,"Shove Piggy Shove","LFO",98,10B,49,2026-06-12,04:19,33,"idm, acid house, techno","Electronic","Advance",1996-01-29,42,8,73,45,0,10,-12,D,1,6cgZ2KVDd4PIv9sf9J46Ud,"Warp Records",GBBPW9600083,no
171,"Low Sun","Hermanos Gutiérrez",98,9A,48,2026-06-12,03:08,71,"","","Sonido Cósmico",2024-06-14,63,90,90,45,0,10,-11,E minor,3,1siRw9E67ouBWsORObDuhZ,"Easy Eye Sound",USC4R2441425,no
172,"Think - Instrumental","Curtis Mayfield",98,10B,35,2026-06-12,03:48,37,"classic soul, soul, motown, funk","R&B, Pop, Blues","Superfly (Original Soundtrack)",1972-07-01,47,55,93,39,0,10,-8,D,5,1aPTqdBzTN7IBKYQ6VzEg9,"Rhino",USRH10282643,no
173,"Automatic Love","Nourished by Time",98,12A,56,2026-06-12,04:02,46,"indie electronic","Electronic, Pop, Rock","The Passionate Ones",2025-08-22,66,6,0,57,0,10,-10,C♯/D♭ minor,4,6TLEg0rUFLH0EF9CYfRJ7B,"XL Recordings",GBBKS2500051,no
174,"If We Don't","94 East, Prince",98,9B,81,2026-06-12,04:07,16,"minneapolis sound","Pop, R&B","The Cookhouse Five",1975-00-00,70,11,0,95,0,0,-7,G,4,0BITsgz9hs54lKnmAEckIJ,"Reo Deo",USRDX1000119,no
175,"Filthy","Saint Etienne",98,3B,74,2026-06-12,05:35,27,"madchester, britpop, alternative dance","Electronic, Pop, Rock","London Conversations (Deluxe Edition)",2012-01-01,67,3,6,60,0,10,-7,C♯/D♭,4,7orcUzC9XNGAzumqpLKlMN,"Heavenly Recordings",GBUM70811401,no
176,"Du Sang","Brittany Dubson",98,8B,61,2026-06-12,03:55,4,"","","Hitherto",2022-07-17,67,3,42,79,0,10,-12,C,4,3lBwDJQMOIbchzO28qi8lm,"Chambre Noire Records",USX9P2338688,no
177,"Mets Neidude Vahel","Collage",98,9A,46,2026-06-12,03:35,22,"funk melody, freestyle, miami bass","Hip Hop, Pop, R&B, Electronic","Groove of ESSR: Funk, Disco, Jazz from Soviet Estonia",2019-07-05,69,87,0,69,0,10,-12,E minor,4,4cpRMIzRAyKgwyPrH7oVNo,"Funk Embassy Records",EEER11900089,no
178,"Days","Kirsty MacColl",98,11B,64,2026-06-12,03:00,45,"new wave pop","Pop","Kite (Deluxe Edition)",1989-01-01,56,19,0,71,0,10,-7,A,4,7FHiLsFvlVInNjUlcRDITR,"Edsel",GBAAA0400547,no
179,"trust (hell below)","Inc.",98,9A,43,2026-06-12,04:30,15,"indie r&b, alternative r&b, chillwave","Pop, R&B, Electronic, Rock","no world",2013-02-18,75,12,53,16,0,0,-9,E minor,4,4Sp0CCTC67Q5IxJmuQ02Gb,"4AD",GBAFL1200241,no
180,"Feels So Good","Marcos Valle, Leon Ware",98,8A,89,2026-06-12,04:28,26,"bossa nova, brazilian jazz, jazz funk, post-disco","Jazz, Latin, R&B, Pop","Túnel Acústico",2024-09-20,56,35,0,79,0,10,-8,A minor,4,5J5OBEBN7EIbwI6zvqfquG,"Far Out Recordings",GBDCR2400036,no
181,"Ponta De Lança Africano (Umbabarauma)","Jorge Ben Jor",98,1B,82,2026-06-12,03:48,27,"mpb, bossa nova, samba, brazilian jazz","Jazz, Latin","A Arte De Jorge Ben Jor",2015-10-30,64,36,0,68,10,10,-8,B,4,2MZHcq7LYUkA2ztukzzvBr,"Universal Music Ltda.",BRPGD7600049,no
182,"Eminence Front","The Who",98,4A,79,2026-06-12,05:39,73,"classic rock, rock","Rock","It's Hard",1982-09-04,70,23,59,57,0,0,-10,F minor,4,0LN5gIsS5tQSmRzQrHSaTR,"Geffen*",GBAKW8200124,no
183,"Silver Fountain Of Paradise Square","Maurice Deebank",98,10B,33,2026-06-12,07:15,15,"jangle pop, dream pop, art rock","Rock, Pop","Inner Thought Zone",1992-01-01,59,38,81,62,0,20,-13,D,4,1jeGMK8pqXkYb9ryfWlDqw,"Cherry Red Records",GBBLY8400050,no
184,"Home Is Where the Hatred Is","Gil Scott-Heron",98,6B,71,2026-06-12,03:21,50,"spoken word, jazz funk","Jazz, R&B, Easy Listening","Pieces of a Man",1971-01-01,69,27,1,90,0,10,-9,A#/B♭,4,3pmp40HtLapVQ8L89Mz1vh,"Ace Records",USBB17101031,no
185,"Kazuko (Peace Child)","Pharoah Sanders",98,3B,15,2026-06-12,08:11,24,"free jazz, ambient jazz, jazz, experimental jazz, hard bop","Easy Listening, Jazz","Journey to the One",1980-01-01,35,94,23,10,0,20,-18,C♯/D♭,3,7hmHGEQS30vYyaYRFH7gN3,"Evidence Music",USZG69200052,no
186,"So Beautiful","White Fence",98,4B,62,2026-06-12,04:36,35,"neo-psychedelic, garage rock, psychedelic rock, baroque pop","Classical, Pop, Rock","Orange",2026-04-24,60,8,3,64,0,10,-11,G#/A♭,4,2olvPqFbr7vzuepp2ZWrYw,"Drag City",US58L2697810,no
187,"Mud Pool Mind","Reverse Death",98,1B,45,2026-06-12,05:10,11,"neo-psychedelic","Rock","Reflectors, Vol. I",2025-09-19,44,23,94,40,0,10,-11,B,4,4sDjxZHe8eNEvslFvRWFvo,"Dead Currencies",USL4Q2507690,no
188,"Now That I Have You","Tommy Mcgee",97,7A,62,2026-06-12,05:36,34,"souldies, traditional soul","R&B, Traditional Music","I'm A Stranger",2020-05-08,62,54,0,67,10,30,-11,D minor,4,2QA4gRDRIkZswWy21GuRsE,"Numero Group",USCW61705801,no
189,"When We Kiss","Bardeux",97,8A,22,2026-06-12,04:52,0,"funk melody, hi-nrg, miami bass, italo disco","Pop, R&B, Electronic, Hip Hop","Bold As Love",1988-01-01,70,32,44,55,0,30,-19,A minor,4,3bha0QWUY1V3nXG5mzcnI3,"Rdeg",FR6V80175674,no
190,"Crush the Flowers","The Wake",97,8B,88,2026-06-12,03:35,29,"jangle pop, post-punk, deathrock, dream pop, gothic rock, cold wave, new wave","Electronic, Rock, Pop","Testament (Best Of)",2014-09-29,48,0,6,97,0,20,-8,C,4,6dTFc17IVJ8a0EnSqqdkUd,"Factory Benelux",GBHBR0405537,no
191,"Olhos Coloridos","Sandra De Sá",97,4A,55,2026-06-12,04:27,54,"mpb, samba","Latin","Sandra de Sá - 1982",1982-01-01,84,17,0,97,0,0,-11,F minor,4,45XopGhwYSgooiewaZNsSd,"Som Livre",BRSGL8100014,no
192,"Lost Horizon","Todd Rundgren",97,8B,50,2026-06-12,05:01,15,"yacht rock, power pop, philly soul","R&B, Pop, Rock","A Cappella",1985-09-16,32,57,0,70,0,10,-13,C,4,7A2H0Ehcbe6rlqz0PD4odf,"Rhino/Warner Records",USRH10553089,no
193,"Heard It All Before","Sunshine Anderson",97,2A,93,2026-06-12,04:55,66,"neo soul","R&B","Your Woman",2001-00-00,70,6,0,68,20,10,-4,D#/E♭ minor,4,0xikWgPgYN9BEes0ieZ8Co,"Rhino Atlantic",USAT20100092,no
194,"Contemplation - Live at Metropolis Studios","Bill Nelson & The Gentlemen Rocketeers",97,10B,87,2026-06-12,09:48,0,"bebop, art rock","Rock, Jazz","Live In Concert at Metropolis Studios, London",2012-06-04,37,26,32,21,0,30,-6,D,4,6EBWUx7HlU1WnT5GF1UKr7,"Salvo",GB7GZ1200004,no
195,"Alcohol","Jorge Ben Jor",97,10A,70,2026-06-12,05:55,22,"mpb, bossa nova, samba, brazilian jazz","Jazz, Latin","Jorge Ben Jor - iCollection",2015-08-28,74,28,0,96,0,10,-10,B minor,4,6yzbXsnS1QIH0rcj0Pl13o,"WM Brazil",BRWMB9900662,no
196,"Keys (The Chemist's Theme)","Wally Badarou",97,4B,26,2026-06-12,02:04,15,"bikutsi","Traditional Music","Good To Go (Original Motion Picture Soundtrack) [Digitally Remastered)",2012-12-04,75,93,95,84,0,10,-21,G#/A♭,4,3LiiVU92KFKtWZTUcNuHu9,"Essential Media Group",USGZ21243771,no
197,"The Castle","Love",97,8B,46,2026-06-12,03:00,23,"psychedelic rock, acid rock, baroque pop, proto-punk","Rock, Classical, Pop","Da Capo (Deluxe Edition)",1966-11-01,46,6,10,40,0,0,-14,C,4,3N5V4PgBcXoBj7p7X8kR3J,"Rhino/Elektra",USEE10100150,no
198,"Quicksilver Girl","Steve Miller Band",97,11B,12,2026-06-12,02:43,30,"classic rock","Rock","Sailor",1968-01-01,33,66,1,11,0,30,-21,A,4,1gXEKJBTx2sLhY3AWkG6tu,"CAPITOL CATALOG MKT (C92)",USCA29000116,no
199,"MERMAID AQUA","Cruel Santino",97,3B,57,2026-06-12,02:52,35,"alté, afrobeats, afroswing, afrobeat, afro r&b, afropop","R&B, Traditional Music, Pop, Hip Hop, Electronic","Subaru Boys : FINAL HEAVEN",2022-03-03,78,80,0,54,20,70,-9,C♯/D♭,4,75pEOg5LAkrMA52s0HtYMX,"Monster Boy/Interscope Records",USUG12200572,no
200,"Dollar (Let the Dollar Circulate)","Steve Spacek",97,1B,64,2026-06-12,03:36,0,"afrofuturism, broken beat, indie jazz","Electronic, Hip Hop, R&B, Jazz, Pop","Space Shift",2005-10-04,52,51,0,48,0,0,-5,B,4,3ouXWv4oKNuLcLO8ZA7WQn,"Sound In Color",US66P0588887,no
201,"Thought of You Today","Gene Boyd",97,10B,56,2026-06-12,05:21,13,"","","Movements, Vol. 2",2006-07-07,73,38,13,96,0,10,-9,D,4,25jq8lFsTOnC0RQLpUcWOH,"Perfect Toy",DEZ790400193,no
202,"Show Me","Emily Yacina",97,10B,48,2026-06-12,04:04,11,"lo-fi indie, small room","Electronic, Rock","Heart Sky",2017-09-22,59,77,62,38,0,10,-12,D,4,1BwVSS1BhW6FsDgbwBKXSA,"Emily Yacina",TCADG1788615,yes
203,"TIBETAN DANCE","Ryuichi Sakamoto",97,7B,56,2026-06-12,05:03,29,"japanese classical, ambient","Electronic, New Age, Classical","Ongaku Zukan -2015 Edition-",2015-03-25,80,16,91,96,0,20,-16,F,4,4AbkIYykiZVzWbQaUCdloT,"MIDI",JPA308400046,no
204,"You're Lying","Sandra Cross",97,3A,32,2026-06-12,04:24,29,"lovers rock, reggae","Reggae","Country Life",1986-00-00,74,13,0,75,10,0,-15,A#/B♭ minor,4,01WAygBz4jFGdmFDzbqMZQ,"Ariwa Sounds",USA560538154,no
205,"Big Muff","John Martyn",97,9A,56,2026-06-12,06:29,10,"folk rock, folk","Folk, Rock","One World (Deluxe Edition)",1977-00-00,75,42,0,72,10,0,-14,E minor,4,2gavcQ8z0HEPpg76manFKe,"UMC (Universal Music Catalogue)",GBAAN7700052,no
206,"Get Right","Jennifer Lopez",97,5A,76,2026-06-12,03:45,61,"dance pop, pop, urban contemporary","Electronic, Pop, Hip Hop, R&B","Rebirth",2005-03-01,74,2,0,36,10,60,-5,C minor,4,0rLzyBecRbTpnBWvMtPVFR,"Epic",USSM10414903,no
207,"Bella Fantasia","The Zenmenn",97,10A,25,2026-06-12,05:26,25,"","","Enter The Zenmenn",2021-04-12,67,90,60,33,0,10,-10,B minor,4,2oVB1f6SNc4XKWza8kEFhI,"Music From Memory",NLD7H2000096,no
208,"Colour Me In","Broadcast",97,8B,61,2026-06-12,02:51,0,"dream pop, neo-psychedelic","Pop, Rock","Haha Sound",2003-08-11,36,58,0,56,0,40,-9,C,4,4kxDKjbjjLKNRqoJvFe3g5,"Warp Records",GBBPW0300095,no
209,"Show Me","Benedek",97,3A,56,2026-06-12,02:42,6,"synth funk","Electronic, R&B","Peoples Potential Unlimited Test Pressing",2013-09-19,63,1,85,78,0,10,-9,A#/B♭ minor,4,2jJxNzYu7E0A2wPxio2juX,"Peoples Potential Unlimited",USJ3V1267491,no
210,"The Heart Part 5","Kendrick Lamar",97,12A,81,2026-06-12,05:32,54,"hip hop, west coast hip hop","Hip Hop","The Heart Part 5",2022-05-08,70,18,0,80,30,0,-8,C♯/D♭ minor,4,5MMW4CZsZiZt2iuqAXzzWC,"pgLang/Top Dawg Entertainment/Aftermath/Interscope Records",USUM72208318,yes
211,"So In Love","Smokey Robinson",97,8B,40,2026-06-12,04:42,11,"motown, quiet storm, classic soul","R&B, Pop","Smokey's Family Robinson",1976-02-10,57,73,0,70,0,10,-11,C,4,0k1c2XvVoNfFcWD41EEsLS,"UNI/MOTOWN",USUM70621562,no
212,"A.N.G.E.L. - Interlude","Dwele",97,6B,40,2026-06-12,02:19,37,"neo soul","R&B","Subject",2003-01-01,68,49,0,17,0,0,-10,A#/B♭,4,3sDeuisFRzTK7dfwlNvoNK,"Virgin Records",USVI20300037,no
213,"I Found My Baby","The Gap Band",97,3B,57,2026-06-12,04:48,0,"funk, quiet storm","R&B","Gap Band VI",1984-01-01,86,17,18,86,10,0,-10,C♯/D♭,4,7nsePBobvHbTRDJPtUOcsG,"Cavalcade Records Ltd",GBAZJ0600052,no
214,"Love's Theme","The Love Unlimited Orchestra",97,9A,56,2026-06-12,04:06,65,"philly soul, disco","Pop, R&B","Rhapsody In White (Reissue)",1974-02-01,50,0,80,72,0,30,-12,E minor,4,5csdrJ0JtFn0qvwlvSh2EI,"Mercury Records",USPR37300012,no
215,"Float On","The Floaters",97,9B,67,2026-06-12,04:10,42,"classic soul","R&B","Music For Groovin'",2007-01-01,61,28,0,87,0,0,-10,G,4,0i38ukkDaXt4bCP0osIbz0,"UMC (Universal Music Catalogue)",USMC10112195,no
216,"The Tracks Of My Tears","Smokey Robinson & The Miracles",97,9B,33,2026-06-12,02:54,64,"motown, classic soul, northern soul, soul","R&B, Pop, Blues","Going To A Go-Go",1965-11-01,50,70,0,73,0,20,-11,G,4,6QyQmdvQ1ywNccYa0pwLNQ,"UNI/MOTOWN",USMO16500449,no
217,"Something Strange","Doug Ashdown",97,8B,39,2026-06-12,03:30,0,"","","Follow the Sun",2017-05-05,52,85,0,63,0,0,-13,C,4,0BPOePvhVLYrj7YX9P9SYr,"Anthology Recordings",QMV8L1401716,no
218,"Suzie Thundertussy","Junie Morrison",97,7B,71,2026-06-12,03:42,37,"p funk","R&B","Suzie Thundertussy",2016-01-21,46,16,0,71,10,40,-11,F,4,63d2bgv1B4yWFmhCs2TovX,"JunieFunk Recordings",TCACL1655772,no
219,"O Kentucky","Papa M",97,10B,64,2026-06-12,04:44,8,"slowcore, post-rock","Rock","Three Songs",2002-00-00,48,33,87,23,0,20,-7,D,4,1RbilflL9cyG7YkGGSE0qB,"Drag City Records",US58L1822203,no
220,"Guinevere","David Crosby, Graham Nash",97,10A,27,2026-06-12,06:22,9,"folk rock, singer-songwriter","Folk, Rock","Another Stoney Evening",1998-01-13,44,80,0,34,0,70,-20,B minor,4,3A4j3PIx8jFJnvthur9Gec,"Iconic Artists Group",QMZ6Y1100015,no
221,"Lena's Song","The Sweet Enoughs",97,10B,17,2026-06-12,02:42,0,"fourth world","New Age","Marshmallow",2020-05-01,29,60,82,12,0,30,-14,D,3,7ArreMVbnZSSjuXh70gN01,"Wondercore Island",AUDCH1500099,no
222,"My Sunshine Girl","The Radiants",97,5A,56,2026-06-12,03:19,15,"northern soul, doo-wop","Pop, R&B","Eccentric Soul: Twinight's Lunar Rotation",2007-03-13,55,41,0,69,0,0,-10,C minor,4,1X6fZWqAm37eoNjXhCl6S2,"Numero Group",USCW60613019,no
223,"Kleine Segelschiffe","Prinz & Prinz",97,8A,29,2026-06-12,03:19,4,"","","Youngsters of Vienna",1984-07-01,79,33,2,62,0,30,-25,A minor,4,4OH0gM4P5mnGfTbzBdRATC,"Gabriel Music",ATR981206797,no
224,"Five Year Kansas Blues","F. J. McMahon",97,7A,46,2026-06-12,02:46,0,"cosmic american","Rock","Spirit Of The Golden Juice",2020-03-02,59,51,0,59,0,30,-13,D minor,4,0cYCiGlaJlmAVS0FO2iARa,"Anthology Recordings",GBBLY0902327,no
225,"Oasis - Erotikk Mix","Francis Inferno Orchestra",97,10B,58,2026-06-12,04:11,0,"lo-fi house","Electronic","Oasis & A Time",2018-03-01,64,0,79,70,0,0,-10,D,4,3bXUFuC3OnA89oV2nX96Do,"Superconscious Records",GBJX31815028,no
226,"Evening Star","Robert Fripp, Brian Eno",97,10B,13,2026-06-12,07:50,0,"ambient, art rock, progressive rock, drone, experimental, experimental jazz, krautrock, minimalism, glam rock, space music","Electronic, New Age, Rock, Classical, Jazz","Evening Star",1975-00-00,27,90,7,4,0,0,-16,D,4,5lpw5NewnpIgO1yal6Vjl4,"Discipline Global Mobile",GBCTX1801079,no
227,"Curiosity Killed The Cat - Remastered 2022","Little River Band",97,9A,63,2026-06-12,03:43,37,"yacht rock, soft rock","Rock, Pop","Little River Band (Remastered 2022)",1975-00-00,72,3,0,82,0,0,-10,E minor,4,5Q84hfZaQNovQZKMZoYraX,"EMI Recorded Music Australia Pty Ltd",AUEM01000101,no
228,"100 Moons","Rick Marc Anderson, Steve Tibbetts",97,8B,19,2026-06-12,05:22,10,"ambient jazz","Easy Listening, Jazz","Big Map Idea",1989-09-01,64,81,91,44,0,10,-20,C,4,5Vz7tOvng6QaRsNKzZtKUF,"ECM Records",DEB338838008,no
229,"The Boy Who Used 2 Whistle","Leslie Winer",97,11A,65,2026-06-12,04:30,0,"spoken word","Easy Listening","When I Hit You —You'll Feel It",2021-08-20,85,1,70,70,10,0,-14,F#/G♭ minor,4,0fpnBXWIHg4zATojtg8yew,"Light In The Attic",USDEA2018107,no
230,"blood meadow","The Crying Nudes",97,2B,62,2026-06-12,02:19,0,"hypnagogic pop","Electronic, Pop","3 Songs",2023-06-09,59,1,40,8,0,10,-8,F#/G♭,4,5Aovj9PRGiq5nYGmbwhEsR,"WORLD MUSIC",UKQNV2300124,no
231,"Somebody Told Me","Cube",97,8A,53,2026-06-12,06:25,25,"italo disco, hi-nrg, italo dance","Electronic, Pop","Two Heads Are Better Than One",1982-00-00,87,11,3,88,10,10,-8,A minor,4,7CE2uLM0F2a9MPry5qQCxx,"Nocolors",ITA891100019,no
232,"Colour Me In","Broadcast",97,8B,61,2026-06-12,02:51,27,"dream pop, neo-psychedelic","Pop, Rock","Haha Sound",2003-08-11,37,58,0,55,0,40,-9,C,4,3wfYyWSxwWkTcXQEVWGmIx,"Warp Records",GBBPW0300095,no
233,"Un soir un chien","Les Rita Mitsouko",97,1B,50,2026-06-12,05:41,28,"variété française, chanson, french pop","Folk, Traditional Music, Pop","The No Comprendo",1986-09-01,67,38,0,54,0,20,-7,B,4,3ROrcQE3anjcBS71iH6dez,"Because Music",FR0018602800,no
234,"Cameo","Eddy Senay",97,9B,48,2026-06-12,06:10,15,"soul jazz, jazz funk","Jazz, R&B","Step by Step",1972-10-27,77,67,90,90,0,10,-13,G,4,0lDxCGjLHZpyBlhlAMjdh9,"Sussex Records",QM7281757385,no
235,"Sensitivity","Ralph Tresvant",97,3B,72,2026-06-12,04:41,50,"new jack swing, quiet storm","R&B","Ralph Tresvant (Expanded Edition)",1990-11-27,70,4,24,61,0,0,-10,C♯/D♭,4,3wY9vnTmLC4XVHHbbFmgj0,"Geffen",USMC19933231,no
236,"If I Was Your Girlfriend","Prince",97,3B,37,2026-06-12,05:01,45,"funk rock, funk","R&B, Rock","Sign  O  the Times",1987-03-30,87,46,1,82,10,0,-19,C♯/D♭,4,6yK7QgE4H7dIzHa9EV4FKL,"Rhino/Warner Records",USWB10003359,no
237,"Sil Fait Beau","Roger 3000",97,10B,54,2026-06-12,03:55,4,"","","Reste Envie",2023-05-23,61,56,84,75,0,0,-7,D,4,4xLfRU5bhUB8A5NNghsi8n,"Futura Resistenza",BEJL82300033,no
238,"Contemplation (Live at Metropolis Studios)","Bill Nelson & The Gentlemen Rocketeers",97,10B,87,2026-06-12,09:48,8,"bebop, art rock","Rock, Jazz","Live In Concert at Metropolis Studios, London",2012-06-04,37,26,32,21,0,30,-6,D,4,00j73AYeNXsvErChTBGj05,"Salvo",GB7GZ1200004,no
239,"Yama Yama","Yamasuki",97,10B,68,2026-06-12,02:33,36,"","","Le monde fabuleux des Yamasuki",2020-01-01,71,13,0,30,0,10,-8,D,4,1Ueipu96NNSJattolXZ7K7,"Biram",BEL012000025,no
240,"I Did It Just The Same","Eurythmics",97,3A,48,2026-06-12,03:28,18,"new wave, synthpop","Pop, Rock, Electronic","1984 - For The Love Of Big Brother",1984-11-12,69,31,19,42,0,60,-14,A#/B♭ minor,4,0GwQUeZWh1me8WB2EUAWSm,"EMI Marketing",GBAAA0700635,no
241,"Wonderful","Isaac Hayes",97,4A,67,2026-06-12,03:38,11,"soul, classic soul, funk","R&B, Blues","Ultimate Isaac Hayes - Can You Dig It? (International Version)",2006-05-16,62,14,0,64,0,10,-10,F minor,4,51fMKSQ5Msq6NWMBc3ZHfV,"Stax",USFI87400269,no
242,"Save Your Love For Me - Bonus Track","Gwen Guthrie, Surface",97,10A,47,2026-06-12,04:50,25,"post-disco, disco, quiet storm, new jack swing","Pop, R&B","Good To Go Lover",1986-01-01,67,22,0,59,0,0,-14,B minor,4,53SXGx99VNnFyvpJzTfWNJ,"Mercury Records",USUM71212026,no
243,"Run To The Sun","N.E.R.D",97,6B,77,2026-06-12,04:51,63,"hip hop, virginia hip hop","Hip Hop","In Search Of...",2002-03-12,77,14,0,88,10,0,-6,A#/B♭,4,4Bjwyj8KM85xblkSt5A24j,"Virgin Records",USVI20100621,no
244,"Big Muff - Alternate Version With Drums","John Martyn",97,9B,39,2026-06-12,06:45,5,"folk rock, folk","Folk, Rock","One World (Deluxe Edition)",1977-00-00,75,63,77,58,0,10,-21,G,4,1fSPrT8MujN5FzITm0iA25,"UMC (Universal Music Catalogue)",GBAAN0400414,no
245,"Loose Fit","Happy Mondays",97,3A,88,2026-06-12,04:57,52,"madchester, britpop, alternative dance","Electronic, Pop, Rock","Greatest Hits",1999-01-01,65,1,41,43,0,10,-9,A#/B♭ minor,4,6GMJZexPddSAgJu0qp76UE,"London Records (Because Ltd)",GBAAP9500446,no
246,"Theros","Coti K.",97,8A,58,2026-06-12,04:01,20,"electroacoustic","Classical, Electronic","Theros",2024-03-08,64,3,87,26,0,0,-13,A minor,4,7cevh2Wkthx0j1EcbJoV6q,"Dark Entries Records",USA2P2413932,no
247,"Não tenho mais medo do bicho papão","Guilherme Lamounier",97,10B,80,2026-06-12,03:28,30,"brazilian rock","Rock","Vai atrás da vida que ela te espera / Não tenho mais medo do bicho papão",1974-00-00,86,70,19,83,20,10,-10,D,4,0x6RuIzNBIfH7zSngdyd4z,"WM Brazil",BRWMB2200132,no
248,"High On Sunshine","Commodores",97,12A,39,2026-06-12,04:24,42,"motown, classic soul","R&B, Pop","Hot On The Tracks",1976-01-01,44,47,0,60,0,0,-13,C♯/D♭ minor,4,5iVxkOzgZggmXx2YDi7wXy,"Motown",USMO17600544,no
249,"CIRCLE","Sam Gendel, Sam Wilkes",97,2A,7,2026-06-12,01:41,38,"ambient jazz, experimental jazz, nu jazz, indie jazz","Easy Listening, Jazz, Pop, Electronic","The Doober",2024-05-01,42,99,83,19,0,10,-15,D#/E♭ minor,3,1KDlkUvgWmRHe2E5DV9SCW,"Leaving Records",USA2P2407765,no
250,"Fooling Around","Spike",97,11A,48,2026-06-12,03:09,7,"","","Orange Cloud Nine",2012-01-01,66,77,78,71,0,30,-6,F#/G♭ minor,4,5NS8CyENgPAOVVVZrPM4co,"Golf Channel Recordings",USXCR1200070,no
251,"I Found My Baby","The Gap Band",97,3B,57,2026-06-12,04:48,34,"funk, quiet storm","R&B","Gap Band VI",1984-01-01,86,17,18,86,10,0,-10,C♯/D♭,4,4lGiJ5kmHUueYoab1SePUk,"Cavalcade Records Ltd",GBAZJ0600052,no
252,"A Song For Mary","Gene Sikora",97,12A,36,2026-06-12,02:32,41,"exotica","Easy Listening","A Song For Mary",1971-01-01,72,28,67,22,0,10,-8,C♯/D♭ minor,4,4L8NwMc1EF3xA856M040Ss,"Numero Group",USCW62343301,no
253,"Wild One","Jerry Lee Lewis",97,8B,95,2026-06-12,01:50,25,"rockabilly, rock and roll, boogie-woogie","Blues, Jazz, Rock","Collector's Edition",1974-01-01,61,58,0,97,0,30,-8,C,4,6Qdn9exwp1diIoRVypQl13,"Sun Label Group, LLC",USSE60572624,no
254,"Sabor a Mí","Eydie Gormé, Los Panchos",97,4B,38,2026-06-12,02:48,69,"bolero","Latin, Traditional Music","Canta En Español Con Los Panchos",1964-00-00,65,81,0,59,0,10,-11,G#/A♭,4,0Hja9zlVQHC768PsPjWscW,"Columbia",MXF146500126,no
255,"Never Tear Us Apart","INXS",97,8B,61,2026-06-12,03:04,77,"album rock, australian rock, dance rock, funk rock, new romantic, new wave, new wave pop, rock","Rock, Electronic, R&B, Pop","Kick (Remastered 2011)",1987-00-00,66,0,0,19,0,10,-8,C,3,1GjbTNFImFrjFsNdleDe78,"Universal Music Australia Pty. Ltd.",GBAMX8700005,no
256,"Yes It's You","Sweet Charles Sherrell",97,9B,67,2026-06-12,03:10,30,"","","For Sweet People From Sweet Charles",1974-05-22,68,59,0,78,0,20,-8,G,4,0MpC3S25sBcGkRssA9NZPg,"Universal Records",USF067400090,no
257,"At the Mercy of Inertia","Pellegrino",97,3B,58,2026-06-12,03:50,10,"italo disco, italo dance","Electronic, Pop","Periplo",2016-06-16,64,64,93,75,0,30,-12,C♯/D♭,4,1vMtBnPmcdrbtNh3PrUQmw,"661057 Records DK2",QM4DW1753549,no
258,"I Can't Leave It Alone","Tony Wilson",97,6A,36,2026-06-12,03:25,24,"classic soul, afropop","Pop, Traditional Music, R&B","I Like Your Style",1976-00-00,79,70,73,84,0,0,-20,G minor,4,53SR9vCXnoQQoViUjT36BI,"Rhino",USRH10721667,no
259,"Place Where I Go","Keanu Nelson",97,8A,53,2026-06-12,03:36,37,"","","Place Where I Go",2025-03-25,55,19,0,57,0,20,-10,A minor,4,1ivMAc4gwF8d9mEXFHYcbz,"Efficient Space",QM6MZ2512829,no
260,"Love And Happiness","The Undisputed Truth",97,11A,31,2026-06-12,03:14,7,"motown, classic soul","R&B, Pop","Down To Earth",1974-08-13,84,38,1,87,0,0,-15,F#/G♭ minor,4,6f8XHfwSxFCUdYuHiPqWdB,"UNI/MOTOWN",USUM71700555,no
261,"Video Life","Bilgeri",97,7A,52,2026-06-12,04:13,13,"arena rock","Rock","Bilgeri",1982-00-00,80,10,0,96,0,0,-12,D minor,4,1DZrXhLZb3Okj4TOnBllCG,"Sony Music Catalog",ATB152300479,no
262,"Thoughts And Wishes","Bohannon",97,8B,36,2026-06-12,05:36,21,"disco, post-disco","Pop, R&B","Insides Out",1975-00-00,70,56,36,50,0,20,-10,C,4,5fuglOTPBpfajF3wI3ppsx,"Brunswick Records",USBWC2010027,no
263,"High On A Rocky Ledge","Moondog",97,11B,19,2026-06-12,04:28,42,"minimalism, avant-garde","Classical, Jazz","H'art Songs",2016-11-11,61,90,0,24,0,10,-14,A,4,0L2ljTJonS78v8qSlpxM0d,"Moondog",US2391601602,no
264,"Kaleidoscopic Visions","Tom Skinner",97,8A,40,2026-06-12,03:47,11,"experimental jazz, jazz funk, nu jazz","Jazz, R&B, Electronic","Kaleidoscopic Visions",2025-07-29,59,73,87,50,0,10,-15,A minor,4,5bgQJ7rARe0XwTb5QmeSWE,"Brownswood Recordings",GBMEF2502634,no
265,"I Can Only Think of You","Gwen McCrae",97,4B,42,2026-06-12,05:18,41,"post-disco, disco, funk","Pop, R&B","Melody of Life",1979-00-00,80,14,0,77,0,40,-14,G#/A♭,4,59mNzQb5nXO0TP4op7rXid,"Stone Music Family, LLC",USBEN1256702,no
266,"Buck 'em Down - Da Beatminerz Mix","Black Moon",97,9B,60,2026-06-12,04:57,38,"east coast hip hop, old school hip hop, boom bap, hardcore hip hop","Hip Hop","BUCK 'eM DOWN b/w MURDER MC's",2007-12-04,78,1,0,58,10,0,-11,G,4,0Fp8p7gziZUD6I0SZwQbGm,"Nervous Records",USNRS0721692,no
267,"Bixin","Phylipe Nunes Araújo",97,5A,23,2026-06-12,01:59,12,"new mpb","Latin, Traditional Music","Bixin",2025-09-12,74,90,0,29,0,10,-11,C minor,4,4lQhfecIQN55qiauMKKoh2,"Far Out Recordings",GBDCR2500040,no
268,"On Mt Diablo","Morrison Kincannon",97,12B,61,2026-06-12,03:45,7,"","","Beneath the Redwoods",2018-01-26,45,75,1,73,0,10,-8,E,4,6QKJT9OFnBhORRZ66ETZAY,"Spacetalk",GB7RM1700049,no
269,"Big dreams","Smerz",97,8A,23,2026-06-12,03:04,40,"deconstructed club, experimental pop, spectra","Electronic, Pop","Big city life",2025-05-23,55,93,32,58,0,0,-14,A minor,3,6iHbKggDWOLaU8VM0bKEMH,"Escho",FR59R2589036,no
270,"What's Love Got To Do With It","Warren G, Adina Howard",97,3B,55,2026-06-12,04:15,55,"g-funk, west coast hip hop, old school hip hop, gangster rap, new jack swing","Hip Hop, R&B","Take A Look Over Your Shoulder (Reality)",1997-03-25,89,21,0,59,20,10,-9,C♯/D♭,4,7DjHbZFUdDtuklH6nfXoaL,"RAL (Rush Associated Label)",USRL19700026,yes
271,"Dare to Dream","Viola Wills",97,10A,50,2026-06-12,07:28,25,"disco, hi-nrg","Pop, Electronic","Dare to Dream",2008-08-12,72,1,21,45,0,10,-14,B minor,4,0JzJDpGwcV6oOyrKbUURHc,"Harlequin Recording Group",US4G30801180,no
272,"What's His Name - Instrumental","Thee Sinseers, Joey Quiñones",97,7B,57,2026-06-12,03:05,17,"retro soul","R&B","Sinseerly Yours (Instrumentals)",2025-04-11,86,51,86,81,0,0,-8,F,4,6XtkK5XDyQuMNCWeBiByWW,"Colemine Records",QZDMQ2350150,no
273,"The Boy Who Used 2 Whistle","Leslie Winer",97,11A,65,2026-06-12,04:30,10,"spoken word","Easy Listening","When I Hit You — You'll Feel It",2021-08-20,85,1,72,70,10,0,-14,F#/G♭ minor,4,0DwioIYT3XvF55gaYmHNDu,"Light in the Attic",USDEA2018107,no
274,"What's His Name","Thee Sinseers",97,7A,68,2026-06-12,03:03,22,"retro soul","R&B","Colemine Records Presents: Brighter Days Ahead",2021-02-19,80,51,0,96,0,20,-8,D minor,4,3v9NlHiAbU7K2kl7cLkVZD,"Colemine Records",QZDMQ2019701,no
275,"Crying in the Night","Buckingham Nicks, Stevie Nicks, Lindsey Buckingham",97,11B,39,2026-06-12,02:59,48,"heartland rock, classic rock","Rock","Buckingham Nicks",2025-09-19,49,8,0,44,0,10,-13,A,4,3FBJq7wLTogeipvXMbTNrU,"Rhino",USRH12501549,no
276,"The Black Door","Cole Berliner",97,7B,24,2026-06-12,04:33,11,"","","The Black Door",2026-03-24,59,73,79,24,0,10,-14,F,3,2cgO6LBOvLvl1gfW610Sq1,"Drag City",US58L2698401,no
277,"You Can't Hide Love","Creative Source",97,1A,62,2026-06-12,03:20,36,"funk, rare groove","R&B, Jazz","Creative Source",1973-09-08,64,43,0,96,0,10,-12,G#/A♭ minor,4,3JkJbzVsbuZQ7b3j8hLFkR,"Sussex Records",QMDA62108053,no
278,"On Your Own Again","Anthony Naples",97,9A,52,2026-06-12,04:01,14,"dub techno, lo-fi house, idm, ambient","Electronic, New Age","In Studio Magic",2025-12-12,64,36,88,30,0,20,-10,E minor,4,0rQBwERfP7c8vFzmgkbybE,"ANS",QZZEB2528365,no
279,"If You'd Be Mine","Shuggie Otis",96,4A,64,2026-06-12,05:39,19,"afrobeat, funk, psychedelic soul, soul","R&B, Traditional Music, Blues","Inspiration Information/ Wings Of Love",2013-04-12,44,0,85,40,0,0,-8,F minor,4,7JbEsg4K7n2YFQ38PvLjl4,"Epic/Legacy",USQX91201925,no
280,"You've Got My Mind Messed Up","James Carr",96,4A,63,2026-06-12,02:25,0,"northern soul, classic soul, soul","R&B, Blues","You Got My Mind Messed Up",2013-01-02,59,37,0,79,0,50,-8,F minor,3,4iVf2zAzVu499RwIov6uyx,"Ace Records",GBBHN0200269,no
281,"It's A Pleasure","Sheree Brown",96,1B,54,2026-06-12,04:03,22,"post-disco, smooth soul","Pop, R&B","Capitol Rare: Funky Notes From The West Coast (Volume 2)",1999-01-01,74,77,0,84,0,10,-10,B,4,7xneyw0Gk7iRErb4yWQyL9,"Blue Note Records",USCA29300120,no
282,"Love of Nature","New Composers",96,3A,38,2026-06-12,04:50,0,"acid house","Electronic","Astra (Expanded Edition)",2017-01-01,62,4,0,79,0,10,-15,A#/B♭ minor,4,5CG4cxpGNGiUAT43GwL8sH,"Maschina Records",FRX762195730,no
283,"Simple Times","Frank LoCrasto",96,8B,52,2026-06-12,05:10,38,"pastoral","Classical","El Dorado",2011-03-01,64,93,89,58,0,0,-11,C,4,0tZ5MEq68mIRxo7oeaeyFG,"Hundred Pockets",QM4DW1626729,no
284,"I Guess I'm Just a Little Too Sensitive","Orange Juice",96,10A,65,2026-06-12,03:51,0,"jangle pop, post-punk, new wave","Pop, Rock","The Orange Juice",1984-11-01,72,9,0,89,0,0,-10,B minor,4,0uVGDPBHf8WvWhRsQdRYle,"Analogue Enhanced Digital Limited",GBCEL1000614,no
285,"Sexual Healing - 2018 Remaster","Kate Bush",96,7B,41,2026-06-12,05:55,0,"art pop, baroque pop, art rock","Pop, Rock, Classical","Selection from 'The Other Sides' (2018 Remaster)",2018-11-30,63,13,5,27,0,0,-17,F,4,0GJp8b9WbpsiUsgapJgdmH,"WM UK",GBAYE1801008,no
286,"Half the Day Is the Night - Remastered","Gábor Szabó",96,12B,33,2026-06-12,04:23,25,"spiritual jazz","Jazz","Dreams",1968-05-10,40,75,88,27,0,10,-13,E,3,4XSI3iFlpthVzeGVpIx2vH,"Ebalunga!!!",DEPI81905749,no
287,"I Need Your Love So Much","Gordon Haskell",96,4A,40,2026-06-12,04:30,6,"","","Serve At Room Temperature",1979-00-00,72,21,2,72,0,0,-15,F minor,4,0ibHCFhvsKxC5VIvFXTAtR,"Gordon Haskell",GBMJG1703827,no
288,"Sink Into Me","Babeheaven",96,3A,40,2026-06-12,02:38,42,"british soul","R&B","Sink Into Me",2022-03-18,69,49,15,29,0,0,-10,A#/B♭ minor,4,1T01w1vBwWdKScKmHnha53,"Babeheaven",GB45A2202664,no
289,"I Want You","Lytie",96,1B,56,2026-06-12,03:52,3,"christian reggae, christian reggaeton, lovers rock","Christian, Reggae, Latin","I Want You",2021-07-01,87,14,0,86,0,10,-8,B,4,49vK9MIXaHZjRWiERybDeV,"Gt's Records",UK7N42100007,no
290,"Up Close And Personal","Buju Banton",96,1B,49,2026-06-12,03:50,38,"reggae, dancehall, ragga, lovers rock, roots reggae, soca","Reggae, Hip Hop, Latin","Dancehall 1998",1998-06-06,79,0,0,76,0,0,-10,B,4,6C98ovTM6AWCOJetru0F76,"Penthouse Records Distributors Ltd",JMC711000133,no
291,"EVERLASTING JOY","Levon Vincent",96,9A,42,2026-06-12,08:07,0,"acid house, dub techno","Electronic","SILENT CITIES",2022-07-20,60,12,90,37,0,10,-15,E minor,4,75vlJjuS0EUEIO5OWuuWQo,"NOVEL SOUND NYC",QZK6F2225431,no
292,"I Don't Have to Cry","Maryn E. Coote",96,4A,45,2026-06-12,06:14,15,"sovietwave, synth funk","Electronic, R&B","Maskeraad",2017-08-13,67,83,2,83,0,10,-9,F minor,4,10WvUTS7HieFXTlqPP8XbC,"Peoples Potential Unlimited",USJ3V1466238,no
293,"Lobster - 12  Version","The Word",96,3B,56,2026-06-12,06:57,22,"","","Collected Works",1984-00-00,74,40,31,77,0,10,-12,C♯/D♭,4,4y75DwDgt1yRJO99KBO960,"Edition Hawara",DELJ81941300,no
294,"Enna","K. Frimpong",96,7B,42,2026-06-12,09:48,10,"highlife, hiplife, afrobeat","R&B, Traditional Music, Hip Hop","Abrabo",2022-05-06,58,37,0,76,10,70,-17,F,3,3KR2zjffVaksyZZaJ3IHs4,"Hot Casa Records",FR6Z72200272,no
295,"PLEOCENE - 2020 Remastering","Haruomi Hosono",96,3B,62,2026-06-12,06:11,22,"city pop, shibuya-kei","Pop, Electronic","omni Sight Seeing (2020 Remastering)",1989-00-00,72,3,51,21,0,10,-8,C♯/D♭,4,7lT1p4RAZJcIBulNG9eXSb,"Sony Music Direct (Japan) Inc.",JPU902002393,no
296,"Relax Your Mind (for new mother and baby)","Fumitaka Anzai",96,7B,47,2026-06-12,05:24,8,"","","Exclusive Sequences",2001-06-25,54,2,77,42,0,10,-14,F,4,22U4LaNIHp0lzuC5oryutD,"Apricot Systemacit Recording",ushm20303588,no
297,"DEADMAN BONE (feat. Koffee)","Cruel Santino, Original Koffee",96,12A,77,2026-06-12,02:51,37,"alté, afrobeats, afroswing, afrobeat, afro r&b, afropop, dancehall, reggae","R&B, Traditional Music, Pop, Hip Hop, Electronic, Reggae","Subaru Boys : FINAL HEAVEN",2022-03-03,78,78,0,28,20,20,-5,C♯/D♭ minor,4,1vq8fQ6GIdrys7zmZnQvUc,"Monster Boy/Interscope Records",USUG12200559,yes
298,"Greatest Hits","Jockstrap",96,3B,79,2026-06-12,04:27,41,"art pop","Pop","I Love You Jennifer B",2022-09-09,70,8,42,76,0,0,-8,C♯/D♭,4,5eWKybWrLV0JyI2rU0NfA1,"Rough Trade",GBCVZ2200076,no
299,"I splitter av ljud","Viva!",96,8B,69,2026-06-12,04:13,3,"swedish pop, post-punk, funk pop","Pop, R&B, Rock","I splitter av ljud",1982-05-15,58,18,70,58,0,20,-7,C,4,2dMPr5ugUp94OgoedrWVHy,"Universal Music AB",SEUM70600762,no
300,"pink & rose","Lil Ugly Mane",96,11B,88,2026-06-12,03:22,26,"experimental hip hop, cloud rap, plunderphonics, neo-psychedelic, southern hip hop, horrorcore","Hip Hop, Metal, Rock, Electronic","pink & rose",2022-10-07,76,22,45,64,10,10,-5,A,4,3yVkrGS2o75gGmi5dzshVD,"579218 Records DK2",QZRP42242847,no
301,"Awedny","Ahmed Fakroun",96,9B,77,2026-06-12,03:40,15,"arab groove, libyan pop","R&B, Pop","Awedny",2010-07-21,68,31,0,91,0,30,-11,G,4,78VBaEAuGgWrvtlkqGoI2t,"fakrounmusic",ushm21097175,no
302,"Darling Come Back Home","Barbara Mason",96,9B,60,2026-06-12,05:01,41,"philly soul","R&B","I Am Your Woman, She Is Your Wife",1978-01-01,61,0,0,73,10,0,-10,G,4,0CCL62g05IWcMruWqzCbis,"UNIDISC MUSIC INC.",CAU117800545,no
303,"Where Are We Going? - Alternate Mix","Marvin Gaye",96,9B,71,2026-06-12,03:56,0,"motown, classic soul, soul, northern soul, quiet storm","R&B, Pop, Blues","Let's Get It On (Deluxe Edition)",1973-08-28,73,8,0,96,0,0,-9,G,4,2Hmz50OHLjBnqWkG8EFTCU,"Motown",USMO10110944,no
304,"My Dream","Sunny & The Sunliners",96,3B,48,2026-06-12,02:55,29,"tejano","Latin","Mr. Brown Eyed Soul",2017-09-22,45,56,0,66,0,10,-6,C♯/D♭,4,6f1EUSYj4jy9J7Xdom00s3,"Big Crown Records",QZ2L61700008,no
305,"Ice Train","Ashra",96,10A,88,2026-06-12,07:41,19,"krautrock, space rock, ambient, new age, space music","Electronic, New Age, Rock","Correlations",1979-01-01,52,3,67,79,0,10,-9,B minor,4,08ncIXimXtHv9IxrzrnkcJ,"One Up",GBAAA7900291,no
306,"Real Headfuck","HTRK",96,10A,59,2026-06-12,03:24,0,"cold wave","Electronic, Rock","Real Headfuck / Reverse Déjà vu",2020-10-01,60,17,0,77,0,0,-9,B minor,4,5wPKpBJ0iNq8yPTPZWfK5B,"HTRK",AUJNE2000015,yes
307,"Plain Sailing","Tracey Thorn",96,9A,25,2026-06-12,02:05,19,"","","A Distant Shore",1982-01-01,52,83,0,17,0,20,-16,E minor,3,0SPkOEKPCjGjuxTccIeqP2,"Cherry Red Records",GBBLY8200040,no
308,"Cloud Boat","Masahiro Takahashi",96,8B,16,2026-06-12,05:30,0,"ambient jazz, ambient","Electronic, New Age, Easy Listening, Jazz","Cloud Boat",2023-01-31,61,96,93,22,0,10,-17,C,4,73Z2XEJXQ9GfmswVD55mec,"Telephone Explosion Records",USA2B2204902,no
309,"I Guess I'm Just a Little Too Sensitive","Orange Juice",96,10A,65,2026-06-12,03:51,36,"jangle pop, post-punk, new wave","Pop, Rock","The Orange Juice",1984-11-01,72,9,0,89,0,0,-10,B minor,4,7GejAcJCqmZm7FAU4KHuyv,"Analogue Enhanced Digital Limited",GBCEL1000614,no
310,"I Think Of You","Little annie",96,3B,56,2026-06-12,04:53,35,"","","Short And Sweet",1992-00-00,52,1,50,47,0,0,-17,C♯/D♭,4,36D5zut2til58ggxAbTFy7,"On-U Sound",GB5P59200016,no
311,"Byjente","Snelle",96,3B,49,2026-06-12,02:51,7,"","","Byjente",2020-05-25,88,0,38,8,0,0,-6,C♯/D♭,4,0lAISWKyY7TOm3t9O0FNPn,"Kropp uten Grenser",QZHN42024779,yes
312,"Float On","The Floaters",96,9B,53,2026-06-12,11:48,51,"classic soul","R&B","The Floaters",1977-06-22,54,27,0,62,0,20,-14,G,4,7xg0Rbj3SVOVzQVJEqh5Zd,"Geffen",USMC17746417,no
313,"only thing on my mind","Zack Fox",96,12A,75,2026-06-12,02:42,0,"","","wood tip",2022-12-16,80,10,46,57,10,0,-9,C♯/D♭ minor,4,6hDs7FvfzTMgBJ4zSs6KIu,"Parasang",US25X2204150,yes
314,"That's Right","Saâda Bonaire",96,10A,81,2026-06-12,06:25,14,"","","1992",2022-06-17,77,0,33,30,0,20,-8,B minor,4,1cYTKE1xlgSKBxjoEVmcYc,"Captured Tracks",QMMZN2102283,no
315,"Miss Pretty","Shuggie Otis",96,3B,38,2026-06-12,02:13,28,"afrobeat, funk, psychedelic soul, soul","R&B, Traditional Music, Blues","Inspiration Information/ Wings Of Love",2013-04-12,89,3,4,96,0,10,-15,C♯/D♭,4,1TdDvltf8AsoEhOAVcCezd,"Epic/Legacy",USQX91201895,no
316,"Summer Breeze","Junior Soqeta",96,9B,59,2026-06-12,02:54,0,"nz reggae, christian reggae","Christian, Reggae","The Lion Foundation Songwriting Competition, Vol. 11",2014-10-01,71,22,0,81,0,20,-9,G,4,2VNUUX6YdrKFI74DG5OcPT,"Play It Strange",NZAM01500123,no
317,"It's A Pleasure","Sheree Brown",96,1B,64,2026-06-12,04:06,30,"post-disco, smooth soul","Pop, R&B","Straight Ahead",1981-08-10,76,76,0,81,0,10,-8,B,4,3CvqWETxpRTP2L1nqPMdLq,"CAPITOL CATALOG MKT (C92)",USCA29300120,no
318,"Bananeira","João Donato",96,9B,84,2026-06-12,03:58,21,"bossa nova, brazilian jazz, samba, latin jazz","Jazz, Latin","Ê Menina",2011-01-01,74,35,21,96,0,10,-10,G,4,3hnDMrObIYwH4L10bAS6Z1,"EMI",BREMI9500653,no
319,"Strange Relationship","Prince",96,6A,48,2026-06-12,04:01,35,"funk rock, funk","R&B, Rock","Sign  O  the Times",1987-03-30,81,18,0,93,0,0,-16,G minor,4,2WwnFbWZ1DrTetqEqI1HUQ,"Rhino/Warner Records",USWB10003360,no
320,"Sweet Wanomi","Bill Withers",96,11B,33,2026-06-12,02:35,48,"soul","Blues, R&B","Just As I Am",1971-05-01,76,68,21,93,0,10,-12,A,4,0vJ3Y2MnDXi4hpxSeQdQEC,"Columbia/Legacy",USSM18500525,no
321,"The Dude","Quincy Jones",96,10B,56,2026-06-12,05:37,48,"soul jazz, big band, quiet storm","Jazz, R&B","The Dude",1981-03-28,83,6,1,79,0,0,-13,D,4,0YeMZY4x8FbVIvFmaphMp6,"A&M",USWWW0129203,no
322,"only thing on my mind","Zack Fox",96,12A,75,2026-06-12,02:42,37,"","","wood tip",2022-12-16,81,10,45,58,10,0,-9,C♯/D♭ minor,4,6dY6ahXqNkLuiOfCUdse1K,"Alpha Pup",US25X2204150,no
323,"On Islands","New Musik",96,11B,66,2026-06-12,04:25,22,"synthpop, new wave","Pop, Rock, Electronic","FROM A TO B",1980-01-01,58,18,1,68,0,10,-11,A,4,2y1QoOY1xYpy4Ov7uGBsNw,"GTO",GBBBM8002010,no
324,"Dirty Tricks","The Sweet Inspirations",96,9B,91,2026-06-12,03:00,2,"classic soul, soul, philly soul","R&B, Blues","The Magicians",2007-01-01,63,14,0,89,0,10,-6,G,4,4SYjHStbCi1SiTRWJ3reo7,"UMC (Universal Music Catalogue)",USFI87400623,no
325,"Bad Company","Yazmin Lacey",96,3B,54,2026-06-12,03:38,48,"indie soul, jazz pop, neo soul, alternative r&b, uk r&b","Pop, R&B, Jazz, Hip Hop","Voice Notes",2023-03-03,71,81,26,37,20,10,-8,C♯/D♭,4,6OKOMtpMb2NNRowTlwCFpp,"Own Your Own Records under exclusive licence to Believe",GB45A2202939,no
326,"Dreaming About You","The Blackbyrds",96,9A,29,2026-06-12,05:52,54,"jazz funk, funk","R&B, Jazz","Action",1994-01-01,74,27,10,88,0,0,-17,E minor,4,5voWjUklIhjnNQU5aZCIm4,"Fantasy Records",USC4R1604844,no
327,"Sun Arcs - Laraaji Remix","Blue Lake, Laraaji",96,7B,30,2026-06-12,04:12,12,"ambient, ambient jazz, new age, drone","Electronic, New Age, Easy Listening, Jazz","Sun Arcs (Laraaji Remix)",2024-01-26,22,94,93,4,0,10,-16,F,4,456jtE6XxfXFy8xfw8fwDh,"Tonal Union",GX4FT2302009,no
328,"Lush Life","Sugababes",96,1A,72,2026-06-12,04:28,23,"","","One Touch",2000-01-01,73,0,24,79,0,0,-7,G#/A♭ minor,4,5tBQXC5LOZdRuRGxwmYfmH,"London Music Stream/Because Music",GBAAP0000541,no
329,"Aquarius","Prins Emanuel",96,8B,67,2026-06-12,04:30,44,"","","Arbete/Fritid",2016-09-02,79,10,92,62,0,20,-11,C,4,3DVLljt5FEJKTXeQQW8A3C,"Music For Dreams",DKAZ71609008,no
330,"There Is Only One","Pastor T.L. Barrett and the Youth for Christ Choir",96,8B,77,2026-06-12,03:31,17,"funk gospel, classic soul","R&B, Christian","Do Not Pass Me By Vol. II",2017-11-24,60,35,0,60,0,10,-6,C,4,0osTF6z78PLWF93T729639,"Numero Group",USCW61727008,no
331,"Treasures in This World","Tony Benjamin",96,5A,41,2026-06-12,03:40,26,"lovers rock, roots reggae, dub","Electronic, Reggae","African Rebel",2013-05-07,73,8,0,65,0,10,-12,C minor,4,540rL3UEPivgQsEVBrlFMM,"Ariwa Sounds Ltd.",USV351322283,no
332,"Desiree Song","Bobby Jackson",96,10B,41,2026-06-12,04:22,4,"free jazz","Jazz","Spiritual Jazz 14: PRIVATE",2023-10-06,51,75,42,31,0,10,-10,D,4,3kaLkIJvtO5Xt9Ei8rXDzU,"Jazzman",GBCTF1001480,no
333,"Wir sind uns nah","Wolfsmond",96,8B,31,2026-06-12,03:16,16,"","","Lude Lafayette's Wolfsmond",1977-00-00,74,89,70,66,0,10,-20,C,4,50XW715cnZ8iWKQ7ISDTJU,"Bellaphon",DEA437800016,no
334,"Say What You Want","Texas",96,12B,84,2026-06-12,03:53,69,"","","White On Blonde",1997-03-02,63,20,0,80,0,40,-6,E,4,6h6Ccbgvhibl2XQ0SQNR70,"[PIAS] Recordings Catalogue",GBF089607481,no
335,"Love of Nature","New Composers",96,3A,38,2026-06-12,04:50,31,"acid house","Electronic","Astra (Russian Edition)",2017-07-31,62,4,0,79,0,10,-15,A#/B♭ minor,4,0Kf6hvY1Zau6xr8spyBh9J,"Maschina Records",FRX762195730,no
336,"Forbidden Dreams","Shakti",96,3B,62,2026-06-12,05:51,0,"ebm","Electronic","Verboden Dromen",2019-11-27,68,2,91,75,0,0,-11,C♯/D♭,4,7KthSsUVpHi8iaffcQqULC,"Stroom",UK6821833582,no
337,"Frontline","Good Sad Happy Bad",96,3B,59,2026-06-12,02:56,21,"","","All kinds of days",2024-11-08,56,59,19,57,0,10,-9,C♯/D♭,4,4T97aQcxWSGk6N2L4L6f5C,"Textile Records",FR9W12433314,no
338,"Ravin' - Live","Misha Panfilov",96,6B,40,2026-06-12,07:12,13,"experimental jazz, ambient jazz","Easy Listening, Jazz","Live In Stockholm And Tallinn",2024-09-06,43,64,75,55,0,70,-12,A#/B♭,4,1TmHcTnmv4P7kQ6hMUunqw,"Funk Night Records",QZTBB2403856,no
339,"Orbiting","Søren Skov Orbit",96,4A,45,2026-06-12,06:26,20,"indie jazz","Jazz, Pop","Adrift",2024-08-23,69,13,87,88,0,10,-11,F minor,4,5fV5e9XbX0Wo0B2BcIxzJh,"Frederiksberg Records",DEG932402617,no
340,"Stars In The Nile","Prophetic Justice Ministry",96,9A,64,2026-06-12,02:56,17,"","","Prophetic Justice Ministry, Vol. 1",2024-11-15,49,69,51,67,0,10,-10,E minor,4,2H0UPlvtUVv5ImuVkdxjGQ,"Prophetic Justice Ministry",QZWFT2492895,no
341,"Just A Conversation","Slapp Happy",96,10B,55,2026-06-12,04:08,20,"krautrock, art pop, art rock, avant-garde","Pop, Rock, Classical, Jazz, Electronic","Sort Of",1972-01-01,57,12,8,40,0,0,-8,D,4,77Lyg4Uzyb8FlhXZdSOTLC,"Week-End Records",DEU161503545,no
342,"Ingani","Penny Penny",96,8A,76,2026-06-12,05:21,35,"","","Yogo Yogo",2020-08-14,71,12,0,43,0,10,-9,A minor,4,4s1Pmf3eRkUq18MoiMiZkW,"Awesome Tapes From Africa",QMUGB2003002,no
343,"Cruise Control","Headless Chickens",96,1B,78,2026-06-12,04:32,28,"","","Body Blow",1991-01-01,69,1,21,80,0,30,-13,B,4,24ds1EOVAIjKX8P6RMZRCa,"Flying Nun Records",NZFN00400437,no
344,"Crepuscule Leger","Satoshi & Makoto",96,6B,51,2026-06-12,06:49,38,"ambient","Electronic, New Age","CZ-5000 Sounds & Sequences",2017-10-20,61,58,92,38,0,20,-14,A#/B♭,4,7nxDB3xbrAA93OQmRVtVfW,"Safe Trip",NLK5V1700030,no
345,"Koeeoaddi There - 2010 Remaster","The Incredible String Band",96,8B,30,2026-06-12,04:46,26,"psychedelic rock, folk rock, acid rock, folk","Rock, Folk","The Hangman's Beautiful Daughter",1968-00-00,37,69,0,15,0,10,-12,C,4,5b2a3EwlierAubBmzyzZcg,"Rhino/Elektra",USEE11000526,no
346,"Oil","Jeanette",96,2B,55,2026-06-12,04:00,8,"","","Prefab in the Sun",1988-03-07,55,42,0,82,0,10,-13,F#/G♭,4,6Yf7pkEcICwIZMMYCfGh5O,"Cherry Red Records",GBBLY1704564,no
347,"Marcia, Baila, Suogna","Megabasse",96,1A,44,2026-06-12,09:30,10,"ambient","Electronic, New Age","Flamenca",2025-03-18,33,55,75,4,0,10,-12,G#/A♭ minor,4,6a0OEvKbr6g7GyIb2NOvw3,"Efficient Space",QM4TW2507357,no
348,"Real Headfuck","HTRK",96,10A,51,2026-06-12,03:25,27,"cold wave","Electronic, Rock","Rhinestones",2021-09-17,59,40,0,64,0,0,-12,B minor,4,3nECns2zlcFjJBFWIrCEeN,"Ghostly International",AUJNE2000025,yes
349,"Automobile Noise","The Blue Nile",96,9B,39,2026-06-12,05:10,11,"art rock, synthpop","Rock, Electronic, Pop","A Walk Across the Rooftops (Deluxe Version)",2012-00-00,72,77,0,44,0,0,-13,G,4,5LmNtJAISiaPd5TbPwp017,"Confetti Records",GBAAA1200707,no
350,"Big Muff - Drum Machine Version","John Martyn",96,11A,27,2026-06-12,04:51,5,"folk rock, folk","Folk, Rock","One World (Deluxe Edition)",1977-00-00,84,77,8,58,20,0,-17,F#/G♭ minor,4,6CfH96vK6gADo2tBmS4B32,"UMC (Universal Music Catalogue)",GBAAN0400413,no
351,"Let the Dollar Circulate","Billy Paul",96,2A,76,2026-06-12,04:58,37,"philly soul, classic soul, soul, motown","R&B, Pop, Blues","When Love Is New",1975-12-01,62,2,0,88,0,0,-9,D#/E♭ minor,4,3ihmJ6AKx2BC6vWhx25eaH,"Legacy Recordings",USSM17501085,no
352,"Subaru Nights","Insecure Men",96,3B,59,2026-06-12,04:55,23,"","","Insecure Men",2018-02-23,66,2,10,84,0,0,-7,C♯/D♭,4,4hFPuxTdssGfmbD98TAD3u,"Fat Possum",USFP71764701,no
353,"La Mer - Live","Julio Iglesias",96,6B,60,2026-06-12,04:28,43,"","","En El Olympia",1976-09-25,48,38,0,63,0,30,-13,A#/B♭,4,1OVSyiY9YkHOq1FzEb94sq,"Columbia/Legacy",USSM11507508,no
354,"Lady Lady - Live from Shepherd’s Bush Empire","Olivia Dean",96,1B,47,2026-06-12,03:42,31,"pop soul","Pop, R&B","Lady Lady (Live from Shepherd’s Bush Empire)",2025-08-07,36,45,0,33,0,60,-12,B,4,2L1lvyvGmYBTNYy5oCCJBb,"PLG - Capitol",GBUV72501286,no
355,"Bicho No Cio","Marcos Valle",96,6A,56,2026-06-12,04:21,25,"bossa nova, brazilian jazz","Jazz, Latin","Vontade de Rever Você",1981-01-01,76,9,0,71,0,0,-9,G minor,4,7eAq8vAOERXHIjKBkpg6Kc,"Som Livre",BRSGL8100003,no
356,"Eyes Closed","Melody's Echo Chamber",96,9B,89,2026-06-12,02:57,29,"neo-psychedelic, dream pop, psychedelic rock","Pop, Rock","Eyes Closed",2025-10-29,55,2,84,57,0,0,-6,G,4,7dTZ0dEnpFed6ohli3g5NE,"Domino Recording Co",GBCEL2500403,no
357,"By My Side","Pure Pleasure",96,7A,32,2026-06-12,03:55,19,"","","Dancin' Prancin' / By My Side",1980-09-01,63,21,0,81,20,10,-17,D minor,4,3una6OI6v7V3aJrCmtdPz5,"Soul7",GBCTF1001185,no
358,"Unchanging Window / Chord Simple","Broadcast",96,8A,60,2026-06-12,07:02,22,"dream pop, neo-psychedelic","Pop, Rock","The Future Crayon",2006-08-21,53,0,50,12,0,10,-9,A minor,4,4SUfFbN7ZDW6fQh1R2lSev,"Warp Records",GBBPW0000121,no
359,"Gospel Groove","Shuggie Otis",96,9B,37,2026-06-12,04:15,41,"afrobeat, funk, psychedelic soul, soul","R&B, Traditional Music, Blues","Here Comes Shuggie Otis",1970-00-00,44,79,26,40,0,30,-14,G,3,55mwnnVCq90cdzFro3UFGZ,"Epic/Legacy",USSM10308776,no
360,"Komi ikalon","Mamadou Doumbia",96,9A,38,2026-06-12,06:15,5,"","","Vol. 2",1987-01-01,54,99,44,87,0,10,-16,E minor,4,4CkaDuQxTt0NmyXBwGF1zy,"Badmos International",QM7281833481,no
361,"Up So High","The What’s New",96,10B,91,2026-06-12,02:32,9,"","","Fuzz, Flaykes & Shakes, vol. 4",2025-02-07,43,15,16,92,0,20,-7,D,4,3inyCSAokirXPxz69HDpPp,"ODL",CYA1E2500417,no
362,"Confusion","ZEE",96,3A,53,2026-06-12,04:17,10,"art rock","Rock","Identity",2025-09-02,73,3,0,60,0,10,-14,A#/B♭ minor,4,2gJo8CVbIY6DhkLP805UXB,"Richard Wright Music Ltd",USX9P2592786,no
363,"Chiquilla En Onda","Los Orientales de Paramonga",96,12B,60,2026-06-12,02:50,15,"chicha, cumbia, electrocumbia","Latin, Traditional Music, Electronic","Chiquilla En Onda",2026-05-15,63,7,79,97,0,0,-14,E,4,1RzLbArV6mWCK4cDI2XDvW,"Analog Africa",DENR92510303,no
364,"If You Don't Want Me To - Andras Remix","Joanna, Andras",96,11A,87,2026-06-12,03:39,14,"madchester, jangle pop, jazz house, lo-fi house","Pop, Rock, Electronic, Jazz","Joanna (Remixes)",2026-01-12,77,5,57,91,0,0,-11,F#/G♭ minor,4,5wKgHUX9ky0SHFrn6TmWQw,"New Feelings",USA2B2516500,no
365,"You Look so Good","Twilight",95,3B,62,2026-06-12,04:06,0,"","","Pains of Love",2010-05-11,58,14,0,53,0,20,-9,C♯/D♭,4,7hCIiYJdPxoVHs0vXMRLyA,"Luv N' Haight",USLNH1006004,no
366,"Doing Our Thing with Pride","Al-Dos Band",95,1B,68,2026-06-12,04:34,23,"funk gospel","Christian, R&B","Doing Our Thing with Pride",2021-09-03,50,45,0,55,0,0,-8,B,4,56S3RgSVfgRH0jZbLnv23Z,"Kalita Records",UKR7K1800129,no
367,"Way I Feel About You","Davina",95,3B,35,2026-06-12,04:12,0,"neo soul","R&B","Best of Both Worlds",2015-05-15,81,2,8,36,0,10,-11,C♯/D♭,4,2HQhcoCNgaiD2BoglzBZGy,"DavinaMusic",QM4DW1506402,no
368,"Rabe Hive","Aynur",95,3A,13,2026-06-12,06:12,5,"oyun havası","","Hedûr - Solace of Time",2020-02-07,45,94,0,7,0,0,-12,A#/B♭ minor,3,5DgQh4Z4HvSWkSRAlj0HVk,"Aynur",QMFME1969219,no
369,"Love Loss Missing Yearning","Sockethead",95,5A,67,2026-06-12,03:06,1,"","","Harj-o-Marj",2020-11-05,49,20,0,69,0,10,-7,C minor,4,6EpVUCm4kiECdUCgVyY2xy,"YOUTH",GBQLP2000966,no
370,"Head Over Heels - Dave Bascombe 7  N.Mix","Tears For Fears, Dave Bascombe",95,9B,74,2026-06-12,04:17,75,"new wave, synthpop","Pop, Rock, Electronic","Songs From The Big Chair (Deluxe)",1985-02-25,62,34,0,64,0,10,-8,G,4,5lwQGZYF4BXOzFtXc5zk8q,"UMC (Universal Music Catalogue)",GBF080400754,no
371,"Rapp Snitch Knishes","MF DOOM, Mr. Fantastik",95,9B,83,2026-06-12,02:52,76,"experimental hip hop, east coast hip hop, jazz rap, alternative hip hop","Hip Hop, Jazz","MM..FOOD",2004-11-16,73,33,0,83,20,50,-7,G,4,5KUNwkaNf8l5A9sXZhiCgI,"Rhymesayers",USBWK0700049,yes
372,"Coffin Nails","MF DOOM",95,3A,81,2026-06-12,01:59,0,"experimental hip hop, east coast hip hop, jazz rap, alternative hip hop","Hip Hop, Jazz","Metal Fingers Presents: Special Herbs, The Box Set Vol. 0 - 9",2006-01-24,77,2,90,95,0,20,-12,A#/B♭ minor,4,0tUb9gLtHyTzzycyNzr9Uh,"Metalface",USHKR0912023,no
373,"Small Car","Marvin Pontiac",95,3A,54,2026-06-12,05:48,30,"","","The Legendary Marvin Pontiac - Greatest Hits",2006-05-30,70,43,8,90,0,20,-13,A#/B♭ minor,4,2Aj0VVWg10s0tDGrZ5bsKr,"Strange and Beautiful",USSBM0101802,no
374,"St. Matthew Passion, BWV 244 / Part One: No. 33 Aria (Soprano, Alto, Chorus II):  So ist mein Jesus nun gefangen ","Johann Sebastian Bach, Gundula Janowitz, Christa Ludwig, Wiener Singverein, Chor der Deutschen Oper Berlin, Berliner Philharmoniker, Herbert von Karajan",95,8A,13,2026-06-12,05:23,0,"baroque, classical, classical piano, concerto, early music, opera, choral, orchestral, ballet, impressionism","Classical","Home cleaning with Bach",2022-03-19,25,99,59,16,0,0,-20,A minor,1,3lumlgq0p6LVJQodjbVUv8,"UME - Global Clearing House",DEF057230637,no
375,"Come with Me - The Chill","Paprika Soul",95,9A,69,2026-06-12,05:06,39,"","","Come with Me / Métro / Swampin",2022-02-25,62,7,67,53,0,10,-10,E minor,4,6EVNFCxkws1tpyxtUGTgnf,"Heels & Souls Recordings",UKACT2230242,no
376,"Junglelife","Joe Mubare",95,3A,49,2026-06-12,06:28,6,"","","Private Scream",1990-09-09,73,18,11,63,0,0,-15,A#/B♭ minor,4,1mCrqKNQCUs5bB2trxoZqV,"Fuego",DEC830900554,no
377,"The Four Horsemen","Aphrodite's Child",95,10B,65,2026-06-12,05:53,50,"progressive rock, psychedelic rock, baroque pop, krautrock, art rock","Rock, Classical, Pop, Electronic","6 6 6",1971-01-01,29,6,0,19,0,10,-12,D,4,5FgQkEcqMXCqFdcsEx143b,"EMI",NLF057190036,no
378,"If You Love Me","Brownstone",95,9B,58,2026-06-12,05:04,64,"new jack swing","R&B","From The Bottom Up",1993-06-01,69,23,0,21,0,10,-10,G,4,0BTGqPIW9acmhhUmENkq5r,"MJJ Music",USSM19400975,no
379,"St. Matthew Passion, BWV 244 / Part One: No. 33 Aria (Soprano, Alto, Chorus II):  So ist mein Jesus nun gefangen ","Johann Sebastian Bach, Gundula Janowitz, Christa Ludwig, Wiener Singverein, Chor der Deutschen Oper Berlin, Berliner Philharmoniker, Herbert von Karajan",95,8A,13,2026-06-12,05:23,0,"baroque, classical, classical piano, concerto, early music, opera, choral, orchestral, ballet, impressionism","Classical","Bach for Yoga",2022-04-02,25,99,59,16,0,0,-20,A minor,1,24TvhBMzLxxH61F2JfY61i,"UME - Global Clearing House",DEF057230637,no
380,"Crush","Zhané",95,2A,56,2026-06-12,03:00,0,"new jack swing","R&B","Saturday Night",1997-04-22,76,46,0,67,0,0,-8,D#/E♭ minor,4,4RWThSGhuuLKClvorIrEpo,"UNI/MOTOWN",USMO19700045,no
381,"Shine On","Kitty Craft",95,2B,87,2026-06-12,03:36,37,"shibuya-kei","Electronic, Pop","Beats and Breaks from the Flower Patch",1998-07-22,62,24,84,84,10,0,-6,F#/G♭,4,4Id3utaOvmmZ5B9Q6pr9Hv,"Takotsubo Records",QZFZ31965619,no
382,"Don't You Ever (Try To Change Me)","Loose Ends",95,1A,27,2026-06-12,04:28,41,"post-disco, new jack swing","R&B, Pop","Look How Long",1990-01-01,81,5,5,59,0,20,-15,G#/A♭ minor,4,4utTIZQ349USPaOdgN1RDZ,"Virgin Catalogue",GBAAA9901499,no
383,"Mein Maschine Ist Schön - Single Edit","Cos",95,9A,33,2026-06-12,03:42,0,"krautrock, progressive rock, art rock","Rock, Electronic","Mein Maschine Ist Schön/The ff BOOM",2021-03-05,46,68,5,14,10,10,-14,E minor,4,2MaRp394azKnWLq5UMkMlR,"Finders Keepers Records",GBRNP2001001,no
384,"Ms. Jackson","Outkast",95,9A,81,2026-06-12,04:30,87,"southern hip hop, hip hop","Hip Hop","Stankonia",2000-10-31,84,14,0,61,20,0,-6,E minor,4,0I3q5fE6wg7LIfHGngUTnV,"Arista/LaFace Records",USLF20000357,yes
385,"Does Caroline Know? - 1997 Remaster","Talk Talk",95,12B,55,2026-06-12,04:30,35,"new wave, synthpop","Pop, Rock, Electronic","It's My Life",1984-00-00,72,38,44,89,0,0,-10,E,4,6yIY0S3vQIplRWO92jymmr,"Parlophone UK",GBAYE9700495,no
386,"Mister Wong (Disco Dub)","Bella Vista",95,12A,75,2026-06-12,04:45,0,"","","Mister Wong",2019-07-19,79,4,33,60,0,0,-9,C♯/D♭ minor,4,0a1b89LBNsO1q7fywZIzAV,"Isle of Jura Records",USA2P1931174,no
387,"My Own Heaven","BEA1991",95,1B,44,2026-06-12,03:59,0,"","","Brand New Adult",2019-07-12,38,82,23,20,0,0,-13,B,4,2V0ClooV1H4hOnbkzspVIR,"BEA1991",GBKPL1939747,no
388,"Ain't No Woman (Like The One I've Got)","The Friends Of Distinction",95,8B,68,2026-06-12,03:29,15,"classic soul, motown","R&B, Pop","Love Can Make It Easier",1973-03-01,59,21,0,92,0,0,-9,C,4,3b2LnuN5OBaDXgI3Wd1azn,"RCA/Legacy",USRC11602803,no
389,"Speed Racer","Fernanda Abreu",95,5A,71,2026-06-12,04:02,43,"samba, mpb, brazilian pop, brazilian rock","Pop, Rock, Latin","Sla Radical Dance Disco Club",1990-00-00,79,5,51,79,0,0,-9,C minor,4,5kZbymDUiBrZu6QLddJOhL,"Universal Music Ltda.",BREMI9700261,no
390,"Come And Play In The Milky Night (Demo)","Stereolab",95,11A,30,2026-06-12,02:01,0,"art pop, krautrock, neo-psychedelic, post-rock","Pop, Electronic, Rock","Cobra And Phases Group Play Voltage In The Milky Night (Expanded Edition)",1999-00-00,43,96,91,43,0,10,-17,F#/G♭ minor,4,1ql7B8knGgf009uJYWeKZo,"Duophonic / Warp Records",GB5P51900191,no
391,"Blessing","Alex G",95,8B,60,2026-06-12,03:05,35,"","","Blessing",2022-05-23,60,1,60,41,0,10,-7,C,4,14ZagAXGWz5Ycpm0AsZQYZ,"Domino Recording Co",GBCEL2200063,no
392,"Come With Me (Bossa Mix)","Paprika Soul, Sarah Newell",95,10A,93,2026-06-12,04:59,18,"","","Club Mixes",2018-12-08,58,4,0,91,0,0,-6,B minor,4,6H2vuvctH4WR8BrXMutoMg,"Alan Barnes Productions",TCADY1865092,no
393,"Love Song","Robert Lamm",95,11B,79,2026-06-12,03:15,11,"aor, yacht rock","Rock, Pop","Skinny Boy 2.0",2006-01-01,64,57,18,85,0,10,-10,A,4,6PbLsUD3qTPqQIZZu6ZtwM,"Blue Infinity",uscgj0684659,no
394,"Imaginary Friends","Dena",95,6A,48,2026-06-12,04:04,2,"italo disco, indie dance","Electronic, Pop","If It's Written",2018-09-14,81,42,11,72,10,10,-12,G minor,4,0uggN353RMVQb7V1AjIdZb,"Mansions and Millions",DEX261800117,no
395,"This Just In","Peven Everett",95,9B,62,2026-06-12,05:23,0,"uk garage, jazz house, chicago house, uk funky","Electronic, Jazz","Power Soul",2006-00-00,75,33,0,60,0,10,-11,G,4,6rqlwb7rea0MJPd73fuIlU,"Defected Records",GBCPZ0601665,no
396,"Adventures In Success","Will Powers",95,1A,65,2026-06-12,03:41,42,"post-disco","Pop, R&B","Dancing For Mental Health",1983-01-01,89,10,0,79,10,0,-11,G#/A♭ minor,4,4IlCLjsGXojHEkLO5hEPXz,"Will Powers",uscgj0510884,no
397,"World In a Crisis","Barbara Mason",95,12A,53,2026-06-12,03:25,16,"philly soul","R&B","Transition",1974-08-01,66,22,0,96,0,10,-14,C♯/D♭ minor,4,1KYdf8xJ2USP7jzoIq6apG,"Buddah/Legacy",USBR10500093,no
398,"green light","Odunsi (The Engine), Tay Iwar",95,3A,56,2026-06-12,02:49,27,"alté, afrobeats, afro r&b, afro soul, afroswing, afrobeat, afropop","R&B, Traditional Music, Pop, Hip Hop, Electronic","rare.",2018-10-12,80,72,85,54,0,10,-4,A#/B♭ minor,4,1fgikocwdwBFXLPZnOkJ0Y,"Kimani Moore Entertainment Ltd",US23A1500995,no
399,"Head Over Heels","Tears For Fears",95,9A,84,2026-06-12,04:16,65,"new wave, synthpop","Pop, Rock, Electronic","Rule The World: The Greatest Hits",2017-11-10,60,50,0,65,0,10,-4,E minor,4,748yv6bb3l3CcKS45a6SZ8,"EMI",GBF088590112,no
400,"Go On","a.s.o.",95,3A,55,2026-06-12,02:52,18,"trip hop, downtempo","Electronic, Hip Hop","Go On",2022-10-28,41,64,64,26,0,10,-13,A#/B♭ minor,4,1vwzpWzUG5c8Hr36bu1Cbw,"Low Lying Records",QMBZ92285876,no
401,"Sa Dako Paroon","Bong Penera",95,9B,49,2026-06-12,05:41,22,"bossa nova, opm, kundiman","Jazz, Latin, Folk, Traditional Music, Pop","Re-Issue Series: Bong Peñera",2009-11-01,76,53,79,59,10,10,-14,G,4,3q5v9w3EIV1W4e9u53MMFV,"Vicor Music",USA371168696,no
402,"Letter From A Lifeboat","The Sugargliders",95,11B,74,2026-06-12,04:23,3,"jangle pop, indie pop","Pop, Rock","A Nest With A View",2012-10-01,38,70,26,68,0,10,-10,A,4,1Nk89mZe8pp6Nhh5fDic5A,"Matinée Recordings",USGDD1286206,no
403,"Hold on to Your Fire","Libido",95,11A,60,2026-06-12,03:11,3,"","","High In The Morning: The British Progressive Pop Sounds Of 1973",2022-09-30,48,4,1,44,0,10,-6,F#/G♭ minor,4,02JVsCwjAu2kaivWkmhICq,"Grapefruit",GBBLY1900920,no
404,"COO","B. Cool-Aid, Pink Siifu, Ahwlee",95,1A,65,2026-06-12,03:06,0,"experimental hip hop","Hip Hop","bonded",2022-12-01,41,35,5,32,10,20,-11,G#/A♭ minor,3,7kIoFQjXDgxylnL2bI5lSg,"Lex Records",GBMYF2200152,yes
405,"Right Down Here","Asha Puthli",95,3A,56,2026-06-12,04:08,34,"","","Asha Puthli",2003-01-01,86,2,3,88,0,0,-18,A#/B♭ minor,4,2rBzk53lHhoOZ4HCmtKhuA,"CBS / Asha Puthli Inc.",ushm20612418,no
406,"My Song","Labi Siffre",95,8B,32,2026-06-12,04:44,65,"classic uk pop","Pop","Crying Laughing Loving Lying",1972-00-00,42,86,0,28,0,10,-13,C,4,2EQWbkcNoKPOXQtJM7nqRV,"Edsel",GB01A0600033,no
407,"I Found My Smile Again (Radio Edit)","D'Angelo",95,8B,55,2026-06-12,04:00,59,"neo soul","R&B","I Found My Smile Again",2008-12-01,77,36,0,69,0,10,-8,C,4,3uq6qe8ouF012GLOcLyWcH,"GMUSIC",US55G0810001,no
408,"Coast Road - 2021 Remaster","David Crosby",95,4B,24,2026-06-12,05:15,19,"folk rock, singer-songwriter","Folk, Rock","If I Could Only Remember My Name (50th Anniversary Edition; 2021 Remaster)",1971-00-00,47,74,8,13,0,30,-17,G#/A♭,4,2emi8RTWAdMNOhKUNzmdfW,"Rhino Atlantic",USRH12101707,no
409,"Mnemophobia","Brainstory",95,12A,48,2026-06-12,02:48,54,"retro soul","R&B","Buck",2019-11-15,67,62,0,80,0,0,-5,C♯/D♭ minor,4,33QyoRmhHKADVNXnn4VgvY,"Big Crown Records",QZ2L61800101,no
410,"Ooh Boy","Sandra Reid",95,9B,43,2026-06-12,03:49,13,"lovers rock, soul jazz","Reggae, Jazz, R&B","Soul Jazz Records presents LIFE BETWEEN ISLANDS - Soundsystem Culture: Black Musical Expression in the UK 1973-2006",2022-01-28,81,16,0,62,0,20,-10,G,4,1gbhHrL7oick20idoHpID8,"Soul Jazz Records",GBBCK2101742,no
411,"Linger","The Cranberries",95,9B,43,2026-06-12,04:34,82,"","","Everybody Else Is Doing It, So Why Can't We?",1993-03-01,44,8,0,20,0,10,-15,G,4,0gEyKnHvgkrkBM6fbeHdwK,"Island Records",USIR29300085,no
412,"Candlelight - Alternate","Sjunne Ferger, Exit",95,6A,74,2026-06-12,02:53,8,"","","Childrens Mind feat. Exit",2021-04-02,60,52,42,60,0,10,-11,G minor,4,56FRDNfpdrEoP4YRarRqEF,"Strangelove Music",DECY52100280,no
413,"Infinite Bliss","Maston",95,10B,45,2026-06-12,01:33,51,"","","Tulips",2017-10-27,53,52,97,63,0,10,-10,D,3,21rsiCXG7sA0CqEUOTMHNY,"Phonoscope",TCADF1756581,no
414,"It's Gotta Be Real","The Association",95,9A,40,2026-06-12,02:17,5,"baroque pop, acid rock","Rock, Classical, Pop","Stop Your Motor",1971-00-00,77,66,0,88,0,10,-12,E minor,4,4O4Xs0eDilO8CefxgqfYfF,"Rhino/Warner Records",USWB10200202,no
415,"I'm still in love with you","dip in the pool",95,9B,39,2026-06-12,04:40,21,"art pop, jazz house, shibuya-kei","Pop, Electronic, Jazz","AURORAE",1991-03-25,79,33,69,61,0,0,-14,G,4,5yaUnqL6POgRgXjMhRr7pR,"WM Japan",JPWP00600961,no
416,"Liquid Deep","dreamcastmoe",95,7B,15,2026-06-12,03:55,37,"","","Liquid Deep",2017-03-22,79,16,75,70,0,10,-20,F,4,4yBom7O0hUmwRrhzNRjxiS,"Spectral Sound",USJ3V2015558,no
417,"No One's","Foxy Brown",95,8B,58,2026-06-12,03:42,41,"east coast hip hop","Hip Hop","Ill Na Na",1996-01-01,84,47,0,67,20,10,-10,C,4,3eBZphHIdi7dvReSXXxVKT,"RAL (Rush Associated Label)",USRL19600393,yes
418,"Welche Farbe Hat Der Wind","Hans Hass",95,8B,90,2026-06-12,04:29,21,"","","Welche Farbe Hat Der Wind",2022-04-22,45,11,3,89,10,30,-8,C,4,7hrLP3ZoeDHwXrZGpEPLdn,"Tramp Records",DELO20911753,no
419,"Five Moments","The Field Mice",95,1B,48,2026-06-12,05:16,22,"jangle pop, dream pop, indie pop, shoegaze","Pop, Rock","For Keeps",1991-01-01,53,5,22,40,0,0,-14,B,4,4mvNgfamNLFlhCoy65Xoow,"SARAH RECORDS",GBMFU0600362,no
420,"May This Be Love","Jimi Hendrix",95,4B,61,2026-06-12,03:11,35,"psychedelic rock, classic rock, acid rock, blues rock","Rock, Blues","Are You Experienced",1967-05-12,52,21,15,48,0,10,-9,G#/A♭,4,7jDhN4HgZjrirHMo3fofn3,"Legacy Recordings",USQX90900769,no
421,"Git Up","Brian Auger & Julie Tippetts",95,7B,78,2026-06-12,03:48,16,"","","Encore",1978-00-00,70,42,17,77,0,20,-7,F,4,2hbbVi7pS6nqB9wVC8LPt3,"Rhino/Warner Records",USWB10604002,no
422,"Aquamarie Luvs Ecstasy","Amaarae",95,12A,46,2026-06-12,04:38,42,"alté, afrobeats, afro r&b","R&B, Traditional Music, Electronic, Hip Hop","Fountain Baby",2023-06-09,57,77,30,24,0,10,-10,C♯/D♭ minor,4,0xIy8FcIz088Ec4dxslUtm,"Golden Angel/ Interscope Records",USUG12302679,yes
423,"Keep Your Faith to the Sky","Willie Scott & The Birmingham Spirituals",95,3A,85,2026-06-12,05:09,20,"funk gospel","Christian, R&B","Keep Your Faith to the Sky",2019-07-09,64,72,0,84,0,10,-4,A#/B♭ minor,4,5DKwHzOqFddKXahUg2DYtY,"Luaka Bop",USLB11910004,no
424,"Japão","Dora Morelenbaum",95,9A,34,2026-06-12,03:27,0,"new mpb, bossa nova","Jazz, Latin, Traditional Music","Japão",2021-03-25,37,93,0,16,0,10,-12,E minor,4,4OCncm9dsYXbwHoGtjZfUx,"Alá Comunicação e Cultura",BRM052100001,no
425,"Supernatural Thing Parts 1 & 2","Ben E. King",95,3A,75,2026-06-12,07:15,31,"","","Music Trance",2018-11-16,68,13,1,78,0,0,-7,A#/B♭ minor,4,3Ho8o6dZUT2pUBVCk9sLt3,"Warner Music Group - X5 Music Group",USAT21303498,no
426,"Lover","Nite Jewel",95,12B,55,2026-06-12,04:17,23,"chillwave, art pop","Pop, Electronic","Good Evening",2009-05-07,67,70,83,55,0,10,-10,E,4,4IuoDtUpacLeo8vA9RjiIy,"Gloriette Records",USA2B0946710,no
427,"Fazer Dinheiro","Afreekassia",95,4B,45,2026-06-12,02:06,29,"","","Fazer Dinheiro",2020-02-09,77,77,0,16,20,0,-9,G#/A♭,4,67JZrwuJwSF022gYFFEWiR,"Afreekassia",US7VG2070529,no
428,"Dreaming Casually","Thee Midniters",95,8B,66,2026-06-12,02:59,42,"","","Chicano Explode in Concert",2015-09-03,49,58,0,67,0,50,-6,C,4,4QHlzEmen6tBNSUh5wbxh3,"I.T.P. Records",USDNB9954513,no
429,"Something blue","Hiroshi Yoshimura",95,7B,3,2026-06-12,05:45,18,"ambient, minimalism, drone","Electronic, New Age, Classical","Something blue",1986-01-17,64,99,89,39,0,0,-28,F,3,45ekwK1aRSJ2DCSRmZ0fLk,"Temporal Drift",QZAKB2351708,no
430,"Performing Seals","China Crisis",95,2B,39,2026-06-12,02:47,5,"new wave, synthpop","Pop, Rock, Electronic","Singles / B-Sides / Versions",2022-07-15,61,78,92,7,0,0,-14,F#/G♭,4,3FEV3U5vBf8D5ZPqgXGmtN,"UMC (Universal Music Catalogue)",GBAAA9901173,no
431,"Never My Love","The Association",95,2B,27,2026-06-12,03:10,55,"baroque pop, acid rock","Rock, Classical, Pop","Greatest Hits",1968-11-26,50,56,0,56,0,0,-17,F#/G♭,4,2cwjS2UkebBgXfQgUZvr4W,"Warner Records",USWB19901618,no
432,"Looks That Kill","Thomas Leer",95,10B,95,2026-06-12,05:16,5,"post-punk, synthpop, cold wave, new wave, gothic rock","Electronic, Rock, Pop","Contradictions",1994-01-01,71,80,71,87,0,10,-12,D,4,2IqQcvDBYEeHz3nAXSYWpf,"Cherry Red Records",GBBLY8100165,no
433,"Seaside Weekend","Antena",95,10A,39,2026-06-12,03:18,39,"","","Camino Del Sol",2004-03-01,69,52,58,89,0,10,-18,B minor,4,7znrC4oNkKiCDiUwyuRxy0,"Numero Group",USTC10607747,no
434,"Faster Than A Speeding Bullet","iSH",95,11B,33,2026-06-12,03:05,14,"","","Ish",2011-03-22,74,48,1,31,0,20,-21,A,4,4wH0ZWioUVeit5O5xlWYHZ,"Henry Stone Music USA, Inc.",USBEN1155504,no
435,"Yen Ara","Ebo Taylor",95,4B,87,2026-06-12,03:10,38,"highlife, afrobeat, afropop","R&B, Traditional Music, Pop","Yen Ara",2018-04-06,64,26,47,97,0,0,-9,G#/A♭,4,1DwuneE2dC5A0jqxe8Htlz,"Mr Bongo",GBCLQ1700177,no
436,"I'm a One Man Woman","Barbara Lynn",95,4A,81,2026-06-12,02:30,24,"northern soul","R&B","The Atlantic Collection",2018-05-12,72,31,0,93,10,60,-7,F minor,4,3AMy1Ukan4Iord87v2kLbn,"Warner Music Group - X5 Music Group",USAT21403914,no
437,"Come And Play In The Milky Night (Demo)","Stereolab",95,11A,29,2026-06-12,02:01,49,"art pop, krautrock, neo-psychedelic, post-rock","Pop, Electronic, Rock","Cobra And Phases Group Play Voltage In The Milky Night (Expanded Edition)",1999-00-00,43,96,94,44,0,10,-17,F#/G♭ minor,4,5Aon86qtmerQqXTYyEx9Vh,"Duophonic / Warp Records",GB5P51900191,no
438,"Something blue","Hiroshi Yoshimura",95,7B,3,2026-06-12,05:45,45,"ambient, minimalism, drone","Electronic, New Age, Classical","Surround",1986-01-17,64,99,88,39,0,0,-28,F,3,2TFFRyPHLMp9b5d6SPBHRG,"Temporal Drift",QZAKB2351708,no
439,"Love the Feeling","Leroy Hutson",95,4A,81,2026-06-12,02:53,0,"chicago soul, classic soul, jazz funk","R&B, Jazz","Hutson II",1976-01-01,63,8,0,80,0,0,-12,F minor,4,5LbYJuBLePb3NqqDT1e7XH,"Acid Jazz",US2YB7677780,no
440,"La Ventana","Pablo Color",95,9A,66,2026-06-12,03:54,25,"","","La Calle Roja",2019-02-15,71,60,72,91,0,0,-11,E minor,4,3RJkKHntyih8RJwZsgiPQD,"ISH / Haus & Baum",QZDA71930888,no
441,"Head to the Sky / Devotion - Live at the Omni Theater, Atlanta, GA - May 1975","Earth, Wind & Fire",95,8A,83,2026-06-12,06:28,26,"funk, disco","Pop, R&B","The Eternal Dance",1992-09-08,38,58,0,61,0,30,-7,A minor,4,3R05ey9gQbZSJmzb4Hj0dn,"Columbia/Legacy",USSM17500222,no
442,"Indian Blue","Eleventeen Eston",95,12A,21,2026-06-12,04:11,17,"","","Music for Dreams: The Sunset Sessions, Vol. 3",2015-12-04,83,92,88,59,0,10,-15,C♯/D♭ minor,4,1ObVI5RqLDgamNIYCquYfZ,"Music For Dreams",DKAZ71582004,no
443,"Who's Got The Bacon?","Howie B.",95,2B,54,2026-06-12,04:24,47,"trip hop, big beat, downtempo","Electronic, Hip Hop","Turn The Dark Off",1997-01-01,83,4,93,86,0,10,-10,F#/G♭,4,5NrhncrVseX744Lh505exA,"Polydor Records",GBAKW9700319,no
444,"Test It","Erika de Casier",95,6A,38,2026-06-12,02:46,33,"alternative r&b","Pop, R&B","Still",2024-02-21,81,5,5,39,0,0,-10,G minor,4,1UMAHQ2G23kmost9bTNv26,"4AD",GBAFL2300281,no
445,"If You See Me","94 East, Prince",95,10A,80,2026-06-12,05:40,26,"minneapolis sound","Pop, R&B","The Cookhouse Five",1975-00-00,74,18,1,96,0,10,-9,B minor,4,2UGoyA8bfwWuvZOEJ7e9Db,"Reo Deo",USRDX1000115,no
446,"Mister Wong","Bella Vista",95,12A,92,2026-06-12,03:46,5,"","","Frenchy & Chic",2017-09-29,54,0,0,93,0,30,-6,C♯/D♭ minor,4,3vHBw8RBY8aBGMZZwgr7GG,"ZE Records",FR6T51704601,no
447,"Lovely Mess","Michael Rother",95,3B,21,2026-06-12,05:49,5,"krautrock, space rock","Electronic, Rock","Dreaming",2020-09-04,67,55,90,22,0,10,-18,C♯/D♭,4,139FJD6XmRHuuesSrJxnJH,"Grönland",GBLAZ2001334,no
448,"Of Pressure","Mirah",95,8B,75,2026-06-12,03:53,25,"","","You Think It's Like This But Really It's Like This",2000-06-06,73,9,1,81,0,0,-9,C,4,6u06RW0Y9TzQpU1EQxYPx4,"Double Double Whammy",USK110411203,no
449,"Gentle Rain","Lexx",95,11B,43,2026-06-12,03:30,5,"","","Uncommon Species II",2023-08-31,65,73,78,47,0,20,-13,A,4,0fIaivIkHbhYQPpkOiQGNc,"Phantom Island",CH6542359946,no
450,"Tale In Hard Time","Fairport Convention",95,9B,55,2026-06-12,03:25,22,"folk rock, folk, traditional folk","Folk, Rock, Traditional Music","What We Did On Our Holidays",1969-01-01,46,0,9,35,0,10,-14,G,4,0EK4JGQ4qBLFmVs26nzQGS,"Universal-Island Records Ltd.",GBAAN6900019,no
451,"Les professionnels","Air",95,7A,28,2026-06-12,04:33,48,"trip hop, downtempo","Electronic, Hip Hop","Premiers Symptômes",1999-08-24,56,91,90,23,0,0,-14,D minor,4,2LVZsGYt8Cq8TIGgS1eGjR,"Parlophone (France)",FRS639600055,no
452,"Wonderland - 2001 Remaster","XTC, Alex Sadkin",95,3A,71,2026-06-12,04:50,28,"new wave, power pop, post-punk, jangle pop","Pop, Rock","Mummer",1983-08-30,65,13,3,42,0,20,-8,A#/B♭ minor,4,5xglyNNhepwz3AwQxyUYBh,"Virgin Records",GBAAA0001070,no
453,"Your Love Is Like the Morning Sun","Al Green",95,11A,37,2026-06-12,03:11,30,"soul, classic soul, motown, soul blues","R&B, Pop, Blues","Call Me",1973-00-00,85,12,1,70,0,10,-13,F#/G♭ minor,4,3EE6q1OdyIxeBs8T9aAnSk,"Fat Possum",US2HK0914605,no
454,"No Hay Nada Nuevo Bajo El Sol","Poder Del Alma, Jose Antonio Corea el Rey de Nicaragua",95,12A,30,2026-06-12,04:06,19,"","","Poder Del Alma",1974-12-25,43,29,36,60,0,10,-14,C♯/D♭ minor,4,5USMo4glJHad9cZO9urjBM,"Discos De Centroamérica, S.A.",USX9P2373264,no
455,"Bed Chem","Sabrina Carpenter",95,10A,73,2026-06-12,02:51,84,"pop","Pop","Short n' Sweet",2024-08-23,74,7,0,68,0,10,-6,B minor,4,1UHS8Rf6h5Ar3CDWRd3wjF,"Island Records",USUM72319094,no
456,"Damn I Wish I Was Your Lover","Sophie B. Hawkins",95,10A,77,2026-06-12,05:23,38,"","","TONGUES AND TAILS",1992-04-06,55,22,0,53,0,30,-10,B minor,4,12PFlQcD67JU53PV3Gj3Dj,"Columbia",USSM10019593,no
457,"Dust","snuggle",95,4B,56,2026-06-12,03:27,25,"bedroom pop, alternative r&b","Pop, R&B","Dust",2025-03-05,34,21,43,46,0,0,-9,G#/A♭,4,6xq2ewiAEbFJt0PT8uharC,"Escho",FR2X42519636,no
458,"37° South","Donald's House",95,8B,36,2026-06-12,08:28,0,"acid house, italo disco","Electronic, Pop","37° South",2022-06-27,39,41,25,17,0,20,-11,C,4,4pqg04YdXLcnXrTkzCCmHB,"Independent",AUBEC2340795,no
459,"Hey Baby (Give It All to Me)","Curtis Mayfield",95,4A,40,2026-06-12,04:46,12,"classic soul, soul, motown, funk","R&B, Pop, Blues","Honesty",1983-00-00,75,65,0,88,0,0,-14,F minor,4,3HMpTbuGfjzVozfT4xSqF4,"Rhino",USRH10002425,no
460,"father","Jim Legxacy",95,9B,77,2026-06-12,01:46,47,"","","father",2025-02-27,71,4,0,60,20,30,-4,G,4,0PQ33KiYJD1XPsP6oA1GYn,"XL Recordings",GBBKS2500041,no
461,"Walk On By","Thundercat, Kendrick Lamar",95,4B,30,2026-06-12,03:19,62,"hip hop, west coast hip hop","Hip Hop","Drunk",2017-02-24,83,20,0,75,20,0,-12,G#/A♭,4,6fkL9CjWmjeV6vfDxTp9OZ,"Brainfeeder",US25X1090542,yes
462,"Sunny","Asha Puthli, The Surfers",95,8A,48,2026-06-12,03:40,43,"","","The Essential Asha Puthli",2022-06-17,70,32,60,57,0,10,-8,A minor,4,1UYTwsioiPAzrIeUKwoQeF,"Mr Bongo",GBCLQ2100294,no
463,"Two Thieves","Erika de Casier",95,9A,56,2026-06-12,03:24,42,"alternative r&b","Pop, R&B","Lifetime",2025-05-08,48,8,53,51,0,30,-8,E minor,4,1AR3tUpXDLN5eIFz8zxQ3C,"Independent Jeep Music",QM6P42533262,no
464,"A Nível De...","João Bosco",95,9A,38,2026-06-12,03:40,49,"mpb, samba, bossa nova, brazilian jazz","Jazz, Latin","Comissão De Frente",1982-01-01,63,53,0,74,0,10,-11,E minor,4,6XqBNBCqLypx0rubKLtkcC,"Universal Music Ltda.",BRMCA0500178,no
465,"Soon I'll Be Loving You Again","Marvin Gaye",95,12A,61,2026-06-12,03:12,47,"motown, classic soul, soul, northern soul, quiet storm","R&B, Pop, Blues","I Want You (Deluxe Edition)",1976-03-16,60,67,0,74,0,20,-11,C♯/D♭ minor,4,0gWmxML0Fc6z9e5adPqi1s,"Motown",USMO17600048,no
466,"VII. Eta - Pastel","Tommy Mandel",95,12B,30,2026-06-12,03:27,5,"synthpop","Electronic, Pop","Music for Insomniacs",2020-07-03,60,80,12,42,0,0,-15,E,3,68Px8X8FrIdecyeWOMHjRd,"Invisible City Editions",QM6P42044864,no
467,"Somebody Else's Song","Water From Your Eyes",95,5B,70,2026-06-12,03:37,47,"","","Somebody Else's Song",2019-10-25,54,59,0,74,0,10,-15,D#/E♭,4,5ifxTiJELUmwz7ZP8BaFTb,"Exploding In Sound Records",USA2B1902634,no
468,"100 Horses","Geese",95,2B,96,2026-06-12,03:46,38,"art rock","Rock","100 Horses",2025-08-26,49,0,0,58,0,0,-5,F#/G♭,4,1bHFGVgvmhnhDKAz1FnaoB,"Partisan / Play It Again Sam",USBQU2500081,no
469,"Good Morning (Benedek Remix)","Joyce Wrice, Benedek",95,1A,81,2026-06-12,03:22,14,"alternative r&b, synth funk","Pop, R&B, Electronic","Good Morning",2017-05-16,61,0,0,85,10,10,-11,G#/A♭ minor,4,2l8CM1OgMdCWyENdWSIfj7,"Akashik Records & Tapes",QM24S1701308,no
470,"Love Unrehearsed","Cate Le Bon",95,9B,46,2026-06-12,04:14,34,"art pop","Pop","Michelangelo Dying",2025-09-26,66,80,64,52,0,10,-10,G,4,2fUl350fVROzJc9PAgYka8,"Mexican Summer",QMV8L2335302,no
471,"Give Up the Goods (Just Step) (feat. Big Noyd)","Mobb Deep, Big Noyd",95,3B,60,2026-06-12,04:03,64,"old school hip hop, east coast hip hop, hardcore hip hop, hip hop, gangster rap, boom bap","Hip Hop","The Infamous",1995-04-25,78,6,0,53,30,50,-6,C♯/D♭,4,61VlApj8p2ZaP0WTunTrKT,"RCA Records Label",USRC19501714,yes
472,"If It Makes You Happy","Sheryl Crow",95,9B,69,2026-06-12,05:24,69,"","","Sheryl Crow",1996-09-24,54,4,0,31,0,10,-7,G,4,0lfPPoWG4b3OmhieJ2YDF0,"A&M",USAM19604339,no
473,"Sex","Grav",95,3B,60,2026-06-12,04:24,8,"underground hip hop","Hip Hop","Down To Earth",1996-01-01,88,8,0,78,20,0,-9,C♯/D♭,4,6ysuSodsdO4qbHuenSwSvA,"90's Tapes / HHV",DEQ022490136,yes
474,"Spanish Moon","The Travelers",95,11B,62,2026-06-12,02:07,17,"surf rock, exotica","Easy Listening, Rock","Spanish Moon b/w She's Got The Blues",1964-01-01,37,79,1,39,0,30,-8,A,4,1m7TttwFrGoWWSTNspTWYO,"Numero Group",USCW62386901,no
475,"Dust","snuggle",95,4B,56,2026-06-12,03:27,43,"bedroom pop, alternative r&b","Pop, R&B","Goodbyehouse",2025-09-12,34,21,43,46,0,0,-9,G#/A♭,4,4qTnw6vZ9GJVmJxwLMZgJR,"Escho",FR2X42519636,no
476,"Head Over Heels","Tears For Fears",95,9B,70,2026-06-12,05:02,70,"new wave, synthpop","Pop, Rock, Electronic","Songs From The Big Chair",1985-02-25,30,19,0,66,0,70,-10,G,4,0aF9m87P8Tja3NUMv4DfHt,"UMC (Universal Music Catalogue)",GBF088590130,no
477,"Everything is all gone","Userband",95,11B,49,2026-06-12,02:22,23,"","","Looking For a Band",2024-06-28,56,76,60,36,0,10,-11,A,4,4hk2CwCiZOQ5sIRN9kx4iV,"Chrüsimüsi Records",QZNWU2438328,no
478,"Anou Malane","Abdallah Oumbadougou",95,9B,83,2026-06-12,05:00,22,"gnawa","Traditional Music","Anou Malane",2019-09-06,67,38,2,86,0,30,-12,G,4,5ZGZMUwUqgyKwqi8Hsf59Q,"Sahel Sounds",QZDZE1905301,no
479,"Amidinim Ehaf Solan","Tinariwen",95,11B,73,2026-06-12,03:22,25,"gnawa","Traditional Music","Amidinim Ehaf Solan",2026-03-04,58,8,0,30,0,30,-6,A,4,3yZg1cv32bzauwzUIGwACb,"Wedge",FRPH72500310,no
480,"Can You Tell","Margo Guryan",95,8B,36,2026-06-12,02:08,26,"baroque pop","Classical, Pop","27 Demos",2014-01-01,58,86,0,71,0,10,-10,C,4,3Ech0KprkvBzOKGJPBVZFu,"Numero Group",USGP90715606,no
481,"Visions","Loving",95,6A,67,2026-06-12,03:53,59,"","","If I Am Only My Thoughts",2020-01-31,66,50,1,69,0,20,-7,G minor,4,08BgHsJg8f3Z8QJDAqabIA,"Last Gang",CAL451960801,no
482,"This Just In","Peven Everett",95,9B,62,2026-06-12,05:23,25,"uk garage, jazz house, chicago house, uk funky","Electronic, Jazz","Power Soul",2007-01-29,75,33,0,60,0,10,-11,G,4,0WmknYBZfrNGch7hKhx3Gs,"Soul Heaven Records",GBCPZ0601665,no
483,"Hits Me Like a Rock","CSS, Bobby Gillespie",95,10A,76,2026-06-12,03:37,44,"electroclash, new rave, alternative dance","Electronic, Pop, Rock","La Liberación",2011-08-22,54,1,0,71,0,20,-6,B minor,4,6eGYLKANp8xhgozXHBQq9i,"[PIAS] Cooperative",GBUM71104012,no
484,"In the middle of the night","Ronald Langestraat",95,4A,59,2026-06-12,03:35,44,"soul jazz","Jazz, R&B","Searching",2019-01-03,68,6,12,91,0,10,-10,F minor,4,59lUkrrGLNhlnp2NsQrRXn,"South of North",NL1PX1900002,no
485,"i be there retro mix","atone",95,9A,54,2026-06-12,04:07,13,"downtempo","Electronic","ATONE 3",2000-11-24,62,4,69,51,0,0,-15,E minor,4,4LKj2PlGlrWjL5z5sG67fW,"Shebeen",QZTBE2306456,no
486,"Kick, Push","Lupe Fiasco",95,7B,81,2026-06-12,04:14,68,"","","Lupe Fiasco's Food & Liquor",2006-09-18,65,16,0,51,10,10,-5,F,4,6nz35DNIzbtj5ztpDEcW1j,"Atlantic Records",USAT20610039,no
487,"Orange bleue","Isabelle Mayereau",94,10B,33,2026-06-12,02:27,26,"chanson","Folk, Traditional Music","Parcours",2016-04-22,67,55,0,55,0,0,-11,D,4,3wCX7vNu7LqP0BxtXT9Sf3,"Epm",FRZ831610401,no
488,"Horizons","Eloy",94,10B,75,2026-06-12,04:09,0,"progressive rock, krautrock, space rock, art rock, psychedelic rock","Rock, Electronic","Reincarnation on Stage",2014-01-17,43,54,2,34,0,90,-8,D,4,6H0cq9PA1TIscF9aOnbD2N,"Artist Station Records",DEHT11400011,no
489,"Sister, Brother","F. J. McMahon",94,8A,51,2026-06-12,04:06,0,"cosmic american","Rock","Spirit Of The Golden Juice",2020-03-02,67,63,10,65,0,0,-12,A minor,4,6CLcrcmRvXlshvlalV1ivc,"Anthology Recordings",GBBLY0902322,no
490,"Theme from Boat Weirdos","Joe Walsh",94,9B,35,2026-06-12,04:41,29,"classic rock, southern rock","Rock","But Seriously, Folks...",1978-06-01,49,42,83,39,0,30,-14,G,4,4AdONwvS2DG3HUPYvTGsDI,"Rhino/Elektra",USEE10901061,no
491,"Oh Honey","Delegation",94,10B,42,2026-06-12,05:56,72,"","","Oh Honey",1978-07-17,73,19,24,46,0,0,-12,D,4,3TiCuJiisBOB9HzKAM6FDG,"State Records",GBBHK7800065,no
492,"Check 4 U - Original","Bô'vel",94,3B,32,2026-06-12,03:50,0,"","","Check 4 U",2018-07-13,73,1,0,21,0,10,-12,C♯/D♭,4,4LHkakIWDTMpv1rN4LZ64u,"Bovel Recordings",GB9TP1701236,no
493,"Let's Go Dancing / You've Lost That Lovin' Feeling - Medley","Letta Mbulu",94,5B,41,2026-06-12,07:13,15,"afro soul","R&B","There's Music In The Air",1976-01-01,64,83,1,50,0,0,-12,D#/E♭,4,3fFdngMgi89iXpP0Z116Ua,"A&M",USUM71812800,no
494,"Dazzled By You","Bob Geldof",94,9B,54,2026-06-12,02:41,11,"","","How To Compose Popular Songs That Will Sell",2011-01-01,50,59,0,35,0,20,-6,G,3,0XlOOoXx8Rbwn4qacejdYb,"Spinefarm",GBUM71025061,no
495,"Like It Is - Remastered","Yusef Lateef",94,3A,12,2026-06-12,07:32,50,"jazz, hard bop, free jazz, avant-garde, cool jazz","Classical, Jazz","The Blue Yusef Lateef",1968-00-00,31,83,88,22,0,10,-19,A#/B♭ minor,1,23sTGlQIsLtAxKuJj9Ekrd,"Rhino Atlantic",USAT20302278,no
496,"Inner City Blues (Make Me Wanna Holler)","Marvin Gaye",94,3B,46,2026-06-12,05:27,66,"motown, classic soul, soul, northern soul, quiet storm","R&B, Pop, Blues","What's Going On",1971-05-21,63,79,13,65,0,10,-14,C♯/D♭,4,5hReWjUHqPqkHi31G7izL4,"UNI/MOTOWN",USMO17100049,no
497,"She Lives in My Lap (feat. Rosario Dawson)","Outkast, Rosario Dawson",94,10A,88,2026-06-12,04:27,54,"southern hip hop, hip hop, musicals","Hip Hop, Classical, Easy Listening, Pop","Speakerboxxx/The Love Below",2003-00-00,73,14,13,81,0,50,-4,B minor,4,6vV1NDCjh2afFgQ9Vb7i86,"Arista",USAR10300997,no
498,"Devotion - Live","Earth, Wind & Fire",94,8A,75,2026-06-12,04:50,40,"funk, disco","Pop, R&B","Gratitude",1975-11-11,40,47,0,64,0,20,-8,A minor,4,3aXzG7HPC9EepOS49sp8WY,"Columbia/Legacy",USSM17500604,no
499,"Over The Hill","John Martyn",94,8A,46,2026-06-12,02:52,50,"folk rock, folk","Folk, Rock","Solid Air",1973-00-00,61,31,0,76,0,10,-13,A minor,4,4doNObRI4sHz3klm81tZmu,"Universal-Island Records Ltd.",GBAAN7300040,no
500,"Moesh","Lex Amor, DIPS, Lo-Wu",94,3B,43,2026-06-12,04:15,38,"uk garage","Electronic","Government Tropicana",2020-09-18,57,18,31,32,10,0,-9,C♯/D♭,3,2pMtUGU0qWLWaLExcHIkjJ,"Lex Amor",TCAFB2092102,no
501,"50 Years","All Natural",94,12A,93,2026-06-12,07:11,18,"jazz rap, underground hip hop","Hip Hop, Jazz","No Additives, No Preservatives",1998-06-01,49,7,0,6,20,30,-7,C♯/D♭ minor,4,5dghDCVpYsVXYC4Mhg6PLa,"All Natural, Inc.",US59E0410047,yes
502,"Secretly","Hortense Ellis",94,8B,45,2026-06-12,02:19,17,"rocksteady, lovers rock, roots reggae, reggae, ska, dub","Electronic, Reggae","Soul Jazz Records presents STUDIO ONE WOMEN Vol. 2",2022-05-27,82,19,0,94,0,0,-9,C,4,3N1VsQ6vL5OK5gXLMQoffT,"Soul Jazz Records",JMA020600538,no
503,"Are 'Friends' Electric? - 1998 Remaster","Tubeway Army",94,7B,71,2026-06-12,05:23,49,"post-punk, new wave, synthpop, darkwave, gothic rock","Electronic, Rock, Pop","Replicas (1998 Remaster)",1979-04-06,43,7,21,44,0,10,-10,F,4,3xfOF1wyjUZocifZ5WLeFx,"Beggars Banquet",GBAZP9700052,no
504,"No One's Little Girl","The Raincoats",94,11B,56,2026-06-12,04:30,32,"riot grrrl, post-punk, queercore, proto-punk","Rock","Moving",1984-00-00,54,0,45,55,0,30,-10,A,4,1jQ86hNKMD4c0w1F0RESYA,"We ThRee",GB5ZC0900021,no
505,"Featherweight","Car Culture",94,3B,18,2026-06-12,07:14,0,"","","Dead Rock",2021-05-04,35,86,79,40,0,10,-19,C♯/D♭,1,3DrL0ZI1rbsoY5PCFuUMAM,"Lighthead Records",USLZJ2146538,no
506,"Lihue","Nohelani Cypriano",94,7A,56,2026-06-12,03:20,44,"","","Lihue",2014-12-22,60,57,6,56,0,10,-14,D minor,4,4UeSleTsjljEIdEGRdVggm,"Athens Of The North",GBRH31200032,no
507,"Rainpiece","Grey Sylvan",94,7A,19,2026-06-12,12:40,3,"gregorian chant","Classical, Traditional Music","Ice Flowers Melting: Music for Kantele, The Finnish Folk Zither",1981-01-01,28,87,73,8,0,10,-23,D minor,4,3iNNQjoF5jRGIOtAc1ttyI,"Fortuna Records",DEA740530346,no
508,"Ovaj Ples Dame Biraju","Bijelo Dugme",94,9B,34,2026-06-12,05:13,0,"","","Uspavanka Za Radmilu M.",1983-02-08,71,57,3,39,0,10,-12,G,4,4gNLXZaNsFpUF2XGpyVwfE,"Croatia Records d.d.",HRA048907904,no
509,"We Fall","Siouxsie and the Banshees",94,8B,48,2026-06-12,03:38,12,"gothic rock, post-punk, deathrock, darkwave, new wave, cold wave","Electronic, Rock, Pop","Downside Up",2004-01-01,53,72,17,53,0,20,-15,C,4,6GpnxUMuhfpWjJE6vsjEcE,"UMC (Universal Music Catalogue)",GBAKW0400436,no
510,"Superstar","Pretty Sick",94,9B,61,2026-06-12,03:40,48,"lo-fi indie, shoegaze","Electronic, Rock","Deep Divine",2020-10-29,55,15,0,60,0,20,-6,G,4,5wIYMYa6syn9xxL3i0mVx9,"Dirty Hit",GBK3W2001592,no
511,"Trois Gymnopedies (First Movement)","Gary Numan",94,9B,17,2026-06-12,02:44,41,"new wave, synthpop, post-punk","Pop, Rock, Electronic","Telekon",1980-09-05,33,92,98,14,0,10,-16,G,3,5fOB2AbSr4bA35Y7wletOT,"Beggars Banquet",GBAZP9800139,no
512,"City of Refuge","Eddie Suzuki, New Hawaii",94,5A,75,2026-06-12,03:37,9,"","","High Tide",2021-05-07,39,17,48,63,0,20,-7,C minor,4,4eNIkROrZ3fD2AgH8h9xkb,"Aloha Got Soul",QZC752100029,no
513,"Seaside Weekend","Isabelle Antena",94,2B,63,2026-06-12,03:51,24,"french jazz","Jazz","En Cavale",1986-01-01,66,4,35,75,0,10,-13,F#/G♭,4,5pxoMD2nIg4z3eSdTwZfaU,"Numero Group",USTCZ0987358,no
514,"Lullaby - Remastered","The Cure",94,11B,55,2026-06-12,04:08,71,"new wave, post-punk, gothic rock, darkwave","Electronic, Rock, Pop","Disintegration (Deluxe Edition)",1989-05-02,72,19,68,57,0,0,-11,A,4,0ZYdUkAQmKHsaKRmq8tWSE,"UMC (Universal Music Catalogue)",GBUM71000213,no
515,"Black Tar","Pretty Sick",94,12B,66,2026-06-12,02:57,15,"lo-fi indie, shoegaze","Electronic, Rock","Black Tar",2022-08-17,62,31,0,40,0,20,-6,E,4,0OAXqItnyxKQUVpJNILG2V,"Dirty Hit",GBK3W2202304,no
516,"About Men","Karel",94,9B,52,2026-06-12,02:54,2,"","","About Men",2022-08-18,66,14,0,33,0,0,-9,G,3,45hK7Kk9zlM6kqqkd4YQ0G,"Karel",NL5CY2100043,no
517,"Is This All","Bobbi Humphrey",94,5A,32,2026-06-12,03:43,23,"jazz funk, jazz fusion, soul jazz","Jazz, R&B, Electronic, Rock","Dig This",1972-05-13,21,95,86,20,0,30,-16,C minor,3,6Th482RGv8XKUrivfDVBcu,"CM BLUE NOTE (A92)",USBN27200034,no
518,"Soulseek","Blue Iverson",94,1A,75,2026-06-12,04:19,0,"experimental r&b","R&B","Hotep",2017-04-11,59,1,61,74,0,10,-9,G#/A♭ minor,4,4y3milmiHjMEX3XwOSirB2,"World Music",USYBL1700968,no
519,"RED LADY","Phil Cordell",94,2B,85,2026-06-12,02:30,0,"","","Hearts On Fire Anthology",2008-00-00,49,53,0,89,0,20,-5,F#/G♭,4,5UHNN2ftt5AQFQ0I7xPGta,"Angel Air",GBHMX0823902,no
520,"Alberto Balsalm","Aphex Twin",94,5B,60,2026-06-12,05:10,0,"idm, ambient, electronica","Electronic, New Age","...I Care Because You Do",1995-04-24,79,32,93,57,10,10,-14,D#/E♭,4,21Phj46KeUHOWyZW9A9b7P,"Warp Records",GBBPW9500101,no
521,"I'm Your Puppet","James & Bobby Purify",94,6B,52,2026-06-12,02:59,52,"northern soul, motown, classic soul","R&B, Pop","Shake A Tail Feather! The Best Of James And Bobby Purify",2002-03-26,71,10,0,75,0,50,-8,A#/B♭,4,6H8WMHCov3QGaPLbpOMpcJ,"Legacy Recordings",USAR17200015,no
522,"Lullaby - Extended Mix","The Cure",94,11B,69,2026-06-12,07:45,40,"new wave, post-punk, gothic rock, darkwave","Electronic, Rock, Pop","Mixed Up (Remastered 2018 / Deluxe Edition)",1990-11-20,68,3,47,76,0,0,-8,A,4,3oHh50CILa1PKDBSvfVuDd,"UMC (Universal Music Catalogue)",GBUM71705692,no
523,"Jamilla","Mansur Brown",94,5B,33,2026-06-12,02:25,0,"nu jazz","Electronic, Jazz","Tesuto",2020-07-09,21,23,30,4,0,0,-13,D#/E♭,3,1wxPEeq3s7Qnse5hPVZEm2,"Mansur Brown under exclusive license to Soulection",QM24S2006477,no
524,"Tamp' Em up Solid","Ry Cooder",94,10B,13,2026-06-12,03:22,30,"blues, country blues, americana, country rock, roots rock","Country, Folk, Blues, Rock","Paradise and Lunch",1974-00-00,76,27,0,12,0,10,-20,D,4,5viABV6stG9mkx9MsY2Agi,"Warner Records",USWB10000892,no
525,"Soul Vibrations","Dorothy Ashby",94,7B,56,2026-06-12,03:20,43,"exotica","Easy Listening","Afro-Harping",1968-01-01,55,42,83,33,0,10,-10,F,4,2EYLIdBeJZrQqFA0xkzQnu,"Verve",USMC16816758,no
526,"I Am Stretched on Your Grave","Sinéad O'Connor",94,1A,65,2026-06-12,05:33,42,"","","I Do Not Want What I Haven't Got",1990-07-01,71,9,7,55,0,10,-8,G#/A♭ minor,4,2VQUtkqHTXKY5rm81PZEtk,"Chrysalis Records",GBAYK9000074,no
527,"Sarah","Thin Lizzy",94,9B,8,2026-06-12,02:50,31,"classic rock, hard rock","Rock","Shades Of A Blue Orphanage (Deluxe)",1972-00-00,51,97,42,24,0,0,-25,G,3,5OcYCkmW3mGwv6Z7f9Mcv5,"UMC-Decca",GBF077220540,no
528,"Lullaby","The Cure",94,11B,68,2026-06-12,04:08,59,"new wave, post-punk, gothic rock, darkwave","Electronic, Rock, Pop","Greatest Hits",2001-01-01,73,1,39,55,0,0,-4,A,4,09OpntwPHuNICsyEt1ETpE,"Polydor Records",GBALB0300002,no
529,"Born With a Desire","Tony Palkovic",94,3B,52,2026-06-12,06:02,16,"","","Born With a Desire",2018-12-21,75,27,45,62,0,10,-6,C♯/D♭,4,4hdV7XK3udzYPbW9GRmKMA,"Numero Group",USCW61807920,no
530,"Mam Pe'ela Su'ure","Florence Adooni",94,5A,81,2026-06-12,03:49,28,"","","Mam Pe'ela Su'ure",2021-03-12,62,41,0,97,0,20,-7,C minor,3,6UONPrPGoFlTMm74cjBQkx,"Philophon",DESV92145251,no
531,"Moonlight","Surfing",94,12B,79,2026-06-12,06:14,35,"vaporwave, chillwave, plunderphonics","Electronic","Deep Fantasy",2012-04-03,45,3,86,34,0,40,-7,E,4,4oiYXJWdg0rqo3qbWTH6uX,"Airlines",QMPKX1695479,no
532,"Pull","Spooky Black",94,12A,43,2026-06-12,04:13,38,"cloud rap","Hip Hop","Leaving",2014-09-12,37,80,76,13,0,60,-13,C♯/D♭ minor,4,1c2gssCkuT9RMn0WXFiDps,"SBM LLC",TCABZ1482413,yes
533,"Golden Brown","The Stranglers",94,2B,38,2026-06-12,03:26,81,"proto-punk, new wave","Pop, Rock","La Folie",1981-00-00,56,14,12,60,0,10,-15,F#/G♭,3,2AX5E86cn9n2dgioZEjirI,"Parlophone UK",GBAYE8100053,no
534,"The Corner","Lewsberg",94,6A,44,2026-06-12,03:14,1,"crank wave, dutch indie rock, rotterdam indie","Electronic, Rock","In Your Hands",2021-10-29,78,74,91,85,0,0,-14,G minor,4,1Jkjpdoy8MNSrFYplB642O,"Lewsberg Records",NLV4K2100002,no
535,"Groom","Virna Lindt",94,8B,30,2026-06-12,03:15,6,"","","Shiver",1984-04-28,86,42,57,78,10,0,-17,C,4,6NxbW6EYCXHccjUj7vraJv,"LTM Recordings",GBHBR0402920,no
536,"You're Never Too Young - Steve Mac Mellow Mix","The Cool-Notes, Steve Mac",94,8B,52,2026-06-12,06:50,0,"post-disco, boogie, lovers rock","R&B, Reggae, Pop","You're Never Too Young ('21 The Remixes)",2021-09-10,74,22,0,35,0,0,-9,C,4,6M1lXTqK3ccAMPLvzhklht,"GAP Music",GBKPL2162601,no
537,"Standing On The Top - 1984 Live Recording","Michael Soward",94,2B,63,2026-06-12,04:02,0,"","","Standing On The Top",1984-00-00,71,57,3,92,20,10,-10,F#/G♭,4,0Pg5ctV3o6j00ECZe28my7,"Powar Jazz Music",QMEZE1990286,no
538,"Castles Made of Sand","Jimi Hendrix",94,10A,71,2026-06-12,02:48,62,"psychedelic rock, classic rock, acid rock, blues rock","Rock, Blues","Axis: Bold As Love",1967-12-01,46,50,2,45,30,60,-9,B minor,4,3qebSLgUwaEqbwCM5sj5Kh,"Legacy Recordings",USQX90900760,no
539,"Freedom","Ronald Langestraat",94,4A,79,2026-06-12,05:23,14,"soul jazz","Jazz, R&B","Light Years Away",2022-11-28,63,59,47,88,0,0,-11,F minor,4,32V9IehXG9FrCsLOIV8LBL,"South of North",NL1PX2200035,no
540,"I Live In A Utopia","Ignatz",94,10B,32,2026-06-12,04:09,4,"krautrock, drone","New Age, Electronic, Rock","I Live In A Utopia",2022-05-06,43,65,83,22,0,20,-13,D,3,4O6osbwqpUhUtdV26H15MN,"Aguirre",GX8KD2391697,no
541,"Something In The Air","Thunderclap Newman",94,1A,40,2026-06-12,03:54,56,"acid rock","Rock","Hollywood Dream (Expanded Edition)",1969-01-01,51,31,0,54,0,0,-12,G#/A♭ minor,4,0emd9tHSVP4dK6UG4pcOFD,"UMC (Universal Music Catalogue)",GBF066925310,no
542,"Are 'Friends' Electric?","Gary Numan, Tubeway Army",94,7B,75,2026-06-12,05:25,55,"new wave, synthpop, post-punk, darkwave, gothic rock","Electronic, Rock, Pop","Replicas Redux",2008-02-24,42,3,22,43,0,10,-10,F,4,0VktLUEpFVQ7Zl5c80uKHH,"Beggars Banquet",GBAZP9300219,no
543,"Hank","Friendship",94,9B,78,2026-06-12,04:22,0,"alt country","Country, Rock","Love the Stranger",2022-07-29,63,4,31,59,0,10,-11,G,4,1NEGO64IL4S1pqAtW6Qp3D,"Merge Records",USMRG2279704,no
544,"Unchanging Window","Broadcast",94,11B,52,2026-06-12,03:48,36,"dream pop, neo-psychedelic","Pop, Rock","The Noise Made By People",2000-03-20,52,7,64,23,0,10,-12,A,4,3UC1107elI0DOja1l72yIE,"Warp Records",GBBPW9900174,no
545,"Orb Two","Anthony Naples",94,3A,26,2026-06-12,03:04,32,"dub techno, lo-fi house, idm, ambient","Electronic, New Age","orbs",2023-06-02,43,90,36,64,0,10,-19,A#/B♭ minor,4,6tM2gr0pEFq1oPTIjFeICU,"ANS Recordings (EU)",USYBL2300039,no
546,"Nijána","Jana Koubková",94,9B,70,2026-06-12,06:15,12,"jazz fusion","Electronic, Jazz, Rock","Bosa",1985-00-00,73,47,68,94,0,10,-11,G,4,7HTqdp2EWHGFsTV7SvdU2i,"SUPRAPHON a.s.",CZA168500671,no
547,"Rainy Day","Shuggie Otis",94,10A,16,2026-06-12,02:42,32,"afrobeat, funk, psychedelic soul, soul","R&B, Traditional Music, Blues","INSPIRATION INFORMATION",1974-00-00,64,93,89,13,0,10,-17,B minor,3,5XvcTjtwvJSUl2iKiQm3FF,"Epic",USSM10104370,no
548,"Guarda l'Amore","Gianni e Donatella",94,9A,63,2026-06-12,03:40,1,"italo disco","Electronic, Pop","Guarda l'Amore",2022-02-04,67,44,1,90,0,0,-11,E minor,4,4NC8HLr7xbucpY8EQqDv3t,"Disco Segreta",QMDA72186292,no
549,"Horizons","Eloy",94,9B,76,2026-06-12,04:09,17,"progressive rock, krautrock, space rock, art rock, psychedelic rock","Rock, Electronic","Reincarnation on Stage",2014-01-17,43,55,2,33,0,90,-8,G,4,6PNGaKw30aVrca1guavOd4,"Drakkar Entertainment",DEHT11400011,no
550,"Don't You Know","Jan Hammer Group",94,10B,79,2026-06-12,03:00,45,"","","Melodies",1977-10-17,66,7,65,50,0,0,-7,D,4,3T37jKtvQzNExmz3DuQNoz,"Red Gate Records",uscgj1291908,no
551,"Every Night - Remastered 2011","Paul McCartney",94,12B,40,2026-06-12,02:33,54,"","","McCartney (Archive Collection)",1970-04-17,61,59,0,87,0,10,-12,E,4,7zE7VClzAEYa9nUDC950pT,"Paul McCartney Catalog",GBCCS1000107,no
552,"Vertigo","John Carroll Kirby",94,7B,77,2026-06-12,03:51,15,"ambient jazz","Easy Listening, Jazz","Blowout",2023-06-30,77,60,92,78,10,10,-7,F,4,1D5lRMPv02n3ZTJt3N9KU3,"Stones Throw Records",US2S72380005,no
553,"Hey Who Put These Sunsets Here?","Jonny Dillon",94,9B,25,2026-06-12,03:57,5,"","","A New Directive From The Bureau of Compulsory Entertainment",2023-03-06,24,60,85,41,0,10,-15,G,4,7bLBRPYAVGRs1Y6JE454AC,"All City Dublin",IEBAE2300002,no
554,"All That She Wants","90's Pop Band",94,1A,84,2026-06-12,03:32,0,"","","90's Dance Party, Vol. 1 (The Best 90's Mix of Dance and Eurodance Pop Hits)",2015-05-22,64,0,0,91,0,20,-6,G#/A♭ minor,4,4xdrs0QlNtT2umBNp1n9Vt,"Hit That Thang' Music",FRY510881929,no
555,"Over You - Mix 2","Gold In The Shade",94,10B,68,2026-06-12,04:47,7,"","","Over You / Shining Through",2023-01-27,64,1,74,28,0,10,-10,D,4,4D3o4wX0qmPlmct56gAopX,"Heels & Souls Recordings",UKACT2232526,no
556,"Pam's Song","The Coup",94,3A,38,2026-06-12,02:06,12,"alternative hip hop, west coast hip hop","Hip Hop","Kill My Landlord",1993-06-08,93,2,85,62,10,0,-18,A#/B♭ minor,4,5SyU1MLHHqzMQpXeAYnPwS,"The Coup",USZXT0810116,yes
557,"Who U Think U Are, Pt. 2","Al Dobson Jr.",94,1A,59,2026-06-12,02:09,34,"jazz house, indie jazz","Jazz, Pop, Electronic","Sounds from the Village, Vol. 2",2019-02-01,69,72,89,65,0,10,-11,G#/A♭ minor,4,2ZMxDYgLgJ6nTvBikMsvSh,"IZWID",DEQ021808518,yes
558,"Alberto Balsalm","Aphex Twin",94,5B,60,2026-06-12,05:10,65,"idm, ambient, electronica","Electronic, New Age","...I Care Because You Do",1995-04-24,79,32,93,57,10,10,-14,D#/E♭,4,6gbmylJ7sB7NFfMfTQHosf,"Warp Records",GBBPW9500101,no
559,"TO THE SKY","Mason The Nation",94,3A,68,2026-06-12,01:59,1,"","","TO THE SKY",2023-04-12,58,40,0,39,0,0,-7,A#/B♭ minor,4,0g7YJEGXciQbltjraFFSAK,"4460495 Records DK",QZHN82389451,no
560,"Fasso","Eboni Band",94,8A,63,2026-06-12,08:53,15,"","","Fasso",2021-06-01,48,27,18,76,0,20,-8,A minor,3,5lb4R64Z0SapjvUe649eXY,"We Are Busy Bodies",CA0WS2188002,no
561,"Soulseek","Blue Iverson",94,1A,75,2026-06-12,04:19,39,"experimental r&b","R&B","Hotep",2017-04-11,59,1,61,74,0,10,-9,G#/A♭ minor,4,5RJ9DqYv9HptYbsiqxx7WY,"WORLD MUSIC",USYBL1700968,no
562,"Algerie 62","Gwakasonné",94,8B,49,2026-06-12,10:35,10,"","","Gwakasonn",1983-00-00,49,83,21,44,0,10,-10,C,4,62LP8ewtUov0Z7p5CoUuKz,"Golden Ears Studio",USA2P1145651,no
563,"Dream partner","Fiesta en el Vacío",94,10A,19,2026-06-12,03:22,0,"","","Fiesta en el Vacío",2024-04-05,63,98,89,21,0,10,-17,B minor,3,5EACFptKyELHjRFxHbyFLU,"Simple Music Experience",QZHNC2478516,no
564,"Reflections of My Life","Marmalade",94,9B,44,2026-06-12,04:16,55,"","","Reflections of The Marmalade (Original Recordings)",1970-01-01,38,65,0,56,0,50,-9,G,4,51vio68HmRHQr6lCWxboM9,"Salvo",GBAJE6900123,no
565,"My Love & I","Barbara Gogan, Hector Zazou",94,10B,41,2026-06-12,04:40,13,"trip hop","Electronic, Hip Hop","Made on Earth",1997-01-01,67,8,78,22,0,10,-12,D,4,4klJtkrtKIZSmoWxdChodF,"Crammed Discs",BE6F59600270,no
566,"Green","L'Rain",94,9A,39,2026-06-12,03:59,31,"neo-psychedelic, art pop","Pop, Rock","I Saw The TV Glow (Original Soundtrack)",2024-05-10,15,31,81,7,0,10,-12,E minor,3,1wjse5YF63N23gL97l8swn,"A24 Music",QMB622402708,no
567,"Doubt","Stereolab",94,10A,94,2026-06-12,03:22,29,"art pop, krautrock, neo-psychedelic, post-rock","Pop, Electronic, Rock","Little Pieces Of Stereolab (A Switched On Sampler)",2024-03-29,35,31,5,56,30,0,-6,B minor,4,5m5EK5VWyRstDTrI6t9lX6,"Duophonic UHF Disks / Warp Records",GB5P51800298,no
568,"Parallel Life - Original Mix","The Starseeds",94,3B,60,2026-06-12,08:13,0,"trip hop, downtempo","Electronic, Hip Hop","Parallel Life",1997-07-01,57,5,83,28,0,0,-12,C♯/D♭,4,5Ul2KVJnqQ3NFBMoNZHhW9,"Millennium Records Ltd.",GBBYB0000143,no
569,"Parallel Life","The Starseeds",94,3B,60,2026-06-12,08:13,47,"trip hop, downtempo","Electronic, Hip Hop","Parallel Life",1997-07-01,57,5,83,28,0,0,-12,C♯/D♭,4,4bg1yRV1W6qGWcRDxavHV9,"THE STARSEEDS copyrights: Regina Dannhof",QZTB22485525,no
570,"babylon","Florence Sinclair",94,4A,91,2026-06-12,01:42,20,"experimental hip hop","Hip Hop","departures, wonders & tears",2023-07-20,61,17,8,82,10,60,-8,F minor,4,4lU2fJLK36LBtgvdiuXWAe,"Free Money",QZNWU2374542,yes
571,"My Girl","Al Green",94,8B,22,2026-06-12,02:54,24,"soul, classic soul, motown, soul blues","R&B, Pop, Blues","Al Green Is Blues",1969-00-00,74,3,0,48,0,10,-19,C,4,7g3DNtBAvpqxUULHJcbxos,"Fat Possum",USFP71553503,no
572,"Ovaj ples dame biraju","Bijelo Dugme",94,9B,34,2026-06-12,05:13,20,"","","Uspavanka za Radmilu M.",1983-04-19,71,57,3,39,0,10,-12,G,4,38AFV5IdgdMXE0ls9H43dW,"Croatia Records",HRA048907904,no
573,"Do You Really Love Me","Darondo",94,6A,62,2026-06-12,02:58,24,"","","Listen to My Song: The Music City Sessions",2012-02-27,61,5,0,78,0,0,-8,G minor,4,2rN1L4TsCnZZJfns2NYtH9,"Ace Records",GBBHN1100095,no
574,"Disco","The Rollies",94,6B,66,2026-06-12,04:50,13,"indonesian rock","Rock","Ayo Ke Disco: Boogie, Pop & Funk from the South China Sea (1974-88)",2024-11-08,60,3,0,69,0,10,-11,A#/B♭,4,3q4NBjTDZMLUJRS1M8keS6,"Soundway Records Ltd",GBUQH2400036,no
575,"About Men","Karel",94,9B,52,2026-06-12,02:54,4,"","","Denouncing The Hypocrisy Of Our Time",2022-09-22,66,14,0,33,0,0,-9,G,3,189MiqCEDZm6apfvkVg2B1,"Karel",NL5CY2100043,no
576,"Red Lady","Phil Cordell",94,2B,85,2026-06-12,02:30,48,"","","Hearts On Fire: Anthology",2008-11-01,49,53,0,88,0,20,-5,F#/G♭,4,4knHbTmO8DJwbJGEXlxb6F,"Cherry Red Records",GBHMX0823902,no
577,"The Sea Of Core Experience","Single Gun Theory",94,7B,81,2026-06-12,04:36,41,"trip hop","Electronic, Hip Hop","Flow, River Of My Soul",1994-09-06,57,9,32,71,0,10,-11,F,4,4lmSAQigk1OXehSireFFQg,"Nettwerk Music Group",CAN119400108,no
578,"How Does Your Garden Grow","Walt Jenkins",94,9A,64,2026-06-12,03:09,4,"","","How Does Your Garden Grow",2024-01-19,62,91,4,76,0,10,-8,E minor,4,7x9G9BE1paD6jXISGcK6xu,"Tramp Records",DEZ790600333,no
579,"Alone","The Cry",94,12B,72,2026-06-12,03:56,52,"jangle pop","Pop, Rock","Beautiful Reasons",1990-00-00,50,7,0,62,0,0,-6,E,4,0dYYnwpxDpsVOhzADa2JKi,"The Cry",ushm80699717,no
580,"The Earth Won't Hold Me","Allah-Las",94,10B,63,2026-06-12,03:20,25,"neo-psychedelic, surf rock, psychedelic rock","Rock","The Earth Won't Hold Me",2017-08-23,57,83,88,57,0,10,-6,D,4,59ebJoui0GNhzsBLubAov1,"Mexican Summer",QMV8L1724204,no
581,"Feel Flows","The Beach Boys",94,6A,30,2026-06-12,04:44,22,"baroque pop","Classical, Pop"," Feel Flows  The Sunflower & Surf’s Up Sessions 1969-1971 (Super Deluxe)",2021-08-27,49,7,0,28,0,20,-15,G minor,4,4dl3507nSgmwefUUdcQgJo,"CAPITOL CATALOG MKT (C92)",USGJP1300220,no
582,"Mind Playing Tricks on Me","Geto Boys",94,3A,51,2026-06-12,05:08,5,"old school hip hop, southern hip hop, gangster rap, g-funk, hardcore hip hop, horrorcore","Hip Hop, R&B, Metal","We Can't Be Stopped",1991-07-02,89,21,0,45,20,10,-12,A#/B♭ minor,4,63BokRfXSQhEU6Qi2dSJpZ,"Rap-A-Lot Records",USZXT1021185,yes
583,"Lover Jones","Johnny  Guitar  Watson",94,12A,50,2026-06-12,05:29,21,"blues","Blues","A Real Mother For Ya",1977-03-11,77,0,0,58,0,0,-9,C♯/D♭ minor,4,0FBi9BKrbCGZpvAxqF9IYx,"High Fashion Music",GBBLY1300383,no
584,"Arrasta pé alagoano","Hermeto Pascoal",94,5A,87,2026-06-12,04:19,13,"brazilian jazz, bossa nova, jazz fusion, latin jazz","Jazz, Latin, Electronic, Rock","Cerebro Magnetico (Remasterizado)",1980-00-00,53,32,0,93,0,60,-5,C minor,4,3SQMV0X35J3IwnWAGiEHMa,"WM Brazil",BRWMB0100759,no
585,"Feel Flows - Remastered 2009","The Beach Boys",94,6A,28,2026-06-12,04:48,44,"baroque pop","Classical, Pop","Surf's Up",1971-08-30,50,67,0,35,0,30,-15,G minor,4,7lNATn8yN0Yjr4KOKDBdW6,"Capitol Records",USGJP1300220,no
586,"I Love You","Weldon Irvine",94,3B,70,2026-06-12,03:04,39,"jazz funk","Jazz, R&B","Sinbad",1976-00-00,61,73,0,97,0,20,-11,C♯/D♭,4,0kmAuNheB4u0rHToopLLzd,"RCA Records Label",USRC17507724,no
587,"Gimme the Loot - 2005 Remaster","The Notorious B.I.G.",94,9B,66,2026-06-12,04:45,69,"old school hip hop, gangster rap, east coast hip hop, hip hop","Hip Hop","Ready to Die (The Remaster)",1994-09-13,72,9,0,68,40,10,-8,G,4,1xIxMz1sNQ4b6svH1GuTtF,"Bad Boy Records",USBB40580807,yes
588,"Method of Modern Love","Daryl Hall & John Oates",94,4A,73,2026-06-12,05:33,45,"yacht rock, soft rock","Rock, Pop","Big Bam Boom (Expanded Edition)",1984-00-00,71,7,0,75,0,0,-7,F minor,4,58U8hRjWQdGCGQ1Y42SJFp,"RCA/BMG Heritage",USRC10301822,no
589,"In The Stars","Melody's Echo Chamber",94,8B,66,2026-06-12,02:39,39,"neo-psychedelic, dream pop, psychedelic rock","Pop, Rock","In The Stars",2025-09-30,53,2,22,40,0,10,-6,C,4,2Derfdf5dzn6LXehZFR5Qj,"Domino Recording Co",GBCEL2500401,no
590,"Risin' to the Top","Keni Burke",94,5A,54,2026-06-12,05:13,56,"post-disco","Pop, R&B","Changes (Expanded Edition)",2014-06-27,73,19,0,82,0,10,-9,C minor,4,5iVxHPyHVO7vWSDnRpNH5d,"Legacy Recordings",USRC10300478,no
591,"Mam Pe'ela Su'ure","Florence Adooni",94,4A,83,2026-06-12,03:49,32,"","","A.O.E.I.U. (An Ordinary Exercise In Unity)",2025-02-28,57,35,0,97,0,30,-7,F minor,3,010l396X4gmAYZbriSS5mS,"Philophon",DESV92145251,no
592,"Innerspace","The Apples In Stereo, Robert Schneider",94,12B,53,2026-06-12,02:36,43,"power pop, neo-psychedelic","Rock, Pop","Fun Trick Noisemaker",1995-00-00,55,39,45,57,0,20,-11,E,4,2XTjamhOEI6Q11PSvnVtNQ,"The Apples in stereo",USSLX0910010,no
593,"Headphones On","Addison Rae",94,11A,82,2026-06-12,04:00,71,"","","Addison",2025-06-06,61,2,2,85,0,10,-7,F#/G♭ minor,4,3H6xZgwRZx8McVUJzmMxWe,"Columbia",USSM12501184,no
594,"STILLWELL THEME","Frog",94,3B,40,2026-06-12,03:02,26,"","","1000 Variations on the Same Song",2025-02-14,70,92,30,50,0,10,-17,C♯/D♭,4,0NkQFp82glRfuu9YKbO8MT,"tapewormies",QZDA42544536,yes
595,"Real Drums - Real Drummer","The Durutti Column",94,10B,70,2026-06-12,02:42,22,"art rock, post-punk","Rock","Vini Reilly",1989-01-01,40,0,85,40,0,10,-10,D,4,2WubRmRJAPtP4uyoUIu6wT,"London Music Stream/Because Music",GBAAP0200138,no
596,"Making Moves with Puff","Craig Mack",94,3B,48,2026-06-12,04:24,44,"old school hip hop, east coast hip hop","Hip Hop","Project: Funk Da World",1994-01-01,87,51,0,89,30,0,-10,C♯/D♭,4,4UmOTj2C2RIYvTWk5HqOf2,"Bad Boy Records",USBB40581295,no
597,"Night Flight - Original","Quintus Project",94,5A,89,2026-06-12,07:43,49,"","","Night Flight",2011-11-04,57,23,83,91,0,30,-8,C minor,4,5LPqeQT2Z6JTuVCqpA5wCK,"Derwin Recordings",DEM091100125,no
598,"Lihue","Nohelani Cypriano, Peter Moon, Jerry Byrd, Kapono Beamer, Roscoe Wright, Master Henry Gibson, John Raposa, Kata Maduli, Wayne Hobbs, Henry Kapono, Winner Female Vocalist of the Year Hoku, Winner Contemporary Hawaiian Album of the Year Hoku",94,7A,76,2026-06-12,03:20,39,"exotica, soul jazz, jazz","Easy Listening, Jazz, R&B","Around Again",1978-00-00,46,61,0,52,10,0,-9,D minor,4,7notpYpZl7wQAXkH1UUhsv,"Hana Ola Records",USAER0610101,no
599,"Malinda","Bobby Taylor & The Vancouvers",94,8A,45,2026-06-12,02:47,27,"motown, northern soul","Pop, R&B","Bobby Taylor & The Vancouvers",1968-09-28,60,41,0,77,0,20,-10,A minor,4,0FBddPZCCiRYp3XcVHZZ56,"UNI/MOTOWN",USUM71812499,no
600,"Oh to Be in Love","Kate Bush",94,2B,35,2026-06-12,03:18,57,"art pop, baroque pop, art rock","Pop, Rock, Classical","The Kick Inside",1978-02-17,66,49,0,47,0,10,-14,F#/G♭,4,628RVPULYzx6bvh8uf0Msn,"Parlophone UK",GBAYE7800111,no
601,"Wonderland","Lida Husik, Beaumont Hannant",94,7B,75,2026-06-12,05:59,10,"art pop, idm","Pop, Electronic","Green Blue Fire",1996-03-01,68,2,55,43,0,0,-9,F,4,2xpLOXsQ6rUjCBD9yc4bQr,"Husik Musik",USCQP0696004,no
602,"Return of The Crooklyn Dodgers","Crooklyn Dodgers",94,3B,83,2026-06-12,05:04,37,"east coast hip hop, old school hip hop","Hip Hop","Clockers (Original Motion Picture Soundtrack)",1995-08-29,82,0,0,58,20,20,-8,C♯/D♭,4,57iKOKfcj8wVZp6Il1wU4f,"On The Low",CA5KR0036275,yes
603,"Places And Spaces","Donald Byrd",93,4B,71,2026-06-12,06:19,46,"hard bop, jazz funk, jazz, soul jazz, jazz fusion, acid jazz, bebop","Jazz, R&B, Electronic, Rock","Places And Spaces",1975-00-00,62,15,8,91,0,10,-10,G#/A♭,4,1pYPgA8XdHFQS15HPB41MH,"Blue Note Records",USBN27500066,no
604,"Sylvia","Arthur Verocai",93,7A,52,2026-06-12,03:03,47,"brazilian jazz, bossa nova, mpb","Jazz, Latin","Arthur Verocai",1972-00-00,39,62,95,76,0,10,-15,D minor,4,7gd7BDwZWjGXD6CfX7KQcF,"WM Brazil",BRWMB0201048,no
605,"A Day in the Park","Ryuichi Sakamoto",93,4B,64,2026-06-12,05:22,28,"japanese classical, ambient","Electronic, New Age, Classical","Smoochy",1997-02-25,64,81,5,74,0,30,-9,G#/A♭,4,12nOrDNXyGYPYOpBiq7JRx,"KAB America Inc.",USA6D0410094,no
606,"Bitter - Narration By Cardi B","Summer Walker, Cardi B",93,5A,38,2026-06-12,04:41,51,"r&b","R&B","Still Over It",2021-11-05,64,76,0,33,30,10,-12,C minor,4,5cwnxz6QPfbOf731UPqphs,"LVRN/Interscope Records",USUM72118247,yes
607,"Back On My Feet Again","Sandy Davis",93,3A,70,2026-06-12,05:34,0,"","","Back On My Feet Again",2022-02-16,62,11,5,94,0,30,-11,A#/B♭ minor,4,5Y7lIHXHYdQnFoRtJ4KNmg,"3600223 Records DK",QZDA52208774,no
608,"Echoes - Continental Drift Version","Directions",93,3B,53,2026-06-12,09:23,21,"post-rock","Rock","Echoes (Anniversary Edition)",2021-09-03,68,34,92,70,0,0,-10,C♯/D♭,4,52r8QkQtTppfc2y3DeTGBN,"Temporary Residence Ltd.",USY6C2134701,no
609,"Rock The Boat","Aaliyah",93,7B,73,2026-06-12,04:34,1,"r&b, contemporary r&b","R&B","Aaliyah",2001-07-07,64,7,0,42,0,20,-5,F,4,0qvlhVNm7L5IWabWF5hlEL,"Blackground Records, LLC",USUYG1353086,no
610,"He Turns My Radio On","Jim Ford",93,11B,70,2026-06-12,03:11,3,"","","The Unissued Paramount Album",2009-05-15,70,37,0,55,0,10,-6,A,4,29ODsYKLTdDwVi7KtaX4Jd,"Bear Family Records GmbH",DEC530706694,no
611,"Jealous","Eyedress",93,8A,92,2026-06-12,02:02,30,"","","Jealous",2019-12-06,47,0,85,70,0,40,-10,A minor,4,1aXV8GrmQLvgoFtBPERP7E,"Lex Records",GBMYF1900115,no
612,"Slow Jam","Tirzah",93,3A,46,2026-06-12,03:52,0,"alternative r&b","Pop, R&B","I'm Not Dancing",2013-08-05,45,76,6,44,10,10,-8,A#/B♭ minor,3,6bRycYKCjJ2GeIsMJWgSg4,"Greco-Roman",GBRTB1200141,no
613,"Bless My Heart","Lukid",93,3B,63,2026-06-12,03:31,15,"idm, glitch","Electronic","Lonely at the Top",2012-10-19,73,0,67,53,0,10,-7,C♯/D♭,4,4DeQAp3mA4Zbn23MY7PkGF,"GLUM",GBCFB1205800,no
614,"Outstanding","Al Charles",93,2B,34,2026-06-12,05:52,30,"lovers rock","Reggae","Outstanding",2019-12-06,76,0,2,73,0,10,-17,F#/G♭,4,2gupGvtvyfxTGVx7xAb6o8,"Athens Of The North",GBRH31200573,no
615,"Side By Side","Carla dal Forno",93,3B,29,2026-06-12,03:19,0,"","","Side By Side",2022-10-05,69,25,4,27,0,30,-14,C♯/D♭,4,1Ns22f8b9YIC1BI7ieKXpl,"Kallista",GBHLW2103608,no
616,"Show Me How - 45 Version","The Emotions",93,3B,17,2026-06-12,03:19,35,"motown, disco","Pop, R&B","So I Can Love You / Untouched",1969-00-00,55,77,0,22,0,0,-14,C♯/D♭,3,4fcEcpfE7N9sDR7TReFtC0,"Stax",USFI87100276,no
617,"Backyard","RIP Swirl, Catnapp",93,11B,18,2026-06-12,03:58,7,"shoegaze","Rock","Blurry",2022-02-25,26,98,93,15,0,10,-17,A,4,5qN3FQ5gpFVcpvIFuhXp7x,"Public Possession",DEVH21800429,no
618,"Hello Stranger","Brown Sugar",93,8B,37,2026-06-12,03:27,33,"lovers rock, soul jazz, rocksteady","Reggae, Jazz, R&B","Soul Jazz Records Presents BROWN SUGAR - I'm In Love With A Dreadlocks: Brown Sugar And The Birth Of Lovers Rock 1977-80",2018-11-16,78,10,0,78,0,50,-9,C,4,3y7p052F7bh4qtREIaghbD,"Soul Jazz Records",GBBCK1801350,no
619,"Love That Bird","Steve Hiett",93,1B,64,2026-06-12,03:12,25,"","","Girls In The Grass",2019-09-20,59,3,93,86,0,10,-11,B,4,1P7Aai4hJI6mrtQoJ7CWPU,"Efficient Space",QM6P41966485,no
620,"Music Is Painting In The Air","Sensations Fix",93,11B,50,2026-06-12,04:13,0,"space rock, krautrock, progressive rock","Electronic, Rock","Fragments Of Light",1974-08-24,49,84,83,24,0,10,-14,A,4,3RxsgSk1kXUhwHup5xIlHL,"Sensations Fix",USJ3V1164193,no
621,"God Will Dry My Weeping Eyes","Horace Family",93,3B,53,2026-06-12,03:11,19,"funk gospel","Christian, R&B","Good God! A Gospel Funk Hymnal",2006-08-29,88,53,0,86,10,0,-11,C♯/D♭,4,7uxScmI6ehyprxPytZnVT6,"Numero Group",USCW60601008,no
622,"Hanner Awr Wedi Dim","Datblygu",93,8B,6,2026-06-12,02:42,2,"post-punk","Rock","Triskedekaphilia: Sesiynau  Heno Bydd Yr Adar Yn Canu  Sessions",2007-01-30,43,80,0,19,0,20,-24,C,4,1G8gk3DIMJEh6l5JR2Mg8P,"Ankstmusik",GBCSH9561005,no
623,"Heaven Sent You","Donna Lewis",93,8B,66,2026-06-12,07:25,18,"","","Blue Planet",1998-07-02,72,51,36,71,0,30,-8,C,4,2FBTPjvgkJXyHuCQwzzAyY,"Atlantic Records",USAT29800544,no
624,"El Guoum Agui","Les Abranis",93,10A,81,2026-06-12,02:59,0,"gnawa","Traditional Music","Amazigh Freedom Rock 1973 – 1983",2023-04-28,63,30,2,93,0,10,-8,B minor,4,7rAw31egs9wudhoQ61bteU,"Les Disques Bongo Joe",CHA832392010,no
625,"Grieve Not the Spirit","AIR",93,4B,51,2026-06-12,04:09,36,"","","In Need of You featuring Googie",2009-08-08,74,77,5,72,0,10,-12,G#/A♭,4,01mvEtGoH8FZ9C1n4NICil,"AIR",USNQH0800181,no
626,"Be Thankful for What You Got (Pt. 1 & Pt. 2)","William DeVaughn",93,12A,42,2026-06-12,07:09,0,"classic soul, philly soul","R&B","Be Thankful for What You Got",1974-01-01,79,41,12,84,0,10,-13,C♯/D♭ minor,4,7pN8GMLw3prWFn5nvJRM6O,"Edsel",GBAJE7400127,no
627,"Love the Way You Love Me","Marti Caine, Bill Brewster",93,8A,38,2026-06-12,05:40,23,"","","Late Night Tales Presents After Dark",2013-05-03,75,28,3,69,0,10,-15,A minor,4,4VlAL538xLkEWKV2cLvTXU,"Late Night Tales",GB5EM1001123,no
628,"Sugar Honey Iced Tea","Kelis",93,10B,51,2026-06-12,03:23,0,"","","Tasty",2003-12-05,81,2,2,54,0,30,-10,D,4,7h1kWdBH8pV84RNP2foaf5,"Virgin Records",USAR10301295,no
629,"Love the Way You Love Me","Marti Caine",93,8A,42,2026-06-12,05:38,0,"","","Point of View",1981-01-01,77,6,0,74,0,10,-14,A minor,4,4pZQtqA3P3e1gjgwPOHDUC,"Sanctuary Records",GB5KW1700095,no
630,"Shine Your Love","Royden Foster",93,11B,47,2026-06-12,03:05,12,"lovers rock","Reggae","Reggae Hits, Vol. 7",2000-01-01,70,20,0,66,0,20,-12,A,4,1OZV8aW2FzbMlcUZpOFMXy,"Jet Star",GBCMZ0500744,no
631,"Easy Evil","Sylvia",93,4A,56,2026-06-12,03:46,0,"northern soul","R&B","The Best of Sylvia",2014-09-29,78,33,2,69,0,0,-8,F minor,4,0QMgmjXH5T2jPyGFCgpQ29,"Sanctuary Records",GB5KW1499785,no
632,"Mysterious Vibes","The Blackbyrds",93,1A,32,2026-06-12,04:50,55,"jazz funk, funk","R&B, Jazz","Action",1994-01-01,59,6,0,72,0,10,-20,G#/A♭ minor,4,6lqYjlQyDzNWE0MGc78b4c,"Fantasy Records",USFI87700146,no
633,"Free to Be Me","GINA BREEDLOVE",93,2B,46,2026-06-12,05:25,8,"","","Steel - Music Inspired By The Original Motion Picture Soundtrack",2005-12-06,60,46,24,54,0,30,-15,F#/G♭,4,7q6sPsiZST1Z3AJBKNlyO1,"Rhino/Warner Records",USQW19700086,no
634,"Doing What I Can","Raphael Saadiq",93,10B,59,2026-06-12,04:19,37,"neo soul, soul, retro soul","R&B, Blues","Instant Vintage",2002-01-01,72,2,0,57,10,10,-7,D,4,5ogGs1yidqD8NzzfwVetwq,"UNI/MOTOWN",USUR10200137,no
635,"Listen To The Radio","Nanci Griffith",93,6B,44,2026-06-12,03:50,38,"folk, americana, singer-songwriter","Country, Folk","Storms",1989-01-01,64,45,0,79,0,0,-15,A#/B♭,4,5oFG0WD64GQ19hP6Onp49i,"Geffen*",USMC18928726,no
636,"Sing a Happy Song (Shake It Down)","Eboni Band",93,8B,92,2026-06-12,07:43,20,"","","Sing a Happy Song (Shake It Down)",2021-04-07,65,40,3,77,10,30,-6,C,4,5Lky4dX0y1NlH4eFttsx0t,"We Are Busy Bodies",CA0WS2188001,no
637,"Slow Jam","Tirzah",93,3A,46,2026-06-12,03:52,30,"alternative r&b","Pop, R&B","I'm Not Dancing",2013-01-31,45,76,5,45,10,10,-8,A#/B♭ minor,3,6rREgl6WmZ8beZafkZVqia,"Domino Recording Co",GBRTB1200141,no
638,"Me and Bobby McGee","Janis Joplin",93,10B,46,2026-06-12,04:31,71,"classic rock, acid rock, psychedelic rock","Rock","Pearl (Legacy Edition)",1971-01-11,43,30,0,66,0,10,-11,D,4,1IqFh00G2kvvMm8pRMpehA,"Columbia/Legacy",USSM17000790,no
639,"Live with the Moon","Chayns",93,11B,53,2026-06-12,03:06,37,"exotica, psychedelic rock, acid rock","Rock, Easy Listening","Live on the Moon",2017-09-08,48,2,73,25,0,10,-8,A,4,2fXyUFPrtUizuQD0UVC8Kd,"Numero Group",USCW61702902,no
640,"Gizzada","Merciless",93,9B,63,2026-06-12,03:23,11,"dancehall, ragga, riddim, reggae","Reggae, Hip Hop, Electronic","Stone Love Movement Presents Go Go Wine",1996-09-19,75,20,0,62,40,30,-11,G,4,0f7tnfZX7IbG0jBSiclmWg,"VP Records",USVPR1100555,no
641,"Love And Affection","Joan Armatrading",93,12B,31,2026-06-12,04:28,0,"singer-songwriter","Folk","Joan Armatrading",1976-01-01,63,76,0,37,0,10,-13,E,4,4I1w0J6NA3M25jFZ5dhp6y,"EMI",USAM17600309,no
642,"Ramble In The Rainbow","TAMTAM",93,4A,65,2026-06-12,04:03,30,"j-r&b, japanese indie","Pop, R&B, Rock","Ramble In The Rainbow",2024-01-19,48,72,46,64,0,10,-6,F minor,4,3WYs9M0Cn1h9D6bHlfBjYW,"PPU",USYBL2302393,no
643,"Twilight Playground","Jeanette",93,8B,57,2026-06-12,05:56,4,"pop romantico","Pop","Lady Blue",1988-00-00,53,67,93,85,0,20,-16,C,4,3cDvJedU9r2cmikjyiuNit,"Cherry Red Records",GBBLY0802663,no
644,"Towers","IN THE TRUNK",93,8B,75,2026-06-12,04:16,3,"","","Towers",2024-03-01,47,0,1,40,0,10,-6,C,4,4rpIa4whUQR70vouD533Op,"IN THE TRUNK",QZFZ62497160,no
645,"Embarrassed Dog","Chanel Beads",93,2B,59,2026-06-12,02:00,0,"lo-fi indie","Electronic, Rock","Embarrassed Dog",2024-03-13,68,7,84,86,0,30,-9,F#/G♭,4,5rsMJbGg6IqniuGPaCFXd9,"Jagjaguwar",US38Y2445904,no
646,"Basic Instinct","Quasimoto",93,2B,62,2026-06-12,02:10,43,"experimental hip hop, alternative hip hop, jazz rap, underground hip hop","Hip Hop, Jazz","The Unseen",2004-12-01,81,7,0,63,30,10,-6,F#/G♭,4,7mvZCex7HK8KA0V0Ii2urG,"Stones Throw Records",US2S70425004,yes
647,"Time To Leave","Youandewan",93,1A,62,2026-06-12,03:01,37,"lo-fi house","Electronic","There Is No Right Time",2016-10-14,77,7,75,84,0,30,-9,G#/A♭ minor,4,4oyzU32XD3PeVqQsGsiyNN,"Aus Music",GBJPB1600644,no
648,"Haunted House","Lee Oskar",93,7A,61,2026-06-12,06:51,28,"","","Before the Rain",1978-01-01,64,31,11,37,0,10,-9,D minor,4,0TbUyQrp5UbMbT45h5XwLi,"Avenue Records",USUG11100256,no
649,"In The Wind","Misha Panfilov",93,5A,39,2026-06-12,02:44,4,"experimental jazz, ambient jazz","Easy Listening, Jazz","In Focus",2023-09-29,51,7,25,63,0,20,-16,C minor,3,1iKDpqzlDwrTphmX4xDEn0,"Jazzaggression",QMDA62395979,no
650,"Mystic Voyage","Roy Ayers Ubiquity",93,8A,61,2026-06-12,03:41,39,"jazz funk","Jazz, R&B","Mystic Voyage",1975-01-01,51,29,34,76,0,10,-14,A minor,4,3HDruqpn5X2qvzJdHnqgpq,"Polydor",USWWW0201452,no
651,"Human Nature","Madonna",93,3A,57,2026-06-12,04:53,67,"","","Bedtime Stories",1994-10-25,69,3,21,64,0,10,-8,A#/B♭ minor,4,4Cna7QxOOTNnylVHLtShCi,"Sire/Warner Records",USWB19400267,no
652,"Asteroid Blues","The Naenae Express",93,9B,57,2026-06-12,04:54,8,"","","The Naenae Express Extended Player",2015-12-17,54,2,1,67,0,10,-9,G,4,1UDDP9LpfFwEv2GELN5QOC,"1112573 Records DK",QZFYX2080883,no
653,"Avante Juventude","Os Angos",93,4A,62,2026-06-12,03:34,19,"","","Angola, Soundtrack 2: Hypnosis, Distortions & Other Sonic Innovations 1969-1978 (Analog Africa No. 15)",2013-12-02,77,48,86,95,0,10,-9,F minor,4,2P4qQRMQ6uCUmeCag5V8BY,"Analog Africa",DENR91375001,no
654,"Summer Sound","Joe & Bing",93,10B,41,2026-06-12,02:53,3,"","","Daybreak",1971-01-01,35,78,5,28,0,0,-11,D,4,2gZ66JIZ5SsLRYbG6unme1,"Cherry Red Records",GBBLY0400584,no
655,"Mainstream","Outkast",93,9B,54,2026-06-12,05:18,45,"southern hip hop, hip hop","Hip Hop","ATLiens",1996-08-27,86,4,0,25,30,40,-8,G,3,3lecA86POu0jRaFIubASoT,"Arista/LaFace Records",USLF20400088,yes
656,"Se a vida è (That’s the way life is) - 2023 Remaster","Pet Shop Boys",93,11B,89,2026-06-12,04:05,24,"synthpop, new wave","Pop, Rock, Electronic","SMASH – The Singles 1985 – 2020 (2023 Remaster)",2023-06-16,51,22,0,69,0,0,-5,A,4,3l63RhvjwTalC7dY4kRQqC,"Rhino",GBAYE2200523,no
657,"Rational Culture","Tim Maia",93,9B,71,2026-06-12,12:18,0,"mpb","Latin","Racional (Vol 1)",1975-03-15,74,2,0,92,0,0,-7,G,4,5j2kGlGnZ2T6nJb2FRG2Jm,"Vitória Regia Discos Ltda",BRVRD7500003,no
658,"Peter Pickles","Mac DeMarco",93,10B,67,2026-06-12,01:59,38,"indie, lo-fi indie","Pop, Rock, Electronic","Some Other Ones",2015-07-08,83,44,83,88,0,20,-10,D,4,2eVqkswH0Kr2QznnUqzCml,"Captured Tracks",QMMZN1501015,no
659,"Snowflakes","Angie Stone",93,9B,77,2026-06-12,03:49,31,"neo soul, soul","R&B, Blues","Mahogany Soul",2001-10-16,68,8,0,29,20,0,-6,G,4,63wwlmRITXS9IBBLBydM86,"J Records",USJAY0100338,no
660,"God Will Dry My Weeping Eyes","Horace Family",93,3B,53,2026-06-12,03:11,28,"funk gospel","Christian, R&B","God Will Dry My Weeping Eyes",1977-01-01,88,53,0,86,10,0,-11,C♯/D♭,4,6CpknnVEilCvubORicFiVC,"Numero Group",USCW60601008,no
661,"Drume negrita","Ry Cooder, Manuel Galbán",93,10B,47,2026-06-12,04:59,45,"blues, country blues, americana, country rock, roots rock, latin jazz, afro-cuban jazz","Jazz, Latin, Country, Folk, Blues, Rock","Mambo Sinuendo",2003-01-27,60,70,86,55,0,10,-14,D,4,4SDJ1j1yDow7XtZkd3KG1f,"Nonesuch/Warner Records",USNO10269101,no
662,"Music Is Painting In The Air","Sensations Fix",93,11B,28,2026-06-12,04:18,14,"space rock, krautrock, progressive rock","Electronic, Rock","Fragments Of Light",1974-01-01,40,99,85,16,0,10,-19,A,4,52oq13oquEUgqbMHdkG3ur,"Universal Music Italia srL.",IT8007400420,no
663,"Play Dis (Soxx Soul Remix)","Saukrates, Common",93,3B,42,2026-06-12,04:52,10,"underground hip hop, boom bap, hip hop, jazz rap, neo soul","Hip Hop, Jazz, R&B","The Underground Tapes",2024-08-23,64,50,0,76,30,0,-16,C♯/D♭,4,3uEuT7sqVSYLyY3sc5DOLp,"SoNo Recording Group",CAZO71600092,yes
664,"Get Up and Get It","Jackie Mittoo",93,3B,65,2026-06-12,02:44,33,"rocksteady, dub, roots reggae, reggae, ska, soul jazz","Electronic, Reggae, Jazz, R&B","Keyboard King at Studio One",2000-00-00,70,4,90,93,0,0,-10,C♯/D♭,4,5AVhTKB8qBi7PUNFoXYnQ9,"Soul Jazz Records",GBHWT0500080,no
665,"Keep It Up","Milton Wright",93,10B,85,2026-06-12,04:12,49,"jazz funk","Jazz, R&B","Friends and Buddies",1975-00-00,60,3,0,93,0,0,-7,D,4,4eVbtPuh4bu5BbHdluycOz,"Stone Music Family, LLC",USBEN0800106,no
666,"Se a Vida E (That's the Way Life Is) - 2001 Remaster","Pet Shop Boys",93,11B,88,2026-06-12,04:01,42,"synthpop, new wave","Pop, Rock, Electronic","Bilingual: Further Listening 1995-1997",1996-09-02,51,21,0,62,0,0,-6,A,4,1SQBrDt9Qpektc2VLUK8yc,"Parlophone UK",GBCEW0100097,no
667,"Darlos cowboys","Pollyfromthedirt",93,12B,44,2026-06-12,03:13,19,"","","Darlos cowboys",2025-10-22,49,70,0,29,0,10,-6,E,5,5en6tlt4gHZiHwZRB1zykQ,"Pollyfromthedirt",USA2P2549859,no
668,"Volks Volkswagen Blues","Gilberto Gil",93,11B,79,2026-06-12,03:40,21,"mpb, bossa nova, forró tradicional, samba","Jazz, Latin","Gilberto Gil (1969)",1969-01-01,50,56,0,65,0,10,-4,A,4,2KudN4n6jrYS1NvWrGYfVY,"Gege",BRUM70500769,no
669,"Purgatory","Morning",93,6B,47,2026-06-12,01:45,5,"","","Whirl",2026-04-20,72,50,34,28,0,10,-10,A#/B♭,4,2MV2sUjsfRJZltJk1KyYM7,"12471785 Records DK",QZWFM2669929,no
670,"Sugar Honey Iced Tea","Kelis",93,10B,51,2026-06-12,03:23,45,"","","Tasty",2003-01-01,81,2,2,54,0,30,-10,D,4,4LzPxPlJgsprPZAoS5O4Ec,"[PIAS] Recordings Catalogue",USAR10301295,no
671,"2001 Spliff Odyssey","Thievery Corporation",93,8B,46,2026-06-12,05:07,39,"trip hop, downtempo, acid jazz, lounge","Jazz, Electronic, Easy Listening, Hip Hop","Sounds From The Thievery Hi Fi",1997-06-07,77,9,15,61,10,20,-10,C,4,724FArqb7Pn5wmcYtKj2cr,"Thievery Corporation",USESL9700502,no
672,"Why","Carly Simon",92,9B,85,2026-06-12,04:08,52,"classic rock, folk, folk rock, mellow gold, singer-songwriter, soft rock","Rock, Folk","Soup for One (Original Motion Picture Soundtrack)",1982-01-01,66,1,0,73,0,30,-9,G,4,6Wux9SSXcUdgwG7TItGTJz,"Mirage Records / Unidisc Music Inc.",CAU111300723,no
673,"Shut the Door","Saâda Bonaire",92,8A,72,2026-06-12,05:11,45,"","","Saâda Bonaire",2013-11-12,76,68,10,87,0,0,-8,A minor,4,4Iow6Xe1mLtzlhMPPTczTF,"Vibe+Groove",SEYOK1832288,no
674,"Matter of Time (Instrumental)","Craic Boi Mental",92,3B,43,2026-06-12,01:56,3,"","","Craic Magic",2020-10-09,72,37,91,27,0,10,-12,C♯/D♭,4,4d5zD0C4kY7G1YOoECAW7M,"Sham Rebel Records",TCAFD2084381,no
675,"Truth","Dwele",92,8A,51,2026-06-12,03:56,41,"neo soul","R&B","Subject",2003-01-01,76,27,0,74,10,10,-8,A minor,4,1i8XHUZkVdoOCfFumL0Zqt,"Virgin Records",USVI20300354,no
676,"Fuck You","Wesley Willis",92,4B,71,2026-06-12,01:53,28,"","","Greatest Hits Volume 2",1999-00-00,53,1,0,67,0,30,-6,G#/A♭,4,62GvcQcJ3sI5lRDwto88V2,"Alternative Tentacles",US2B20422704,no
677,"I'll Keep My Light In My Window","The Temptations",92,1B,53,2026-06-12,04:21,35,"motown, classic soul, soul","R&B, Pop, Blues","Truly For You",1984-01-01,74,23,0,74,0,0,-14,B,4,3GRVBqBSNCcLglnh48RxTI,"UNI/MOTOWN",USMO10110194,no
678,"HAWAIIAN","Shigeru Suzuki",92,1B,27,2026-06-12,02:31,20,"city pop, jazz fusion","Pop, Electronic, Jazz, Rock","LAGOON (Remastered 2017)",1976-12-05,22,85,56,6,0,30,-17,B,4,6lwMCgstBGwYZhelDalTIV,"NIPPON CROWN CO., Ltd",JPCR01609560,no
679,"MANNA","Babyfather, John Glacier, Vegyn",92,2B,59,2026-06-12,01:44,40,"experimental hip hop, idm","Hip Hop, Electronic","AUG Freestyle / MANNA",2020-07-22,76,77,0,18,30,10,-7,F#/G♭,4,0NGCFZaKB4WgUooVaAW4l8,"World Music",USYBL2001339,no
680,"Morning","Azymuth",92,8A,67,2026-06-12,03:48,53,"brazilian jazz, jazz funk, jazz fusion, acid jazz","Jazz, R&B, Electronic, Rock","Azymuth",2007-00-00,44,59,88,88,0,10,-12,A minor,4,7dEvUHcPU9jCXeYkKnHGKi,"Far Out Recordings",GBDCR0600063,no
681,"Tangerine Warrior (Freestyle)","jonatan leandoer96",92,9B,48,2026-06-12,03:26,0,"cloud rap","Hip Hop","Nectar",2018-12-06,53,89,0,38,0,0,-9,G,4,1FeOH15jfdtuownmjugFL1,"YEAR0001",SE5AJ1800569,no
682,"Draft Morning","The Byrds",92,10B,49,2026-06-12,02:42,35,"folk rock, country rock, psychedelic rock, acid rock","Rock, Country, Folk","The Notorious Byrd Brothers",1968-01-15,45,39,87,50,0,50,-14,D,4,33zGvjukiRoJgW6JWY0FMo,"Columbia/Legacy",USSM16700116,no
683,"I Love You","Spacemen 3",92,8A,53,2026-06-12,05:32,3,"space rock, neo-psychedelic, shoegaze, psychedelic rock, dream pop","Pop, Rock","Recurring (Original)",2004-00-00,60,10,85,68,0,10,-12,A minor,4,3KfXor1xGOBNE2wwFiP6rV,"Space Age Recordings",GBETY1615503,no
684,"A Dream Goes on Forever - 2015 Remaster","Todd Rundgren",92,8B,42,2026-06-12,02:21,36,"yacht rock, power pop, philly soul","R&B, Pop, Rock","Todd",1974-00-00,61,9,0,81,0,40,-10,C,4,4lMOE9LCsviRR9wpNfqlYf,"Rhino",USRH11509564,no
685,"I Am in Love","Jennifer Lara",92,5A,48,2026-06-12,03:31,43,"rocksteady, lovers rock","Reggae","Soul Jazz Records presents STUDIO ONE WOMEN",2005-01-01,78,23,0,96,0,20,-11,C minor,4,3ihUEHni4ACzTLQL9mUgJL,"Soul Jazz Records",GBHWT0500053,no
686,"Weekend Loving","Jennifer Lara",92,3B,71,2026-06-12,03:35,27,"rocksteady, lovers rock","Reggae","Weekend Loving",2018-03-25,62,67,0,76,0,10,-6,C♯/D♭,4,32X7ycfEFvKVX2gWP6Web2,"Jamwax",CH6541810230,no
687,"In Rhythm - 12  Mix","Scream and Dance",92,9A,56,2026-06-12,07:05,10,"","","Get It Right (Afro, Dub, Funk & Punk of Recreational Records, 81-82)",2022-06-10,74,30,79,73,0,50,-13,E minor,4,17OLz2gP08d3KFOfDBS3Vo,"Bristol Archive Records",QM4TW2287141,no
688,"Perilous Woman","Rain Dogs",92,1A,67,2026-06-12,03:50,10,"cold wave, darkwave, post-punk","Electronic, Rock","Rain Dogs",2021-01-27,57,0,90,82,0,10,-9,G#/A♭ minor,4,1uMdFUNuMa0RzB3JdRdWru,".jpeg Artefacts",QZ5FN2114225,no
689,"Jumping Someone Else's Train","The Cure",92,11A,97,2026-06-12,02:57,52,"new wave, post-punk, gothic rock, darkwave","Electronic, Rock, Pop","Three Imaginary Boys",1979-05-11,63,7,0,73,0,10,-7,F#/G♭ minor,4,76XCLlTwCYYaqQ9aru4yLB,"UMC (Universal Music Catalogue)",GBALB7800005,no
690,"Perilous Woman","Rain Dogs",92,1A,67,2026-06-12,03:50,28,"cold wave, darkwave, post-punk","Electronic, Rock","Perilous Woman",2020-10-21,57,0,90,82,0,10,-9,G#/A♭ minor,4,6J0wPIS4vpeWwzjxEo3Rth,".jpeg Artefacts",USLZJ2043950,no
691,"Emotion","Bee Gees",92,9A,64,2026-06-12,03:38,59,"disco","Pop","The Record - Their Greatest Hits",2001-11-20,69,11,0,64,0,10,-7,E minor,4,0Hc3mb1DK6Q1iOEuhLhQmD,"Bee Gees Catalog",GBAKW0100348,no
692,"Indie Ching - Canvas Remix","N.Y.P.D. 南洋派對, Canvas",92,5A,42,2026-06-12,01:42,0,"chinese indie, cantopop, chinese rock","Pop, Rock","N.Y. (rmx) P.D.",2022-01-20,83,74,49,64,0,10,-9,C minor,4,7FTJKNz2mWnDsg6Kvenvjg,"Silk Road Sounds",US25X2105743,no
693,"That's the Way It Is","Al Green",92,10A,46,2026-06-12,03:44,18,"soul, classic soul, motown, soul blues","R&B, Pop, Blues","Full of Fire",1976-00-00,83,9,0,90,0,0,-10,B minor,4,4rQR5VKP62RaS5NfRdvTgn,"Fat Possum",US2HK1443113,no
694,"Heartbreak Girl","Noel Brown",92,7A,39,2026-06-12,03:00,5,"rocksteady, lovers rock","Reggae","Heartbreak Girl",2012-00-00,85,15,0,93,0,30,-11,D minor,4,54ClZIl37u9LagMjuixGXc,"Crystal/Dub Store Records",JPR221300026,no
695,"Neo Gets Wise","Jon Iverson",92,7A,36,2026-06-12,02:10,2,"","","Many Worlds Interpretation",2022-11-25,65,40,88,59,0,0,-11,D minor,4,5HVYKiIUwzYMniPUhRv5BB,"Séance Centre",QMBZ92273526,no
696,"Life's What You Make It - 1997 Remaster","Talk Talk",92,3B,80,2026-06-12,04:28,66,"new wave, synthpop","Pop, Rock, Electronic","The Colour of Spring",1986-00-00,53,0,28,94,0,0,-8,C♯/D♭,4,2iWTHXaFtRSMhd5OLpYD7f,"Parlophone UK",GBAYE9702149,no
697,"Rum Nobbler","A.R. Wilson",92,8B,26,2026-06-12,03:12,5,"","","Old Gold",2022-01-28,62,86,93,31,20,20,-13,C,4,2FAsx5XQczLsRa7Pzdm8o7,"Impatience",QZTRX2118961,no
698,"holdin' on","Zack Fox, Diamond Cafe",92,2B,38,2026-06-12,02:32,0,"","","wood tip",2022-12-16,81,35,47,63,0,10,-9,F#/G♭,4,7m0aeSTb8YSdrSgc3BfTr8,"Parasang",US25X2204149,yes
699,"Juicy Fruit","Christine Lewin",92,12B,59,2026-06-12,03:58,38,"lovers rock","Reggae","For The Love Of You",2020-03-27,73,16,1,84,0,10,-12,E,4,1T4Uo4mth8nqdTDhnDOCP0,"Athens Of The North",GBRH31200614,no
700,"Without Love","Donna Lewis",92,7B,60,2026-06-12,03:42,33,"","","Now in a Minute",1996-04-16,66,1,1,78,0,0,-8,F,4,4qb9W8qLJLt1hisMYnJP3u,"Atlantic Records",USAT20102042,no
701,"Remind Me - Different Style","Candy McKenzie",92,2A,57,2026-06-12,04:31,3,"lovers rock, rocksteady","Reggae","Remind Me",2022-05-20,83,3,84,97,0,0,-9,D#/E♭ minor,4,1DmbLt7rrv16K33yX8WfBK,"Freestyle Records",GBJSH2200007,no
702,"More Trife Life","Mobb Deep",92,3A,91,2026-06-12,03:44,41,"old school hip hop, east coast hip hop, hardcore hip hop, hip hop, gangster rap","Hip Hop","Hell On Earth",1996-11-19,84,1,0,70,30,0,-3,A#/B♭ minor,4,0Rna4d5yCrp81qVEsMcLCB,"LOUD Records",USLR59900437,yes
703,"World Of The Wicked","Triple C & Underworld 805 Family",92,1B,61,2026-06-12,04:01,19,"g-funk, mexican hip hop","Hip Hop, R&B","Triple C Presents Underworld 805 Family",2004-01-01,89,63,0,90,10,10,-11,B,4,0g2cpv2ylNYGZ6jgpxy4PO,"Underworld 805 Records",US4EM0610192,yes
704,"I Walk on Guilded Splinters","Per Tjernberg",92,10B,74,2026-06-12,08:13,0,"experimental jazz","Jazz","Don't Stop",1983-00-00,65,6,0,82,0,10,-8,D,4,2U2dKL11po6DsO3gsxdjGK,"Silence Records",SELFA9507190,no
705,"Chick Safari","Phil Haley & His Comments",92,7B,60,2026-06-12,02:27,6,"rockabilly, psychobilly, boogie-woogie, horror punk","Blues, Jazz, Metal, Rock","Rhythm, Rockin', Boogie",2017-06-27,69,39,0,70,0,10,-5,F,4,1bTTYQlN40fxeY9mVtfr17,"PHM",GBLFP1740515,no
706,"Giving Up On Love","Aki Aleong, Pan World",92,6A,82,2026-06-12,02:32,17,"exotica, doo-wop, northern soul","Pop, R&B, Easy Listening","Giving Up On Love b/w Love Is Funny",1963-01-01,63,53,0,82,0,20,-5,G minor,4,0crrltovmAEKL5bpsin4gz,"Numero Group",USCW62371001,no
707,"In Rhythm","Scream and Dance, Bill Brewster",92,8B,38,2026-06-12,07:06,0,"","","Late Night Tales Presents After Dark: Nocturne",2015-05-10,72,14,84,72,0,20,-19,C,4,1GmICVYeUfFZELrFzJ18qM,"Late Night Tales",GBLMS1110041,no
708,"I Keep Singing (La La La Ooh)","The Lovations",92,7A,65,2026-06-12,02:58,28,"","","Sweet Soul Baby- Rare and Hard to Find Soul 45s",2021-04-04,41,25,0,95,0,10,-6,D minor,4,1XRbTLQTfqWzh0GuvyDLvu,"LSRA",TCAFM2186900,no
709,"Come And Play In The Milky Night","Stereolab",92,1B,80,2026-06-12,04:38,39,"art pop, krautrock, neo-psychedelic, post-rock","Pop, Electronic, Rock","Cobra And Phases Group Play Voltage In The Milky Night (Expanded Edition)",1999-00-00,48,0,77,52,0,10,-11,B,4,1UuYnDfAji9CYbwPEYIswL,"Duophonic / Warp Records",USEE19900400,no
710,"Life's What You Make It","Talk Talk",92,3B,80,2026-06-12,04:29,44,"new wave, synthpop","Pop, Rock, Electronic","Natural History - The Very Best of Talk Talk",1990-05-21,53,0,25,95,0,10,-7,C♯/D♭,4,0P0Qbqyplr7DduF1jr7Quv,"Parlophone UK",GBAYE8600002,no
711,"Jazz (We've Got)","A Tribe Called Quest",92,1B,48,2026-06-12,04:10,66,"jazz rap, east coast hip hop, old school hip hop, hip hop","Hip Hop, Jazz","The Low End Theory",1991-09-24,82,72,0,72,20,10,-16,B,4,7AgMX97ljLm9BzszyyXEYZ,"Jive",USJI19100004,yes
712,"Brokenfolks","Georgia Anne Muldrow",92,9B,70,2026-06-12,04:29,0,"neo soul, alternative r&b","Pop, R&B","VWETO II",2019-06-21,83,21,75,29,10,10,-10,G,4,0GoiO2Q642URasvneJH9GQ,"Mello Music Group",QM4TW1954354,no
713,"Back In The Day","Erykah Badu",92,4A,55,2026-06-12,04:46,47,"neo soul, r&b","R&B","Worldwide Underground",2003-09-16,75,22,3,53,0,20,-9,F minor,4,2JjxjW0iaLn0wPL97KAf1g,"Motown (Kedar)",USMO10300674,no
714,"So Very Long","Bill Welsh",92,7A,39,2026-06-12,04:07,13,"","","America Dream Reserve (Compiled by Charles Bals and Smiling C)",2022-10-14,72,37,10,63,0,10,-10,D minor,4,5InwDyPvPj2HaLdqyvlCzS,"Smiling C",NLM971900471,no
715,"Welcome to the Now Age (Channelling Hyparxia)","Prince Rama",92,1B,70,2026-06-12,03:34,6,"","","Top Ten Hits of the End of the World",2012-11-06,63,0,37,54,0,10,-9,B,4,2T71WucMDDmDcyOsCwdBoA,"Paw Tracks",US22N1124108,no
716,"Iniziazione Africana","Giuliano Sorgini",92,6B,29,2026-06-12,02:27,19,"","","Africa Oscura",2018-10-02,79,91,92,42,10,0,-20,A#/B♭,4,0TsrWZK2YnmxUZzryEPEoq,"Four Flies",ITZFU1700064,no
717,"Winter Garden","Colle",92,3A,29,2026-06-12,03:44,8,"","","Winter Garden",2023-06-02,17,77,49,12,0,10,-14,A#/B♭ minor,4,1RzyIfdMLjMYyURLx8f50u,"Good Question",USYBL2300889,no
718,"Jamais Kolonga","Grand Kallé & L'African Jazz",92,7A,52,2026-06-12,02:25,37,"rumba congolaise, ndombolo, highlife","Traditional Music, Latin","Merveilles du passé 1961-1962, vol. 2",1962-00-00,68,69,3,96,0,20,-14,D minor,4,2mqjlK9I2uc3CPT0tvy4kY,"Sonodisc",FR6V82341773,no
719,"Woo Hah!! Got You All in Check","Busta Rhymes",92,3B,83,2026-06-12,04:31,56,"east coast hip hop","Hip Hop","The Coming",1996-00-00,84,13,0,81,20,0,-7,C♯/D♭,4,09WxJCWFMWAxTHBLLelpDS,"Rhino/Elektra",USEE19894715,yes
720,"Beautiful Day","Mary J. Blige",92,4A,61,2026-06-12,03:33,27,"r&b","R&B","No More Drama",2001-08-28,77,7,0,65,20,40,-8,F minor,4,5dFaBfQnJfj1jgsaAuVdtX,"Geffen",USMC10111552,no
721,"Oh Mr DC","Sugar Minott",92,6B,36,2026-06-12,06:32,32,"lovers rock, roots reggae, reggae, rocksteady, dub, ragga","Electronic, Reggae, Hip Hop","Soul Jazz Records presents STUDIO ONE CLASSICS",2004-01-01,81,29,0,73,10,0,-14,A#/B♭,4,5bphDZCdYFOqbwNgvBKKtg,"Soul Jazz Records",GBHWT0500209,no
722,"Superman Lover","Johnny  Guitar  Watson",92,7B,50,2026-06-12,05:45,44,"blues","Blues","Ain't That A Bitch",1976-09-19,76,22,0,45,0,0,-9,F,4,4uSkp9MFh5VWMvmk6kz91a,"High Fashion Music",TCABE1214458,no
723,"Sunshine Blue","Marine Girls",92,9A,12,2026-06-12,02:05,17,"jangle pop, post-punk","Pop, Rock","Lazy Ways / Beach Paty",1983-01-01,43,41,12,69,0,10,-23,E minor,4,5EshvmqAVWivj4Yu2TMGBW,"Cherry Red Records",GBBLY8200217,no
724,"Fresh Snow","Greg Foat, Art Themen",92,5A,19,2026-06-12,10:39,16,"ambient jazz, nu jazz, experimental jazz","Easy Listening, Jazz, Electronic","Off-Piste",2023-04-14,27,98,90,4,0,10,-20,C minor,4,2pxhPlNKbARbKST0UZ42BV,"Athens Of The North",GBRH31201072,no
725,"Nubian Queen","KHAN JAMAL",92,9B,47,2026-06-12,08:53,18,"free jazz, ambient jazz","Easy Listening, Jazz","Infinity",2021-08-20,30,90,56,50,0,10,-13,G,4,0l3v92DFLpFUSm1Jz1okIj,"JAZZ ROOM RECORDS",GBMA22172661,no
726,"Just a Dream","Ingrid Witt",92,5A,40,2026-06-12,04:35,0,"","","WHAT IF HEAVEN IS NOW?",2021-05-06,46,26,12,18,0,0,-15,C minor,4,6z6qL5CVUUbFwuoPPxX792,"Oh Mama Records / Unapologetic Group",SE5BU2111383,no
727,"Call Me The Breeze","J.J. Cale",92,1B,42,2026-06-12,02:36,63,"blues, roots rock, blues rock","Blues, Rock","Naturally",1972-00-00,81,75,1,84,0,10,-15,B,4,5AQpbyFoQmkOVwmlhKN4ii,"Universal International Music B.V.",NLF057290007,no
728,"Why - 12  Version","Carly Simon",92,9A,86,2026-06-12,08:13,37,"classic rock, folk, folk rock, mellow gold, singer-songwriter, soft rock","Rock, Folk","Soup for One (Original Motion Picture Soundtrack)",1982-01-01,68,1,1,71,0,0,-9,E minor,4,3hI05NM8JnJvQLZMUnRvMa,"Mirage Records / Unidisc Music Inc.",CAU111300731,no
729,"Whachersign","Pratt & McClain",92,4A,92,2026-06-12,04:17,0,"","","City Soul",2021-01-02,57,0,3,91,0,0,-10,F minor,4,4gonwXpFfsFzeNCvS2GDOj,"Warner Music Group - X5 Music Group",USRE10401692,no
730,"She Wants","The NM Band",92,3B,48,2026-06-12,06:22,0,"","","She Wants",2023-10-27,74,44,0,90,0,10,-9,C♯/D♭,4,18OmoV2U1DLO6unbv1OZTD,"Isle of Jura Records",USA2P2346448,no
731,"Transformation","Jeff Liberman",92,10B,69,2026-06-12,03:29,14,"acid rock, blues rock","Rock, Blues","Psychemagik Presents: Magik Sunrise",2013-05-20,51,15,91,69,0,10,-11,D,4,7sXLl1WtkU8XBvhnXL35do,"Leng Records",GB7RM1300001,no
732,"Early Blue","F. J. McMahon",92,8B,39,2026-06-12,03:04,0,"cosmic american","Rock","Spirit Of The Golden Juice",2020-03-02,71,77,3,70,0,10,-13,C,4,2mn7UAKTtANTjG7s7iDuf1,"Anthology Recordings",GBBLY0902324,no
733,"Don’t Take Your Love Away","Sa Deuce",92,8B,53,2026-06-12,03:44,25,"new jack swing, quiet storm","R&B","Sa Deuce",1996-01-01,77,0,0,59,0,0,-7,C,4,3EyYGmInaor8LpiKhtmoGO,"Atlantic Recording Corp.",USAT22305503,no
734,"Draw Of The Cards","Kim Carnes",92,10B,31,2026-06-12,04:55,30,"","","Mistaken Identity",1981-01-01,74,23,43,25,0,0,-14,D,3,7HVxCsQDdlIXFleuz4k8Rr,"Capitol Records",USEM38900236,no
735,"Drawing Over and Over","Till Hormann",92,9A,24,2026-06-12,02:13,1,"","","The Way Sound Moves Drawing Over and Over the Blueprint of a Loop for Every Situation",2023-05-11,39,89,83,4,0,10,-13,E minor,4,2PvwYAWajRcQzcyQJ69Od1,"Bad Boy Jesus Tape Club",GX8LD2466014,no
736,"Conversation of everyday lovers","Die Fische",92,3A,45,2026-06-12,04:06,13,"krautrock, neue deutsche welle","Electronic, Rock, Pop","Lucky Are Those Who Hear the Birds Sing",2021-03-18,66,32,89,36,0,0,-13,A#/B♭ minor,4,7i9nfgZZqBPyIpX1eVN8Bi,"Growing Bin Records",QMFME2043748,no
737,"Sheebeen Queen","Rikki Ililonga",92,10B,68,2026-06-12,04:56,30,"psychedelic rock, afrobeat","R&B, Traditional Music, Rock","Dark Sunrise",1975-01-29,40,14,29,84,0,10,-12,D,4,06hVexLAqCQc6jLXZMzMZm,"Now Again Records",US2S71067015,no
738,"Rinsed","Dean Blunt, TYSON",92,5B,48,2026-06-12,01:46,69,"uk r&b","Hip Hop, R&B","Rinsed",2023-03-03,66,76,0,76,0,10,-8,D#/E♭,4,7HXkG71tnUPgjeMEP9688d,"WORLD MUSIC",UKQNV2300026,no
739,"Make It With You","Claudine Longet",92,9B,53,2026-06-12,03:34,34,"baroque pop, french pop","Classical, Pop","We've Only Just Begun",1971-01-01,51,12,0,67,0,10,-13,G,4,2KvQ6WXSwxcMRai5EkDhaK,"Barnaby Records",USZZM0710446,no
740,"Her Story","The Flying Lizards",92,6B,68,2026-06-12,04:42,13,"new wave","Pop, Rock","The Flying Lizards",1979-00-00,55,61,29,81,10,50,-12,A#/B♭,4,1ZbNHsRNnXsANMC9BgvgDW,"Zonophone",GBAAA7900627,no
741,"Peter & John","Andrew Wartts And The Gospel Storytellers",92,3A,45,2026-06-12,02:52,21,"funk gospel","Christian, R&B","Good God! Born Again Funk",2010-01-26,58,67,0,61,10,10,-11,A#/B♭ minor,4,0xKJHVLDqKwOyE4QmR5brc,"Numero Group",USCW61003012,no
742,"Carolina, Carol Bela - OS BRAZÕES","OS BRAZÕES",92,2B,83,2026-06-12,02:02,0,"","","1969",2023-02-14,74,83,0,97,0,20,-9,F#/G♭,4,3Mlx3RwHY4zppigL0xzur8,"Ng Digital Music",BX4E52300741,no
743,"Change","Alex G",92,8A,31,2026-06-12,02:04,55,"","","Trick",2012-11-05,67,96,78,32,0,10,-15,A minor,4,3GXZil493yqVV8MftU95gh,"Lucky Number",GBJET1400057,no
744,"Bouyel","Baaba Maal",92,9B,30,2026-06-12,04:13,25,"afropop","Pop, Traditional Music","Baayo",1991-01-01,50,81,0,57,0,0,-15,G,4,3UorTGovLqEjDieo3dvuCr,"Universal-Island Records Ltd.",GBAAN0080083,no
745,"Ragga","Martina Topley-Bird, Tricky",92,4A,65,2026-06-12,03:15,25,"trip hop, downtempo","Electronic, Hip Hop","Quixotic",2003-01-01,61,17,70,51,0,10,-12,F minor,4,6dREi4aOgc4OQ9O53LvfSW,"Craft Recordings",GBBPF0200864,no
746,"If I Had Loved You","Sunshine Earth Band",92,10B,59,2026-06-12,03:08,19,"aor","Rock","Vacation from My Mind",2022-06-23,69,5,0,90,10,0,-11,D,4,1EDf7g2vf9c8KRAdv0bXT2,"Forager Records",ushm22215721,no
747,"COOL OUT","Leroy Hutson",92,7A,36,2026-06-12,02:57,43,"chicago soul, classic soul, jazz funk","R&B, Jazz","HUTSON",1975-05-05,36,8,0,13,0,10,-16,D minor,4,6xjngOjttV8JBN1UqKEnbS,"TRIUMPH RECORDS",US2YB7597644,no
748,"Diamond Eyes","Tom Noble, dreamcastmoe",92,7B,68,2026-06-12,06:42,20,"italo disco, nu disco","Electronic, Pop","House of Spirits",2024-11-26,66,6,0,74,0,0,-8,F,4,4kE9q9n3CDr6wgBsWXhNdw,"Razor-N-Tape",QMXZD1100716,no
749,"BEVERLY HILLS","Doechii",92,10A,79,2026-06-12,03:38,55,"","","Alligator Bites Never Heal",2024-08-30,66,51,0,43,10,10,-8,B minor,4,1DHkz9GVMwwN9hGpURl1FO,"Top Dawg Entertainment/Capitol Records",USUG12405676,yes
750,"Five Day Morning","The Clientele",92,11B,36,2026-06-12,04:08,22,"dream pop, jangle pop","Pop, Rock","Suburban Light",2000-11-01,61,64,1,51,0,30,-13,A,4,3ipkWM4UZjaOA1aEmzIUoH,"Pointy Records",GBFXJ0000010,no
751,"Potters Field","Alice Swoboda",92,11B,38,2026-06-12,03:10,13,"","","The Dove of Peace b/w Potters Field",1972-01-01,66,69,3,45,0,0,-13,A,4,0fpfNS4IbIcPZFZDSi3YkY,"Numero Group",USCW60802050,no
752,"You’re Not The One","Sky Ferreira",92,12A,97,2026-06-12,03:55,49,"","","Night Time, My Time",2013-01-01,47,0,0,81,0,10,-3,C♯/D♭ minor,4,43ZisASlIqU06vXrwWa9hw,"Capitol Records (CAP)",USUM71306197,no
753,"Original Watercolour","TEAL",92,8B,65,2026-06-12,04:51,22,"","","Original Watercolour",2025-03-25,56,60,78,82,0,0,-7,C,4,3DoEImYpfVsYUFgNBz2STi,"Spiritual World",USA2B2511983,no
754,"To Unknownia","Domenique Dumont",92,10A,57,2026-06-12,04:03,35,"","","To Unknownia",2024-12-20,72,53,92,51,0,10,-10,B minor,4,4SKo17IGPoHGhCqT1rxYv9,"Midnight special records",FR7GN2500020,no
755,"TO MEET WITH BOND","JL. de Tiviera, M. Capitou",92,11B,69,2026-06-12,03:37,13,"","","CARLA MUSIC ORCHESTRA",1982-01-01,68,2,75,79,0,0,-10,A,4,61qMJ5Y1GyW93VHKkygrDo,"GM. Musipro",FR10F2400080,no
756,"Stakes Is High","De La Soul",92,3B,77,2026-06-12,05:30,52,"jazz rap, east coast hip hop","Hip Hop, Jazz","Stakes Is High",1996-07-02,66,16,0,82,40,90,-7,C♯/D♭,4,5sfXK6yQlY9vSzuR3f3oD8,"AOI Records",QMMEH2200204,yes
757,"Chick Safari","Phil Haley & His Comments",92,10B,63,2026-06-12,02:29,0,"rockabilly, psychobilly, boogie-woogie, horror punk","Blues, Jazz, Metal, Rock","Touch of Haley",2021-04-16,65,48,0,69,0,10,-7,D,4,0fTPapuXLxR1r0tgHYjB6R,"Independent",UKXN22126261,no
758,"Butter","A Tribe Called Quest",92,9B,38,2026-06-12,03:38,55,"jazz rap, east coast hip hop, old school hip hop, hip hop","Hip Hop, Jazz","The Low End Theory",1991-09-24,73,3,0,47,30,30,-15,G,4,758mQT4zzlvBhy9PvNePwC,"Jive",USJI10300153,no
759,"Waterloo (1983)","Andrew Hawkey",92,7B,55,2026-06-12,04:46,9,"folk rock","Folk, Rock","Hindsight",2023-06-23,66,76,1,75,0,0,-11,F,4,2Ie79u5DYz8XYc7OSK7ccS,"Mole Lodge Records",TCAGZ2349130,no
760,"House Of Pancake","Swirlies",92,3B,68,2026-06-12,06:31,28,"shoegaze, dream pop, slowcore, noise rock","Pop, Rock","Brokedick Car",1994-00-00,65,2,78,44,0,30,-13,C♯/D♭,4,5xIapfLMLmQp5DQqCukCTO,"Taang! Records",USX5G9307805,no
761,"The Real Deal","Johnny  Guitar  Watson",92,2A,58,2026-06-12,04:56,28,"blues","Blues","A Real Mother For Ya",1977-03-11,76,38,0,32,0,0,-8,D#/E♭ minor,4,3SbJF8qY86JCtFMvnCgUh4,"High Fashion Music",GBBLY1300380,no
762,"Hit My Head All Day","Dry Cleaning",92,8B,72,2026-06-12,06:03,33,"post-punk","Rock","Hit My Head All Day",2025-09-29,56,1,94,74,0,10,-7,C,4,0JIKmYZmtDKqXAU37ZqwbN,"4AD",GBAFL2500471,no
763,"Sun","Stephen Star",92,12A,60,2026-06-12,02:34,4,"","","Sun",2025-08-27,46,87,6,33,0,10,-11,C♯/D♭ minor,4,3AqECWMQTcfroBgaCKeTAI,"MirrorWorld",QZWFW2535755,no
764,"Play dis 99 (remix)","Saukrates, Common",92,3B,68,2026-06-12,03:35,19,"underground hip hop, boom bap, hip hop, jazz rap, neo soul","Hip Hop, Jazz, R&B","The Underground Tapes",2024-08-23,74,3,0,82,40,0,-7,C♯/D♭,4,7h5tNZj9flFo6tPPHlMWjG,"SoNo Recording Group",CBDHV2400039,yes
765,"Visions of You - Radio Edit","Jah Wobble's Invaders Of The Heart",92,6A,51,2026-06-12,04:23,18,"","","Visions of You",2024-05-24,55,2,84,66,0,30,-12,G minor,4,0jok1UqQb161ZShxqsSsx6,"Warner Music UK Ltd",GBAHS0401564,no
766,"Soldier","Erykah Badu",92,1B,62,2026-06-12,05:03,45,"neo soul, r&b","R&B","New Amerykah Part One (4th World War)",2007-02-26,51,0,62,25,10,10,-7,B,4,5rI0lmvmena4CW3C4zwZ4v,"Motown",USUM70803783,yes
767,"Stay Ready (feat. Yaya Bey)","DJ Harrison, Yaya Bey",92,11B,43,2026-06-12,02:01,23,"","","Stay Ready (feat. Yaya Bey)",2025-11-05,70,35,78,61,0,20,-10,A,4,0edG7kXOUCRKekOSofl4Un,"Stones Throw Records",US2S72512012,no
768,"Carmel City","Pete Rock & C.L. Smooth",92,1B,77,2026-06-12,03:52,45,"east coast hip hop, jazz rap, old school hip hop, boom bap","Hip Hop, Jazz","The Main Ingredient",1994-01-01,79,16,0,69,20,50,-8,B,4,4fTcyCfuS1FU1u6Y4yH36u,"Rhino/Elektra",USEE19400159,no
769,"Longing","Nusrat Fateh Ali Khan, Michael Brook",92,10B,56,2026-06-12,05:35,41,"qawwali, ghazal, sufi","Folk, Traditional Music","Night Song (Real World Gold)",1995-00-00,48,41,63,10,0,0,-12,D,4,2IVTadJg1X3ZjlHI5dLh9r,"Real World Records",GBCPA9501129,no
770,"Either Way I Lose","Nina Simone",92,4B,32,2026-06-12,02:46,36,"vocal jazz, soul jazz, soul, jazz, blues","Blues, Jazz, R&B","Wild Is The Wind",1966-09-16,44,84,0,36,0,10,-12,G#/A♭,1,3emrTFqAQCpIWCcTbzzMjJ,"Verve Reissues",USPR36560015,no
771,"She Wants - More","The NM Band",92,11A,41,2026-06-12,06:14,10,"","","She Wants",2023-10-27,77,29,76,83,0,10,-11,F#/G♭ minor,4,1wfyvlFRsaBAwoxzcYKRsw,"Isle of Jura Records",USA2P2346449,no
772,"She Turns My Radio On","Jim Ford",92,10A,74,2026-06-12,03:20,39,"","","Rare Singles and Previously Unreleased Masters, Vol. 1",2007-11-23,76,75,1,81,0,10,-7,B minor,4,60Lr94URXKMqK6KqEgyFH8,"AMB",DEU470790448,no
773,"I Love You","Spacemen 3",92,8A,53,2026-06-12,05:32,47,"space rock, neo-psychedelic, shoegaze, psychedelic rock, dream pop","Pop, Rock","Recurring (Original)",2004-00-00,60,11,86,67,0,10,-12,A minor,4,0ljT9dTyv5b1hd4WHuigjV,"Space Age Recordings",GBETY1615503,no
774,"Yade Gozashteh","Faramarz Aslani",92,7A,23,2026-06-12,02:59,23,"","","Age Yeh Rooz",1992-00-00,51,77,0,64,0,0,-18,D minor,4,3aecEga7HP4uKc0qrBwTze,"Pars Video",USJ3V0892748,no
775,"Hand in My Pocket","Alanis Morissette",92,8B,77,2026-06-12,03:39,54,"","","The Collection (Standard Edition)",2005-11-11,64,5,0,62,0,0,-5,C,4,78kkknD87Eor8RDGY9Gyuv,"Maverick",USMV20500306,no
776,"Honey","Ultramarine",92,12B,75,2026-06-12,05:09,17,"idm","Electronic","Every Man And Woman Is A Star",2014-11-03,67,20,24,87,0,0,-13,E,4,1zv4G40lQny3BSpRp7mvjp,"Rough Trade",GBHBR0402570,no
777,"pray everyday","Pink Siifu, Ahwlee, Liv.e, Like",91,9B,76,2026-06-12,04:12,28,"experimental hip hop, alternative r&b, neo soul","Pop, R&B, Hip Hop","ensley",2018-08-14,75,41,0,45,30,10,-8,G,4,3dOzyNTh3BigPHn3o2PfNr,"Pink Siifu",QM24S1828368,yes
778,"Till It's Done (Tutu)","D'Angelo",91,1B,55,2026-06-12,03:51,44,"neo soul","R&B","Black Messiah",2014-12-15,65,13,7,50,0,20,-10,B,4,1tgmyTEKDOkwyvyE37AJDj,"RCA Records Label",USRC11403102,no
779,"The Age Of Self","Robert Wyatt",91,6B,69,2026-06-12,02:48,28,"art rock, progressive rock, experimental, krautrock","Rock, Classical, Electronic","Old Rottenhat",1986-00-00,64,16,0,59,0,20,-11,A#/B♭,4,0p48pOhJyjCOkfZIdNWe9Z,"Domino Recording Co",GBCEL0800638,no
780,"Crayon Angels","Judee Sill",91,11B,13,2026-06-12,02:45,46,"singer-songwriter, baroque pop, folk","Classical, Pop, Folk","Judee Sill",1971-00-00,40,88,0,36,0,10,-16,A,3,7iKnwGAMdY6LYLILGnsGhT,"Rhino/Elektra",USEE10300523,no
781,"I Remember Summer","Gene Harris",91,11A,72,2026-06-12,02:03,36,"jazz funk, soul jazz, hard bop, jazz fusion","Jazz, R&B, Electronic, Rock","Astral Signal",1974-11-21,52,55,80,74,0,50,-13,F#/G♭ minor,4,6Ou9yp4RGGVI2fNMeOzLIT,"EMI MUSIC JAPAN INC.",USBN27400019,no
782,"Into You (feat. Tamia) - Main Mix","Fabolous, Tamia",91,6A,53,2026-06-12,04:53,72,"r&b","R&B","Street Dreams",2003-01-14,68,20,0,57,0,10,-8,G minor,4,1Jm1I3APcmVz3MqPr5vfTx,"Rhino/Elektra",USEE10900318,yes
783,"Manifest Destiny","Jamiroquai",91,4B,84,2026-06-12,06:22,52,"acid jazz","Jazz","The Return of the Space Cowboy (Remastered)",1994-10-17,63,32,62,61,0,0,-8,G#/A♭,4,64BvrMFmtPSFSVK5aiJ1b6,"Sony Music UK",GBARL1201210,no
784,"Gengis","Chico Hamilton",91,5A,19,2026-06-12,04:06,42,"cool jazz, jazz, hard bop, jazz funk","Jazz, R&B","The Master",1973-01-01,54,56,8,20,0,0,-20,C minor,4,0QG4DfIXjOh4Not5CKpLb6,"Stax",USFI87300343,no
785,"Lotus 72 D","Zé Roberto",91,8A,68,2026-06-12,03:12,56,"bossa nova, brazilian jazz","Jazz, Latin","Lotus 72 D",1973-00-00,73,63,18,96,0,20,-10,A minor,4,25JrVa0pOZhb4WvuCK1JVk,"Mr Bongo",GBCLQ1900190,no
786,"Cleaning Windows","Van Morrison",91,4A,58,2026-06-12,04:46,0,"classic rock, folk, folk rock, mellow gold, rock, singer-songwriter, soft rock","Rock, Folk","Beautiful Vision",1982-02,76,56,0,87,0,20,-10,F minor,4,0HWDiIwCsoBiFCBHcaJpPd,"Legacy Recordings",USQX91501497,no
787,"Remind Me - Remastered Version","Patrice Rushen",91,9A,45,2026-06-12,05:14,31,"post-disco, jazz funk, disco, funk","Pop, R&B, Jazz","Forget Me Nots",2017-12-06,81,26,2,81,0,10,-10,E minor,4,5kovvNB51QrikkznHROXvj,"Strut",USEE10301031,no
788,"(I Can) Deal with That","Dee Edwards",91,3B,62,2026-06-12,03:39,9,"northern soul","R&B","Searching for Soul: Soul, Funk & Jazz Rarities from Michigan 1968-1980",2005-10-05,59,75,0,92,10,0,-9,C♯/D♭,4,0kxxQti2iGnaEDLSJNkfNe,"Luv N' Haight",USLNH0504610,no
789,"Small Talk","MALIA",91,4B,39,2026-06-12,03:02,0,"neo soul","R&B","Late Bloomer",2017-12-19,42,59,0,23,0,40,-9,G#/A♭,4,2Qnp4Hw3qZVn84Z33omakf,"MALIA",CA5KR1706267,no
790,"Rockapella","House Of Assembly",91,1B,77,2026-06-12,03:36,0,"","","Hot Rock",2022-05-06,74,0,1,70,0,10,-10,B,4,5xg2CoycBU9f7eC243VhH9,"Isle of Jura Records",USA2P2211398,no
791,"Gente Aberta","Erasmo Carlos",91,11A,45,2026-06-12,02:20,58,"mpb, brazilian rock","Rock, Latin","Carlos, Erasmo [Versão Com Bônus (1971)]",1971-01-01,61,71,7,81,0,10,-8,F#/G♭ minor,4,0MT6ecgiLweuA4nd9NTGll,"Universal Music Ltda.",BRMCA7100049,no
792,"More Big Birds","Dry Cleaning",91,9A,45,2026-06-12,04:07,27,"post-punk","Rock","New Long Leg",2021-04-02,69,5,72,76,0,0,-9,E minor,4,7gpO1CchxFFbBFbAWko3zb,"4AD",GBAFL2000416,no
793,"Curumim Chama Cunhatã Que Vou Contar","Jorge Ben Jor",91,10A,49,2026-06-12,03:46,34,"mpb, bossa nova, samba, brazilian jazz","Jazz, Latin","Bem-Vinda Amizade",1981-00-00,74,23,0,90,10,0,-13,B minor,4,0fC5za98GBTIZtn3BqBr0f,"Som Livre",BRSGL8200021,no
794,"Excellent Birds","Laurie Anderson",91,3B,43,2026-06-12,03:17,29,"art pop, avant-garde, art rock, spoken word","Pop, Rock, Classical, Jazz, Easy Listening","Mister Heartbreak",1984-01-01,75,37,0,94,10,10,-18,C♯/D♭,4,3T2jsPUy9Bm5GIM9Wrv0mS,"Warner Records",USWB10101311,no
795,"Tuesday Afternoon","Sunshine Earth Band",91,12B,36,2026-06-12,03:32,10,"aor","Rock","Vacation from My Mind",2022-06-23,75,35,0,64,0,0,-14,E,4,7tR14tJa5aBOaepQtr1nRP,"Forager Records",ushm22215728,no
796,"You Only Live Twice - Instrumental","John Barry",91,8B,27,2026-06-12,02:37,44,"","","The Music Of John Barry",1976-02-22,32,1,91,20,0,40,-16,C,4,4yN9GHgWQeoxeLOVVzyvqH,"Columbia",GBBBN6700016,no
797,"What can I Say To Change Your Heart?","Trembling Blue Stars",91,3A,21,2026-06-12,05:56,24,"jangle pop, indie pop, slowcore","Pop, Rock","Her Handwriting",1996-05-01,62,21,78,11,0,10,-19,A#/B♭ minor,4,5RZhykKCmhJ8WPN7DQtQax,"SHINKANSEN RECORDINGS",GBMZG0600003,no
798,"Freak Like Me","Adina Howard",91,10A,84,2026-06-12,04:13,66,"new jack swing","R&B","Do You Wanna Ride?",1995-00-00,66,3,0,66,0,0,-6,B minor,4,6Vas6h9lB5mmeVDXdFqlQA,"Rhino/Elektra",USEW19500001,no
799,"Improvisation No. 5","Robert Crotty, Loren Connors",91,12B,40,2026-06-12,01:24,2,"avant-garde, electroacoustic, ambient, drone","Electronic, New Age, Classical, Jazz","Robert Crotty with Me: Loren’s Collection (1979-1987)",2017-12-08,34,92,98,23,0,10,-13,E,4,2Gmwe5Q8B09CLFjuGRtDz9,"Family Vineyard",USGQ21709603,no
800,"Raised Eyebrows","The Feelies",91,12B,84,2026-06-12,03:01,22,"jangle pop, post-punk, power pop","Pop, Rock","Crazy Rhythms",2009-09-21,48,3,10,53,0,0,-8,E,4,3t8jBpKYRSBL9TKI4ZOXLO,"Domino Recording Co",GBCEL0900530,no
801,"Into The Heart Of The Matter","The Zenmenn, John Moods",91,3A,17,2026-06-12,06:06,32,"","","Hidden Gem",2022-10-17,69,67,47,33,0,20,-16,A#/B♭ minor,4,47vEVNzMFiwZTeodkIosyi,"Music From Memory",NLD7H2200023,no
802,"Smoke - Remix","Blood Orange, Yves Tumor, Ian Isiah",91,11A,49,2026-06-12,04:40,33,"art pop","Pop","Smoke (Remix)",2018-08-17,70,46,0,43,20,20,-9,F#/G♭ minor,4,22Fvc0gkf7ZCNQEQ2Oxj6D,"Domino Recording Co",GBCEL1800619,no
803,"Giving Up On Love","Thee Midniters",91,6B,58,2026-06-12,02:42,36,"","","Greatest Slow Jams",2017-11-01,44,65,0,78,0,70,-5,A#/B♭,4,2plLay32f9kWmrh7l9c7jp,"Artist Royalty and Music Services",QZ5FN1767680,no
804,"The Ballad Of Naked Man","Butthole Surfers",91,8B,69,2026-06-12,06:05,26,"noise rock","Rock","Independent Worm Saloon",1993-01-01,48,42,30,76,0,0,-10,C,4,2VVVgBjMFEyUMOWFiFCeSs,"Capitol Records",USCA29200112,no
805,"You Know","John Martyn",91,8B,53,2026-06-12,03:10,15,"folk rock, folk","Folk, Rock","Sapphire",1984-01-01,73,38,0,97,0,10,-13,C,4,2BL6REK1LfbECXEvHLfoaD,"Universal-Island Records Ltd.",GBAAN8400014,no
806,"Mein Maschine Ist Schön","Cos",91,9A,31,2026-06-12,08:53,16,"krautrock, progressive rock, art rock","Rock, Electronic","Babel",2010-06-01,64,53,44,38,10,0,-16,E minor,4,1ZUBnyEIwANhb5L7oi0z7k,"Musea",FR6V80844900,no
807,"CINNAMON SNOWFLAKE","Celestial",91,9B,14,2026-06-12,06:19,8,"ambient","Electronic, New Age","I Had Too Much to Dream Last Night",2021-08-13,32,89,87,15,0,10,-18,G,4,0UseJW72aCrcMfyjHh7ePL,"Ecstatic Recordings",UK8261900754,no
808,"Africa Talks to You ( The Asphalt Jungle )","Sly & The Family Stone",91,10B,53,2026-06-12,08:45,20,"funk, motown, classic soul, funk rock, soul","R&B, Rock, Pop, Blues","There's A Riot Goin' On (Expanded Edition)",1971-11-20,80,32,0,38,0,0,-13,D,4,0CDAXc3bkzzv9wIXT3XPyd,"Epic/Legacy",USSM17100399,no
809,"Song with No Words (Tree with No Leaves)","David Crosby",91,9A,28,2026-06-12,06:00,30,"folk rock, singer-songwriter","Folk, Rock","If I Could Only Remember My Name",1971-02-22,48,64,0,41,0,10,-16,E minor,4,2pol0rkY50SetgMU0HqR4e,"Rhino Atlantic",USAT20105335,no
810,"Remind Me - Remastered","Patrice Rushen",91,9A,47,2026-06-12,05:19,44,"post-disco, jazz funk, disco, funk","Pop, R&B, Jazz","Straight From The Heart",2017-12-06,81,34,3,85,0,0,-9,E minor,4,0vDu3wX2y4gMCYxkkvN08W,"Strut",USEE10183271,no
811,"That Ain't Right - Lo-Down Hip Hop Edit","Judy Albanese",91,12A,30,2026-06-12,03:41,8,"","","That Ain't Right",1995-01-01,77,46,0,82,20,10,-12,C♯/D♭ minor,4,145hC0hez2yHAbwoqAbOCN,"Nettwerk Music Group",USA2P0721257,no
812,"New Horizon","Curtis Knight With Zeus",91,11B,33,2026-06-12,03:58,2,"funk rock","R&B, Rock","Sea Of Time",1973-01-01,50,62,0,41,0,10,-13,A,4,2y6UVAePN9z6S1CPn1vYkJ,"Cherry Red Records",GBBLY2102889,no
813,"Glow","Kelis, Raphael Saadiq",91,8B,59,2026-06-12,04:00,0,"neo soul, soul, retro soul","R&B, Blues","Tasty",2003-12-05,78,1,0,64,0,0,-7,C,4,1xvXZfgG3S62hoXJAoCha4,"Virgin Records",USAR10301294,no
814,"Long Time","Womack & Womack",91,9A,44,2026-06-12,05:13,22,"disco","Pop","Transformation to the House of Zekkariyas",1993-00-00,70,40,1,65,0,0,-13,E minor,4,5PxVREiob16r2kk1S1lihj,"Rhino/Warner Records",USWB10702158,no
815,"Andei","Wilfred Percussion",91,10B,29,2026-06-12,03:03,15,"","","Wilfred Percussion",2018-00-00,74,37,0,66,0,30,-15,D,4,3jIrighhNJtL5HnjW2Wmnn,"Libreville Records",QMBZ92059565,no
816,"Water No Get Enemy","Fela Kuti",91,3A,93,2026-06-12,09:51,0,"afrobeat, highlife, afropop","R&B, Traditional Music, Pop","The Best of the Black President",1999-01-01,64,11,2,89,0,0,-8,A#/B♭ minor,4,2oWex6rYoQ7Bl2D9zG8d3F,"Knitting Factory Records",USBQU1300035,no
817,"Can You Lose By Following God","Whole Truth",91,12B,25,2026-06-12,04:14,44,"","","Can You Lose By Following God b/w God Is Going To Raise A Nation",1974-01-01,53,7,7,22,0,10,-12,E,4,7HYX0zJkY6fjEJvaXSn9Od,"Numero Group",USCW61304014,no
818,"Can We Do This?","Speakers Corner Quartet, Kwake Bass, Raven Bush, Peter Bennie, Biscuit, Sampha",91,6A,41,2026-06-12,02:57,31,"jazz funk, indie soul","R&B, Jazz","Further Out Than The Edge",2023-06-02,70,72,1,44,0,10,-8,G minor,4,1QBbCxj5i5Ug2opOFnkYNp,"OTIH Records",GB5P52300058,no
819,"Easter Parade: Shakin' the Blues Away","Judy Garland, Peter Lawford, Fred Astaire, Ann Miller, MGM Studio Orchestra, Johnny Green",91,4B,24,2026-06-12,02:57,2,"christmas, big band, swing music, adult standards, musicals","Easy Listening, Jazz, Pop, Classical","Vintage Hollywood Classics, Vol. 3: Annie Get Your Gun - Easter Parade - The Pirate - Show Boat & Others (Original Stars, Original Soundtracks)",2013-09-03,46,98,0,65,0,50,-17,G#/A♭,4,1D2xjFYBklWJTXuMFFW769,"Jube Pops",DEL111301899,no
820,"Tioga Pass (feat. Rocco Palladino)","Yussef Dayes, Rocco Palladino",91,9A,58,2026-06-12,07:56,42,"nu jazz, indie jazz, jazz fusion","Jazz, Pop, Electronic, Rock","Black Classical Music",2023-09-08,52,14,89,32,0,0,-10,E minor,4,5OrpMZeYktAdLSDbsdC6Kc,"Brownswood Recordings",GBAYE2300262,no
821,"Flying in a Dream","Ingrid Westberg",91,1A,36,2026-06-12,05:08,0,"","","Ingrid",2018-10-28,28,95,27,16,0,30,-10,G#/A♭ minor,4,6ULu27xJFUIEsXoF8lpNLp,"Ingrid Westberg",QZ8251855386,no
822,"Stanga","Little Sister",91,3A,75,2026-06-12,03:42,3,"","","I'm Just Like You: Sly's Stone Flower (1969-1970)",2014-11-07,87,68,76,96,0,0,-11,A#/B♭ minor,4,67bI3OsiOQ5ivJjRGXE470,"Light In The Attic",USDEA1412108,no
823,"You Know","John Martyn",91,8B,55,2026-06-12,03:12,32,"folk rock, folk","Folk, Rock","Sapphire",1984-00-00,73,42,0,97,0,10,-12,C,4,5mq3rQb8uWJXjADZZPfztz,"UMC (Universal Music Catalogue)",GBAAN8400014,no
824,"I'll Keep My Light In My Window","Diana Ross, Marvin Gaye",91,4A,78,2026-06-12,04:27,25,"motown, disco, classic soul, soul, northern soul, quiet storm","R&B, Pop, Blues","Diana & Marvin (Expanded Edition)",1973-10-26,55,2,0,75,0,0,-10,F minor,4,5NHCV1l6v3fqgky78FnO05,"UNI/MOTOWN",USMO10001123,no
825,"Another Other","Iko Chérie, Aloa Input",91,9B,46,2026-06-12,04:05,15,"","","Another Other",2024-02-02,57,86,90,49,0,0,-13,G,4,4JCUDgPV9TcPfNAVnv2RDu,"Inselgruppe",QM4TW2430665,no
826,"Dance For Me","Mary J. Blige",91,9A,81,2026-06-12,04:47,29,"r&b","R&B","No More Drama",2001-08-28,71,1,0,82,10,10,-8,E minor,4,0iU3XzAfug41I7BEVIXspR,"Geffen",USMC10111553,no
827,"A Dream Goes on Forever","Todd Rundgren",91,8B,38,2026-06-12,02:25,23,"yacht rock, power pop, philly soul","R&B, Pop, Rock","The Very Best of Todd Rundgren",1997-07-29,60,11,0,82,0,0,-12,C,4,2qKdOqmlC99CdhXvQWBXd8,"Rhino",USRH10553214,no
828,"Supernova","Force Of Nature",91,2B,93,2026-06-12,05:50,12,"jazz rap","Hip Hop, Jazz","III",2006-05-24,52,0,69,95,0,90,-5,F#/G♭,4,4mEr66vOeGPKYKW8Nk6SoL,"Libyus Music",JPZ920700269,no
829,"Think","The Sound Control",91,9A,41,2026-06-12,04:31,7,"baroque pop","Classical, Pop","Carlo Mollino in the Wild with the House of Gucci, Vol. 2",2023-02-10,69,4,1,50,0,10,-14,E minor,4,6QpahI0Nn9ztjB8is3KVge,"Calabasas Films + Media",QM4TX2391094,no
830,"Skurrr","MIKE, Tony Seltzer",91,3A,41,2026-06-12,01:47,42,"experimental hip hop, alternative hip hop, jazz rap, cloud rap","Hip Hop, Jazz","Pinball",2024-03-06,67,55,0,55,10,10,-12,A#/B♭ minor,4,5Uo8fStwMyYbNTtkz2EVXm,"10k",GBBPW2400468,yes
831,"Marshall","Frank LoCrasto",91,3B,62,2026-06-12,04:12,19,"pastoral","Classical","El Dorado",2011-03-01,64,40,93,77,0,0,-11,C♯/D♭,4,0kypivPPJn56oTiqiIZOFa,"Hundred Pockets",QM4DW1626732,no
832,"Shall We Go","Dropbears",91,10B,64,2026-06-12,04:42,7,"","","The Essential Dropbears",2011-08-19,64,8,0,63,0,50,-10,D,4,10gUIn7gdK7pSL2bBEP28D,"WM Australia",AUWA01100080,no
833,"Lucia","Ishihonana",91,9B,33,2026-06-12,04:46,40,"","","La Flore De Piedra",2015-07-31,64,98,94,58,0,10,-13,G,4,5Z6BptlD4n6DzMATCMPgkk,"Emotional Rescue",GBJX38425004,no
834,"I Believe in You - 1997 Remaster","Talk Talk",91,2B,19,2026-06-12,06:10,50,"new wave, synthpop","Pop, Rock, Electronic","Spirit of Eden",1988-00-00,52,69,25,16,0,10,-22,F#/G♭,4,3SzoVeS9Eaxt6dmfXF0fPo,"Parlophone UK",GBAYE9701611,no
835,"You Are His","Gary Ramey",91,11B,26,2026-06-12,02:57,4,"","","Someone Like Me",2024-04-26,32,23,0,29,0,0,-11,A,4,0CkUgHdyPi8pUI7pgDbnv8,"Efficient Space",QM4TW2433831,no
836,"Why","Donna Regina",91,9B,36,2026-06-12,04:22,26,"indie electronic, german indie","Rock, Electronic, Pop","A Quiet Week In The House",1999-10-25,39,1,79,22,0,10,-11,G,4,21PV64xRI67P281IldN5oX,"Karaoke Kalk",DEQ510500239,no
837,"My Moon","Habibi",91,7B,74,2026-06-12,05:56,0,"","","My Moon",2024-04-30,35,3,8,22,0,20,-7,F,4,56OKfXhOovtNf8M4XBj5D1,"Kill Rock Stars",USKRS2375406,no
838,"Say I Do","Rhythm Roots Allstars, John Arthur Bigham",91,8A,75,2026-06-12,04:58,7,"","","Say I Do",2022-12-01,59,45,0,42,0,0,-6,A minor,4,4KRXEgl3f5pHaFPisHnSwb,"F-Spot Records",QZ79M2200005,no
839,"Glow","Kelis, Raphael Saadiq",91,8B,59,2026-06-12,04:00,35,"neo soul, soul, retro soul","R&B, Blues","Tasty",2003-01-01,78,2,0,64,0,0,-7,C,4,7G95nOaTYYapYylcjFwI9c,"[PIAS] Recordings Catalogue",USAR10301294,no
840,"Mr. Bojangles","Esther Phillips, Jerry Chaikin",91,4A,22,2026-06-12,04:41,0,"northern soul","R&B","Fa-Fa-Fa (Sad Song)",1984-00-00,74,25,6,59,0,10,-19,F minor,4,6ysHLBqrMZQlRhT70OmzVf,"Jazzwerkstatt",FR10S1664526,no
841,"Vagos Punk","Juana Molina",91,1B,55,2026-06-12,02:25,18,"","","Forfun",2019-10-25,35,7,24,37,0,10,-9,B,4,6Madtt9f6pa4yzjDwu8Zk9,"Crammed Discs",ARF901900123,no
842,"Into You (feat. Fabolous)","Tamia, Fabolous",91,6A,53,2026-06-12,04:54,59,"r&b","R&B","More",2004-04-05,68,22,0,57,0,10,-8,G minor,4,0ceeRNqbOzRiGE42KWSrRa,"Elektra Records",USEE10440013,no
843,"Faded (original cassette version)","The Cat's Miaow",91,12A,41,2026-06-12,02:04,0,"jangle pop","Pop, Rock","Skipping Stones: The Cassette Years '92-'93",2024-05-03,39,25,86,81,0,10,-12,C♯/D♭ minor,3,7LlLXEQgBBqSGT3ZosYVos,"World of Echo",QMFMG2359348,no
844,"Hangin' On","Al Green",91,7A,33,2026-06-12,04:20,24,"soul, classic soul, motown, soul blues","R&B, Pop, Blues","Al Green Explores Your Mind",1974-10-02,74,42,0,84,0,10,-12,D minor,4,2O6AOuCNdPbFPf1fx1piIo,"Fat Possum",US2HK0914508,no
845,"Every Morning","Max B",91,1A,63,2026-06-12,03:33,0,"","","Library of a Legend, Vol. 18",2010-12-18,75,9,0,65,40,10,-12,G#/A♭ minor,4,4JMt4GNAHYlbFwQWrLXPyI,"Stage One Music",USLQ21400375,yes
846,"Electrix Blue","J. McFarlane's Reality Guest",91,4A,22,2026-06-12,04:41,10,"","","Whoopee",2024-01-19,20,20,83,6,0,30,-13,F minor,3,30UQht0b7GHoK4WnzluTSn,"Night School",GBCK42308905,no
847,"Mágica","El Michels Affair, Rogê",91,10A,85,2026-06-12,02:35,28,"samba","Latin","Mágica",2025-08-13,65,13,41,69,0,10,-8,B minor,4,1TWz6EODmucHiVAt9nT1JX,"Big Crown Records",QZ2L62400157,no
848,"Cleaning Windows","Van Morrison",91,4A,54,2026-06-12,04:46,52,"classic rock, folk, folk rock, mellow gold, rock, singer-songwriter, soft rock","Rock, Folk","Beautiful Vision",1982-02-16,76,56,0,86,0,20,-11,F minor,4,1Y0fLiphJPvf7Rs56aAL3O,"Van Morrison",USQX91501497,no
849,"Strawberry Letter 23","The Brothers Johnson",91,6A,62,2026-06-12,04:59,64,"funk, disco","Pop, R&B","Right On Time",1977-01-01,73,27,1,75,0,10,-12,G minor,4,00kvKlIvfzQLSi6T2zwXuS,"A&M",USAM17700852,no
850,"Nothing Is Real","Boards of Canada",91,5A,62,2026-06-12,03:52,48,"idm, ambient, trip hop, downtempo, electronic","Electronic, New Age, Hip Hop","Tomorrow's Harvest",2013-06-10,55,56,91,26,0,0,-11,C minor,4,1rmXfdk4DFRuw6LLKoUTb0,"Warp Records",GBBPW1300036,no
851,"Flower Moon","Jouska",91,4B,54,2026-06-12,03:09,9,"","","Flower Moon",2025-06-20,55,12,4,39,0,10,-10,G#/A♭,4,1WhDO4JI9xCrMxBFJUZgha,"Koke Plate",NOEPG2518030,no
852,"Omaha","Gorodisch",91,8A,47,2026-06-12,05:21,3,"nu jazz","Electronic, Jazz","Osmosis",2000-08-03,65,8,83,18,0,10,-13,A minor,4,6asNCtXVtcfulIGeVXAcBo,"The Leaf Label",GBCKB9900040,no
853,"Bunun Tuza","David Darling & The Wulu Bunun",91,9B,13,2026-06-12,03:59,10,"","","Mudanin Kata",2004-05-17,23,82,0,11,0,10,-17,G,4,1pw9xNSN0vnQ2TuB8COWi9,"Riverboat Records",GBDTM0432011,no
854,"Sky's the Limit (Instrumental) - 2014 Remaster","The Notorious B.I.G.",91,3A,28,2026-06-12,04:33,47,"old school hip hop, gangster rap, east coast hip hop, hip hop","Hip Hop","Life After Death (25th Anniversary Super Deluxe Edition)",2022-06-10,84,2,86,66,0,10,-9,A#/B♭ minor,4,2aNE22PeaRWCw0ctPbOtpE,"Bad Boy Records",USAT21402364,no
855,"Rage Love Strange Love","Ugnė Uma",91,12A,65,2026-06-12,02:30,27,"ambient jazz","Easy Listening, Jazz","Rage Love Strange Love / Someone Call Donna",2025-11-07,68,0,49,17,0,10,-13,C♯/D♭ minor,4,6N1RmQWwoiBp66QIOzEKBT,"Somewhere Press",UK8262501526,no
856,"When I See You","Sad Lovers & Giants",91,9B,35,2026-06-12,03:18,31,"post-punk, cold wave, darkwave, gothic rock, deathrock, new wave","Electronic, Rock, Pop","Epic Garden Music",1981-01-01,58,20,2,84,0,10,-14,G,4,5L70E2cnHo10osl1HZe1w2,"Cherry Red Records",GBBLY8200568,no
857,"I Just Can't Neglect You","Art Lown",91,7B,51,2026-06-12,02:44,39,"","","Piper Oz the Hound",2021-10-29,53,79,8,76,0,10,-10,F,4,6zw581XY0OYRbqRXYI5L2u,"Anthology Recordings",QMV8L2109107,no
858,"Yaye boye","Idrissa Diop, Cheikh Tidiane Tall",91,11B,28,2026-06-12,04:57,0,"maloya","Traditional Music","Diamonoye tiopité (L'époque de l'évolution)",2010-11-27,64,95,33,60,0,10,-14,A,4,4TR2u0ZgIEzBCnoVwtBLjY,"Teranga Beat",FR6V81130968,no
859,"Mr. Bojangles (Arr. D. Matthews)","Esther Phillips, Rachelle Capelli, Angela Capelli, Lani Groves, Peter Coefield, John Baranco, Keith Loving, Jerry Chaikin",91,4B,27,2026-06-12,04:38,9,"northern soul","R&B","Phillips, Esther: Fa Fa Fa (Sad Song)",2010-09-01,74,16,0,56,0,40,-17,G#/A♭,4,0seVxeKJJHnNebgwCdXchz,"ITM",USB8U1008470,no
860,"Hermes Trismegisto Escreveu","Jorge Ben Jor",91,11B,95,2026-06-12,03:02,36,"mpb, bossa nova, samba, brazilian jazz","Jazz, Latin","Africa Brasil",1976-01-01,69,50,0,86,10,0,-5,A,4,0uNRJM0SPTYODsXsIjXJw6,"Universal Music Ltda.",BRMCA7600093,no
861,"Roni","Ingus Baušķenieks",91,8B,33,2026-06-12,06:11,14,"","","Spoki",2018-08-06,76,53,0,72,0,20,-7,C,4,5ROHkmhqxsCjoywU7xDsmA,"Stroom",UK6821833508,no
862,"Loaded - Andy Weatherall Mix","Primal Scream",91,4B,54,2026-06-12,07:01,57,"madchester, britpop, alternative dance","Electronic, Pop, Rock","Screamadelica",1991-09-23,62,0,58,89,0,80,-15,G#/A♭,4,7zxDWJtcsVvXsbMBxxbSba,"Creation Records",GBAAW9100560,no
863,"Rebel Dub","Primal Scream",91,11B,58,2026-06-12,05:20,16,"madchester, britpop, alternative dance","Electronic, Pop, Rock","Vanishing Point (Expanded Edition)",1997-07-07,65,12,77,58,0,40,-8,A,4,3zNJqCo3lV2vndTqGz1Q79,"Creation Records",GBAAW9700221,no
864,"Can't Get Enough","F.R. David",90,2B,45,2026-06-12,04:03,27,"","","Words",1983-01-01,48,35,0,34,0,10,-13,F#/G♭,4,2L5AE7cyx0AZSVvrr7Gdrf,"Moonlight-mainlight",FR6V81029411,no
865,"Useless Begging - Live","Todd Rundgren",90,8B,27,2026-06-12,03:33,3,"yacht rock, power pop, philly soul","R&B, Pop, Rock","Todd",2011-05-10,48,75,0,24,0,60,-17,C,4,3aBtVcQrLyBJAGrD6SdNOO,"Cleopatra Records",QM6XS2102437,no
866,"I'm a Lonely Man","Chuck Armstrong",90,8B,88,2026-06-12,03:14,0,"","","A Broken Heart and a Weary Soul",2015-00-00,54,42,0,74,10,0,-6,C,4,2CjMTH2HKnZWFjI81mfJEY,"Music Manager",USGZ21454369,no
867,"Alberto Balsam","Simon Farintosh",90,3B,29,2026-06-12,02:45,21,"","","Aphex Twin for Guitar",2021-01-29,69,95,94,32,0,10,-15,C♯/D♭,4,3yyGA1dyivdW7uy0yDpjB0,"2770169 Records DK",QZFZ42175286,no
868,"Ballo-Balla","Roland P. Young",90,2B,67,2026-06-12,05:42,20,"ambient jazz, krautrock","Easy Listening, Jazz, Electronic, Rock","Hearsay I-Land",2013-12-17,67,0,12,80,0,0,-8,F#/G♭,4,2Ogr3hXsjLUhniT2n0WRNy,"Palto Flats",QMBZB1388103,no
869,"Been A Long Night","Galcher Lustwerk",90,4A,43,2026-06-12,04:32,24,"lo-fi house, jazz house, hip house","Electronic, Hip Hop, Jazz","Information",2019-11-22,78,18,77,64,0,0,-12,F minor,4,6R1iUygNnqOmUBmMUsDM7I,"Ghostly International",US2J71905110,no
870,"Jesus Jazz","Jazzboy",90,10A,72,2026-06-12,03:36,11,"","","Jesus Jazz",2018-11-16,57,8,62,46,0,10,-8,B minor,4,0C108uGlAqpz4j53SuBB0K,"Jazzboy",TCADU1893995,no
871,"Re-animator","ARTHUR",90,11A,77,2026-06-12,01:27,0,"","","Challenger",2017-08-25,57,3,75,27,0,0,-8,F#/G♭ minor,4,4jjiWqsfo0jlpuswM7MbcF,"PLZ Make It Ruins",UK9JS1701103,no
872,"Ballin' Parlay","Big Pokey",90,3B,67,2026-06-12,04:40,0,"southern hip hop, crunk","Hip Hop","Hardest Pit In The Litter",1999-01-01,77,64,0,52,10,30,-7,C♯/D♭,4,3XpfcEBBPrXl0xtjvQI2HB,"Chevis Entertainment",USCGJ0621285,no
873,"Rebecca's Theme (Water)","A.R.T. Wilson",90,7B,42,2026-06-12,04:36,40,"ambient","Electronic, New Age","Overworld",2014-04-30,60,93,87,58,0,70,-12,F,4,5JA1wMXh6C072LePIqWTdR,"Numero Group",USCW61913102,no
874,"Blue Sway - Remastered 2011","Paul McCartney, Richard Niles",90,11A,70,2026-06-12,04:35,32,"","","McCartney II (Special Edition)",1980-05-16,54,1,29,44,0,20,-10,F#/G♭ minor,4,7rUuYqVR9cGLdz7tLWX5JN,"Paul McCartney Catalog",GBCCS1000213,no
875,"Cue Fanfare","Prefab Sprout",90,3B,81,2026-06-12,04:06,27,"jangle pop","Pop, Rock","Swoon",1984-03-12,60,0,0,87,0,0,-6,C♯/D♭,4,7iz1e5C3jYx5Mfic4AA0S5,"Sony Music CG",GBARL1900249,no
876,"Aww (Zaza)","MIKE",90,1B,77,2026-06-12,02:01,0,"experimental hip hop, alternative hip hop, jazz rap","Hip Hop, Jazz","Disco!",2021-06-21,40,43,0,50,30,10,-8,B,3,7DpKRGnQsWGhkwFsHr2vVx,"10k",QZAKB2124314,yes
877,"Down for the Third Time","Bobby Caldwell",90,9B,27,2026-06-12,05:04,43,"yacht rock","Pop, Rock","What You Won't Do for Love",1978-00-00,73,69,44,64,0,0,-21,G,4,2VyC0ZPGKLCfwI7ijirIQY,"Big Deal Records",USA370532334,no
878,"Pour","Contour",90,9A,40,2026-06-12,01:04,29,"ambient jazz","Easy Listening, Jazz","Love Suite",2021-05-21,73,70,5,48,30,10,-9,E minor,4,5LbyS1B9dY1NSy6mobmesw,"Good Question",FR96X2114518,no
879,"Light Of Day - 2010 Digital Remaster","Little River Band",90,10B,43,2026-06-12,08:02,0,"yacht rock, soft rock","Rock, Pop","Sleeper Catcher (Remastered)",1978-00-00,48,73,21,37,0,10,-13,D,4,3FBgTkJxrh5LcHG4EOBMhK,"EMI Music Australia",AUEM01000135,no
880,"Twilight Mushrooms","Parsley Sound",90,8B,52,2026-06-12,05:49,35,"","","Parsley Sounds",2003-09-08,51,78,36,32,0,20,-11,C,4,5pVj2dABvA4WNxNQsSyQfP,"Mo Wax",GBBPW9900041,no
881,"Peninsular","Max Essa",90,9A,56,2026-06-12,05:05,4,"","","The Great Adventure (Album Version)",2020-08-07,59,32,92,26,0,0,-8,E minor,4,2xxG5kSVPNmNRr7gSwHJcv,"Hell Yeah",ITWXB2071961,no
882,"Aqua - Remastered Version","Eurythmics, Annie Lennox, Dave Stewart",90,9B,44,2026-06-12,04:37,20,"new wave, synthpop","Pop, Rock, Electronic","Touch (Reissue - Deluxe Edition)",1983-11-14,70,0,1,47,0,10,-13,G,4,5rKuVxf1v6uEsxfCvWQQRi,"RCA Records Label",GBARL0300606,no
883,"Come Around","Carla dal Forno",90,2B,38,2026-06-12,03:02,0,"","","Come Around",2022-08-17,82,5,0,60,0,30,-11,F#/G♭,4,2yqgGe6ndouDRYaD7PADI6,"Kallista",GBHLW2103609,no
884,"Illusion","Norma Tanega",90,8B,53,2026-06-12,03:38,0,"southern gothic","Folk, Rock","I Don't Think It Will Hurt If You Smile",1971-01-01,56,30,0,62,0,10,-8,C,4,0BuROA2EeNaqN6w74xnxMl,"Fly Records",GBBWX1900004,no
885,"Emotions","Mel Tillis",90,4B,19,2026-06-12,03:04,5,"classic country, outlaw country, traditional country, honky tonk","Country, Traditional Music","A Thousand Miles Ago",2013-04-07,59,95,0,26,0,10,-15,G#/A♭,4,5STZ9XnDOHezye5H9OVmCR,"Synergie OMP",GBQRF1246549,no
886,"All or Nothing","Eva Noxious",90,3B,69,2026-06-12,01:59,14,"g-funk","Hip Hop, R&B","Chingona Soy",2019-02-23,76,4,48,11,20,0,-12,C♯/D♭,4,1PaoG2xt2GsmHNZsSV0T4B,"1652053 Records DK2",QZHN32064422,yes
887,"Boogie Nights","Sean Nicholas Savage",90,11B,26,2026-06-12,01:45,10,"","","Bermuda Waterfall",2014-05-13,62,88,91,70,0,10,-15,A,3,4VCx6EuO0ach4xnYTP3hwN,"Arbutus Records",CA21O1400001,no
888,"Back South","Mansur Brown",90,10A,70,2026-06-12,02:56,0,"nu jazz","Electronic, Jazz","Shiroi",2018-09-28,65,1,52,74,0,20,-8,B minor,4,0ayJrrkOSBiepKQs3EOexL,"Black Focus",GB5P51800314,no
889,"Inigradan","Les Filles de Illighadad",90,11B,18,2026-06-12,03:16,39,"gnawa","Traditional Music","Les Filles de Illighadad",2016-02-24,32,92,86,36,0,10,-19,A,3,1yoOkwoSLydaiSGT7wEorG,"Sahel Sounds",USA2P1652431,no
890,"Leafy Lanes - 2009 Remaster","Fat Mattress",90,10B,59,2026-06-12,02:48,9,"psychedelic rock, acid rock","Rock","Fat Mattress II [(Expanded Edition) [2009 Remaster]]",1970-01-01,55,50,0,61,0,20,-12,D,4,5y5Va7fAVcAVSuGaWdZwzt,"Cherry Red Records",GBBLY0901092,no
891,"The Flower, the Bird and the Mountain, Pt.1","The Kyoto Connection",90,7B,23,2026-06-12,05:54,0,"ambient","Electronic, New Age","The Flower, the Bird and the Mountain",2022-06-03,54,96,54,7,0,10,-12,F,4,0emOM2VxPH5z3mAolx61TT,"Isle of Jura Records",USA2P2220387,no
892,"One Hundred Ways","Quincy Jones, James Ingram",90,5B,25,2026-06-12,04:19,58,"soul jazz, big band, quiet storm, yacht rock","Jazz, R&B, Pop, Rock","The Dude",1981-03-28,63,82,0,35,0,0,-17,D#/E♭,4,0Yp603BgzIKDDcSUBrYYba,"A&M",USAM18100005,no
893,"Just an Illusion","Barry Biggs",90,1A,82,2026-06-12,04:22,13,"lovers rock, reggae, roots reggae, rocksteady","Reggae","Reggae Max: Barry Biggs",2007-01-01,70,40,0,65,0,30,-6,G#/A♭ minor,4,2S5n5t7lzwmFiK25FnJzcf,"Jet Star Music",GBCMZ0375453,no
894,"I Knew It","СОЮЗ, Kate NV",90,4B,66,2026-06-12,04:06,18,"art pop","Pop","I Knew It",2022-08-18,37,56,86,41,0,10,-12,G#/A♭,3,61u7XRCoVvaCBKMQYZugFM,"Mr Bongo",GBCLQ2200615,no
895,"Somebody Will Get Your Love","Flickk",90,1A,35,2026-06-12,03:16,3,"post-disco","Pop, R&B","Somebody Will Get Your Love",1983-10-20,74,20,0,77,0,0,-14,G#/A♭ minor,4,5xU5EQ2e4pz599H5kfEx6U,"Peoples Potential Unlimited",USJ3V1881943,no
896,"Locked and Loaded","Elusin",90,9B,23,2026-06-12,05:29,41,"witch house, cloud rap","Hip Hop, Electronic","SYNFUELS",2022-09-27,10,64,55,3,0,10,-13,G,4,0WjbjkiCEEBW5cQxpZ3Oda,"Elusin",QZPLR2223266,no
897,"Remind Me","Candy McKenzie",90,4B,79,2026-06-12,05:00,16,"lovers rock, rocksteady","Reggae","Remind Me",2022-05-20,74,11,0,96,0,0,-5,G#/A♭,4,4ovWTubQyzyvrSRHPpfZbt,"Freestyle Records",GBJSH2200006,no
898,"Why Don't We Fall in Love","Amerie",90,10A,77,2026-06-12,02:39,65,"","","All I Have",2002-07-30,55,7,0,65,10,0,-7,B minor,4,4bnjq8zqtCnxTGxll5ezOO,"Rise/Columbia",USSM10204193,no
899,"If Love Is Good To Me","Jackie Paris",90,6B,12,2026-06-12,03:13,28,"vocal jazz, cool jazz","Jazz","The Song Is Paris",1962-01-01,31,89,0,24,0,30,-19,A#/B♭,3,3LN1BQ7wVrALTnKRgEFVmF,"Verve Reissues",USGR10500122,no
900,"Illusion","Norma Tanega",90,8B,53,2026-06-12,03:38,25,"southern gothic","Folk, Rock","I Don't Think It Will Hurt If You Smile",1971-01-01,56,30,0,62,0,10,-8,C,4,6JKIDQEYAT9nFa7RSzVQY1,"Fly Records",GBBWX1900004,no
901,"BoyToy","Ingrids Enkel",90,6A,71,2026-06-12,03:54,2,"neue deutsche welle, german indie","Rock, Pop","BoyToy",2022-03-11,82,13,9,93,0,0,-8,G minor,4,0S3GbVZNxPn0eQYB5S1Sz3,"DISKONTEXT",QZDA82239788,no
902,"Calendar","Nines, Aisa",90,12A,81,2026-06-12,03:14,58,"grime, uk grime","Electronic, Hip Hop","Crop Circle 2",2023-04-28,67,24,0,63,30,10,-4,C♯/D♭ minor,4,4q4N3w0KDRYpAGmBZPLMlQ,"Warner Records",GBAHT2300291,yes
903,"Come Around","Carla dal Forno",90,2B,38,2026-06-12,03:02,0,"","","Come Around",2022-11-04,82,5,0,60,0,30,-11,F#/G♭,4,568s354X1V94MtZJoYA3DK,"Kallista",GBHLW2103609,no
904,"Saturday","Jamma-Dee",90,2B,83,2026-06-12,02:51,7,"","","Perceptions",2023-09-05,81,2,88,93,0,0,-8,F#/G♭,4,1OVfBd7l7MwKG3kpxEjtg6,"NBN",IEBAE2300061,no
905,"How I Lost My Virginity","Spunky Onions",90,5B,94,2026-06-12,03:26,40,"","","[Cease & Desist] DIY (Cult Classics from the Post-Punk Era 1978-82)",2015-10-30,42,2,83,67,0,20,-7,D#/E♭,4,51jaPi6lJY192ZphmtVPJe,"Optimo Music",DEU671502039,no
906,"Are You Lonesome Like Me?","The Feminine Complex",90,8B,30,2026-06-12,02:52,49,"garage rock","Rock","Livin' Love",2020-09-25,51,88,0,52,0,20,-16,C,4,7eXefSw0omrWAzAj9bPHdg,"Sundazed Music / Modern Harmonic",USCWY2000157,no
907,"Today","Jefferson Airplane",90,7A,31,2026-06-12,02:57,54,"psychedelic rock, acid rock","Rock","Surrealistic Pillow",1967-00-00,51,70,0,29,0,10,-14,D minor,4,0yLfXULLuRtVj2L4DIrwO7,"RCA/BMG Heritage",USRC10301010,no
908,"Munongotukana (You just Scold Eachother)","Thomas Mapfumo And The Blacks Unlimited",90,11B,56,2026-06-12,06:45,16,"rumba congolaise, afropop","Pop, Traditional Music, Latin","Chimurenga '98",1998-01-01,56,70,15,77,0,10,-10,A,4,0mWyaTUCJ83jeDJiqoJlRB,"aNOnym reCOrds",uscgj0542297,no
909,"The Most Forgotten French Boy","Dogs",90,6B,58,2026-06-12,03:12,22,"power pop, jangle pop","Pop, Rock","Too Much Class For The Neighbourhood",1982-02-03,58,11,0,74,0,0,-13,A#/B♭,4,734RNALobmPVsIccEJRFRV,"Sony Music Media",FRZ088200106,no
910,"Foolish","Ashanti",90,8B,70,2026-06-12,03:47,78,"r&b","R&B","Ashanti",2002-01-01,67,35,0,71,0,10,-6,C,4,6zMUIb4uce1CzpbjR3vMdN,"I.G. Records, Inc./Universal Records",USDJ20200199,yes
911,"Re-animator","ARTHUR",90,11A,77,2026-06-12,01:27,10,"","","Challenger",2017-08-25,57,3,75,27,0,0,-8,F#/G♭ minor,4,0Ne5faEfDrATUSbAhRHya6,"PLZ Make It Ruins",UK9JS1701103,no
912,"Across the Water (Edit)","New World Music",90,9B,63,2026-06-12,04:57,25,"","","Intellectual Thinking",2019-01-18,72,5,61,83,10,10,-10,G,4,2MXBhETBfDpEs8OOdtZrev,"Numero Group",USCW61980302,no
913,"Say you love me","Astrid Sonne",90,9B,14,2026-06-12,04:07,34,"experimental, ambient","Electronic, New Age, Classical, Rock","Great Doubt",2024-01-26,63,42,78,17,0,0,-16,G,4,5EJhFLDKn91L1944XEnl99,"Escho",DGA0M2322033,no
914,"Underground Kingz","MIKE, Tony Seltzer",90,3B,67,2026-06-12,01:53,35,"experimental hip hop, alternative hip hop, jazz rap, cloud rap","Hip Hop, Jazz","Pinball",2024-03-06,44,0,0,42,0,0,-6,C♯/D♭,4,3UehaL9RKcQXFt9lKLdeDg,"10k",GBBPW2400469,yes
915,"R&B","MIKE, Tony Seltzer",90,3A,55,2026-06-12,01:49,37,"experimental hip hop, alternative hip hop, jazz rap, cloud rap","Hip Hop, Jazz","Pinball",2024-03-06,65,37,0,11,0,10,-7,A#/B♭ minor,4,5FTdV6CuA58OUFh4kOjQEk,"10k",GBBPW2400462,yes
916,"Why Couldn't I See","Spacemen 3",90,12B,76,2026-06-12,06:37,0,"space rock, neo-psychedelic, shoegaze, psychedelic rock, dream pop","Pop, Rock","Recurring (Original)",2004-00-00,57,7,94,63,0,10,-9,E,4,74piZRwOM11lYl2mODY6nx,"Space Age Recordings",GBETY1615506,no
917,"Free","Rockers Hi-Fi",90,5A,27,2026-06-12,07:22,7,"trip hop","Electronic, Hip Hop","Overproof",1998-09-21,87,1,0,53,10,10,-13,C minor,4,5A3gTXHCMzDAd4eVQrRd2K,"WM Germany",DEA629861840,no
918,"Across the Water","New World Music",90,9B,73,2026-06-12,06:25,11,"","","Intellectual Thinking",2019-01-18,70,3,61,89,0,0,-9,G,4,1MAHykTYPOcqwTqboYkg3W,"Numero Group",USCW61980310,no
919,"Rhythm Of Life - Demo","Tears For Fears",90,2B,46,2026-06-12,05:12,16,"new wave, synthpop","Pop, Rock, Electronic","The Seeds Of Love (Super Deluxe)",2020-10-09,67,38,0,44,0,30,-11,F#/G♭,4,3unN9NTIXKjcznCWx4RjJH,"UMC (Universal Music Catalogue)",GBUM71600095,no
920,"Blinkmoth (July Mix)","james K",90,9A,69,2026-06-12,07:03,32,"","","Blinkmoth (July Mix)",2024-07-25,59,11,40,32,0,30,-10,E minor,4,5mM0WWPQ0rSjBqSvY4JsuR,"AD 93",DEG932403128,no
921,"Necesito Valor - Remasterizado 2024","Sangre",90,8B,49,2026-06-12,03:54,2,"","","Sangre (Remasterizado 2024)",1971-00-00,57,9,1,81,0,10,-10,C,4,6zpTWYfqCLr6xvqyQm4xRe,"Legacy Recordings",ES5022400074,no
922,"Zajedno srecni","Boban Petrovic",90,7B,53,2026-06-12,04:52,25,"aor","Rock","Zora",1984-01-01,54,46,0,70,0,0,-12,F,4,5jKGodExeDuRa9ygCyit6y,"Diskos",RSA141325582,no
923,"qué es esto?","margaroth",90,3B,38,2026-06-12,03:42,17,"","","qué es esto?",2024-08-16,73,68,0,34,0,20,-10,C♯/D♭,4,4jAJv99MFmTkMKluzIdIv5,"en mi cocina con mi guitarra",QZRP42400502,no
924,"Tow Truck","The Sabres Of Paradise",90,11B,98,2026-06-12,06:35,0,"idm, big beat","Electronic","Haunted Dancehall",1994-11-28,65,3,94,57,0,60,-7,A,4,65Nah0r0ynviZzhb22oQYk,"Warp Records",GBBPW9400159,no
925,"Inspiration Information","Shuggie Otis",90,9B,65,2026-06-12,04:12,52,"afrobeat, funk, psychedelic soul, soul","R&B, Traditional Music, Blues","INSPIRATION INFORMATION",1974-00-00,81,0,1,84,0,10,-7,G,4,6qH6xP8tzxvZlCcmHit4AL,"Epic",USSM10104366,no
926,"I Knew It","СОЮЗ, Kate NV",90,4B,66,2026-06-12,04:06,36,"art pop","Pop","Force of the Wind",2022-10-28,37,56,86,41,0,10,-12,G#/A♭,3,13XiNWucvgR9RGtjvlqJEg,"Mr Bongo",GBCLQ2200615,no
927,"Nucleo","John Carroll Kirby",90,4B,86,2026-06-12,09:02,20,"ambient jazz","Easy Listening, Jazz","Septet",2021-06-25,70,43,88,41,0,10,-7,G#/A♭,3,1DZBV2Wp7znIM7lUpn6xPm,"Stones Throw Records",US2S72129008,no
928,"Memory Lane (Sittin' in da Park)","Nas",90,8B,84,2026-06-12,04:08,62,"old school hip hop, east coast hip hop, hip hop","Hip Hop","Illmatic",1994-04-19,65,31,0,62,20,10,-4,C,4,2W58HMaCbjcUfZnZaeHtcC,"Columbia",USSM10020293,yes
929,"Breathe","Kylie Minogue",90,12B,76,2026-06-12,04:37,39,"dance pop","Electronic, Pop","Impossible Princess (Deluxe Edition)",2003-05-19,66,33,0,56,0,0,-9,E,4,1l17HqLVmTNHMci3ImLmQL,"BMG Rights Management (UK) Ltd.",GBARL9700343,no
930,"Beware","Al Green",90,1B,33,2026-06-12,08:13,16,"soul, classic soul, motown, soul blues","R&B, Pop, Blues","Livin' for You",1973-00-00,65,19,5,48,0,10,-14,B,4,7pJRBBgAvPGj91eDnjTtIw,"Fat Possum",US2HK0913909,no
931,"That Touch","ohbliv",90,11A,66,2026-06-12,02:28,5,"lo-fi hip hop","Easy Listening, Hip Hop","With All Things",2023-09-18,82,64,90,94,20,10,-6,F#/G♭ minor,4,61AlibceOMgppVU512Bxk7,"694479 Records DK",QZTAZ2368948,no
932,"Inspiring Light - Vocal Edit","Phosphorus",90,10A,55,2026-06-12,03:44,3,"trip hop, downtempo","Electronic, Hip Hop","Rare SSR Electronica 1994-01 (Crammed Archives 3)",2023-05-03,71,5,1,56,0,10,-11,B minor,4,3kUmPqp8zTKe57hN3JhjIH,"Crammed Discs",BE6F59500890,no
933,"Perdido en El Universo","Falcons",90,8A,40,2026-06-12,05:37,16,"","","Perdido en El Universo",2021-11-12,70,9,66,67,0,10,-14,A minor,4,02H8op417qUL1EyGiOre1S,"Monolith Records",USA2P1954538,no
934,"Mother Nature's Spies","Fila Brazillia",90,8B,33,2026-06-12,03:45,39,"trip hop, downtempo, nu jazz, acid jazz","Jazz, Electronic, Hip Hop","Jump Leads",2002-00-00,60,84,40,50,0,10,-15,C,4,0xwDn2bYwRECCVA8jHhcAe,"Twentythree",GBEEF0100090,no
935,"Pack It In","wing!",90,3B,91,2026-06-12,04:58,23,"trip hop","Electronic, Hip Hop","Pack It In",2025-01-24,39,1,94,37,0,10,-6,C♯/D♭,4,1IXnf6JHfXlo65ogcb9gzW,"Slow Dance Recordings",UKS422500049,no
936,"Handle","Officer John",90,4A,74,2026-06-12,03:05,45,"","","Handle",2025-06-17,53,25,85,78,0,30,-11,F minor,4,2WB7G8a7YxilVHpuNDnWyC,"Wah Wah Wino",CBEFB2500711,no
937,"Planet Caravan (2012 Remaster)","Black Sabbath",90,11B,6,2026-06-12,04:27,53,"metal, heavy metal, rock, stoner rock, doom metal, hard rock","Metal, Rock","Paranoid",1970-09-18,36,93,90,34,0,10,-29,A,4,4VAAXfLf8YPiO1LzyYnMKb,"Sanctuary Records",USWB11304629,no
938,"Britain","The Wake",90,8B,73,2026-06-12,05:00,10,"jangle pop, post-punk, deathrock, dream pop, gothic rock, cold wave, new wave","Electronic, Rock, Pop","Tidal Wave Of Hype",1994-03-21,62,1,45,79,0,0,-8,C,4,0Ax8KyeUnD0dY6juNxmqTg,"SARAH RECORDS",GBMFU0600455,no
939,"Brit Mix","The Wake",90,7B,70,2026-06-12,05:00,8,"jangle pop, post-punk, deathrock, dream pop, gothic rock, cold wave, new wave","Electronic, Rock, Pop","Tidal Wave Of Hype",1994-03-21,67,0,87,72,0,10,-10,F,4,3fJWRUbHIUsgZ2GT9O6Y5e,"SARAH RECORDS",GBMFU0600459,no
940,"Into The Doldrums","Now Always Fades",90,4A,74,2026-06-12,03:56,55,"trip hop","Electronic, Hip Hop","Into The Doldrums",2025-05-16,62,6,96,35,0,10,-6,F minor,4,31MxdLHB4ndRldU9E9pRoC,"Northern Underground Records",QZVEM1813162,no
941,"Brawling Broads - From The  Coffy  Soundtrack","Roy Ayers",90,4A,68,2026-06-12,02:46,35,"jazz funk, acid jazz, funk","Jazz, R&B","Coffy",1973-01-01,73,67,88,98,0,20,-12,F minor,4,2ZoZzG6PESuJ9taOuLevxk,"Motown",USUR10110107,no
942,"Bargain Day","Terry Britten",90,8A,83,2026-06-12,03:03,4,"","","Twilights Time: The Complete 60s Recordings",2024-08-23,53,13,0,78,0,20,-10,A minor,4,40PK614r8ovOcAjI3GYydE,"Strawberry",GBBLY2401047,no
943,"Sunflowers of Your Mind","Daisy Rickman",90,7B,24,2026-06-12,03:25,41,"","","Howl",2024-03-20,47,86,74,14,0,10,-19,F,4,16o8y4IcDCTekIHGdrvVKc,"Daisy Rickman",FRIDO2314758,no
944,"Swallow Your Dreams","Ross",90,8A,43,2026-06-12,04:21,6,"rap québécois","Hip Hop","The Pit & the Pendulum",2024-03-21,60,5,0,47,0,30,-11,A minor,4,3WfY3Tfqka09QgGf4kAucX,"Dream On Music",SGB502496506,no
945,"Hyacinth House - Débranché","Supergrass",90,11A,55,2026-06-12,02:57,18,"britpop","Pop, Rock","Road to Rouen (20th Anniversary Edition)",2025-10-03,54,38,0,54,0,20,-9,F#/G♭ minor,4,7DR7wHXwWjyr7QAoWlaBcE,"Echo",GB5KW2501054,no
946,"You Got It!","Erika de Casier",90,8A,73,2026-06-12,01:54,46,"alternative r&b","Pop, R&B","Lifetime",2025-05-08,65,45,47,48,0,0,-7,A minor,4,4g3NhWgkT5FCROOHyhy4QT,"Independent Jeep Music",QM6P42533256,no
947,"Doledrum","The La's",90,10B,57,2026-06-12,02:51,29,"britpop, jangle pop","Pop, Rock","The La's",1990-00-00,46,20,3,83,0,40,-12,D,4,4ZVSE8iL1xzCigVnN6a1ZZ,"UMC (Universal Music Catalogue)",GBAKW9001056,no
948,"Desperado","Yrdloop",90,7B,12,2026-06-12,02:30,3,"","","A Big Warm Welcome to Kjjfauefsyu",2019-12-15,64,39,30,6,10,10,-13,F,4,3ylvQwO790qHCOt1eQMjkJ,"megaXpres",QMFME1967178,no
949,"Glass Off","Bernie Leadon",90,9A,25,2026-06-12,06:47,39,"yacht rock, country rock","Country, Rock, Pop","Natural Progressions",1977-00-00,51,76,76,20,0,0,-20,E minor,4,5y3Uzcl2XAIlOJ8cHXMdjP,"Rhino/Elektra",USEE10250419,no
950,"Let Me Grow and You'll See the Fruit","Dry Cleaning",90,9B,72,2026-06-12,03:09,26,"post-punk","Rock","Let Me Grow and You'll See the Fruit",2025-12-09,43,14,85,47,0,10,-9,G,4,5SsRe29Ua89yh6vVJHJC6x,"4AD",GBAFL2500470,yes
951,"Paris, Tokyo","Lupe Fiasco",90,8A,64,2026-06-12,04:30,62,"","","Lupe Fiasco's The Cool",2007-01-01,73,9,0,35,10,10,-8,A minor,4,2dXME00xUY1CRcMZsM3Y4q,"1st & 15th/Atlantic",USAT20706445,no
952,"I Think I'll Call It Morning","Gil Scott-Heron",90,10B,62,2026-06-12,03:31,47,"spoken word, jazz funk","Jazz, R&B, Easy Listening","Pieces of a Man",1971-01-01,71,52,0,93,0,0,-9,D,4,4ZquhgZ58o26fg9jC4npy2,"Ace Records",USRC17101704,no
953,"Soukora - with Ry Cooder","Ali Farka Touré, Ry Cooder",90,5B,33,2026-06-12,06:05,48,"gnawa, blues, country blues, americana, country rock, roots rock","Country, Folk, Blues, Rock, Traditional Music","Talking Timbuktu (with Ry Cooder)",1994-03-28,43,50,0,70,0,30,-17,D#/E♭,4,5pm9QJLqinadjJD5vXpn2q,"World Circuit",GBBGU0640002,no
954,"Goodbye","Kitty Craft",90,9A,91,2026-06-12,02:07,17,"shibuya-kei","Electronic, Pop","Lost Tapes",2020-06-26,66,4,66,70,0,0,-6,E minor,4,4wf49HmkfJIQPt3PENkvfI,"Takotsubo Records",QZHN72027208,no
955,"Mokuba","Misha Panfilov, Tomo Katsurada",90,9B,40,2026-06-12,03:34,26,"experimental jazz, ambient jazz","Easy Listening, Jazz","Eternal Almost",2026-04-01,57,27,87,84,0,0,-8,G,4,3mh8GLYRy01t9lbAFCVHp6,"Future Days Radio / Funk Night Records",QZTAX2607665,no
956,"Friendly Pressure","Jhelisa",90,3A,65,2026-06-12,06:06,47,"uk garage, acid jazz, house","Jazz, Electronic","Galactica Rush",1994-09-26,64,18,66,96,0,10,-8,A#/B♭ minor,4,6MHCHK92gmaAzdEqoXmfam,"Dorado Records",GBBCM9400110,no
957,"Heavenly Hills","Saphileaum",90,8B,52,2026-06-12,05:41,20,"dub techno, ambient","Electronic, New Age","Heavenly Hills",2026-06-01,48,6,7,30,0,30,-11,C,4,00StTim03hjOOx3Gc2TrV3,"Good Morning Tapes",QM7282616608,no
958,"Shilela","Hailu Mergia",89,9B,57,2026-06-12,03:24,26,"ethiopian jazz","Jazz","Hailu Mergia & His Classical Instrument: Shemonmuanaye",2013-06-25,43,1,0,42,0,0,-10,G,4,14cgCHRM9BlfpWliCgn1yN,"Awesome Tapes From Africa",QMUGB1360411,no
959,"Crack Rock","Frank Ocean",89,7B,74,2026-06-12,03:44,75,"","","channel ORANGE",2012-07-10,43,7,0,38,20,0,-8,F,4,5lcyIeEfwZTs8Ajw3kdF7P,"Red Zone Entertainment / IDJ",USUM71207184,yes
960,"Buy Buy","Kraan",89,8B,64,2026-06-12,03:35,7,"krautrock, progressive rock, space rock, jazz fusion","Electronic, Jazz, Rock","Flyday",1978-09-15,56,22,1,62,0,30,-8,C,4,6f9ewTIb1ih5jg1TqUjMoa,"36music",DEDN81100507,no
961,"Aquemini","Outkast",89,12A,66,2026-06-12,05:19,59,"southern hip hop, hip hop","Hip Hop","Aquemini",1998-09-29,71,25,0,16,30,10,-6,C♯/D♭ minor,4,4V3N5LvUOh3yDPP16cwAhE,"Arista/LaFace Records",USLF29800320,yes
962,"23","Cleo Sol",89,10B,37,2026-06-12,05:06,52,"neo soul, alternative r&b, uk r&b","Pop, R&B, Hip Hop","Mother",2021-08-20,62,66,68,26,0,10,-14,D,4,1JVEM4C04VPAU9JTnKthNk,"Forever Living Originals",UKMEH2100107,no
963,"It's A Long Way There - 2010 Digital Remaster","Little River Band",89,7B,59,2026-06-12,08:44,0,"yacht rock, soft rock","Rock, Pop","Little River Band (2010 Remaster)",1975-00-00,39,19,0,30,0,10,-11,F,4,7vMS7xSaSUwpirgzD346Q6,"EMI Music Australia",AUEM01000100,no
964,"Alone","John FM, Omar S",89,1A,40,2026-06-12,04:23,0,"chicago house, jazz house, lo-fi house","Electronic, Jazz","Alone",2017-08-02,72,55,0,60,10,20,-14,G#/A♭ minor,4,0vcRySY4MqBa47K5YxUeB6,"FXHE Records",QM6N21778964,no
965,"never had","Organ Tapes",89,10B,39,2026-06-12,02:20,7,"","","唱着那无人问津的歌谣 / Chang Zhe Na Wu Ren Wen Jin De Ge Yao",2022-04-29,41,86,72,75,0,10,-15,D,4,2mNefE3in2Zen1s30gcL3R,"worldwide unlimited",USYBL2200846,no
966,"Você Pra Mim","Fernanda Abreu",89,8A,41,2026-06-12,04:27,42,"samba, mpb, brazilian pop, brazilian rock","Pop, Rock, Latin","Sla Radical Dance Disco Club",1990-00-00,73,14,2,66,0,0,-13,A minor,4,2vqdtqRq1EY4cMwX9FkDCz,"Universal Music Ltda.",BREMI9700256,no
967,"RU Ready","dreamcastmoe",89,9B,65,2026-06-12,02:19,0,"","","RU Ready",2022-05-25,42,27,0,14,10,10,-10,G,4,6TVWioRK1GtlZhPoxXHjSk,"Spectral Sound",US2J72115003,no
968,"Mona Lisa's Smile","Molly Nilsson",89,9A,74,2026-06-12,03:10,48,"cold wave, darkwave, synthpop","Electronic, Rock, Pop","Imaginations",2017-05-22,67,0,8,72,0,0,-7,E minor,4,4PJyhaPmELstvQHlupBC7x,"DARK SKIES ASSOCIATION",SEYVA1700103,no
969,"She's a Flirt","Cassie",89,10A,82,2026-06-12,02:56,0,"","","The Light Shines On",2021-03-10,46,0,53,67,0,0,-9,B minor,4,6TsNBTvknaluhnsrsLkbxa,"Reminder Records",QM7282174878,no
970,"Weird Caravan","Klaus Schulze",89,10A,65,2026-06-12,05:09,9,"krautrock, space music, ambient, new age, space rock, electroacoustic","Electronic, New Age, Classical, Rock","Dig It (Remastered 2017)",1980-10-31,41,64,87,46,0,10,-9,B minor,4,4yTmedA0zcKoa3lZwZzYl2,"Brain",DEUM71716578,no
971,"Repettos for you my Lord","John Carroll Kirby",89,3B,39,2026-06-12,04:59,22,"ambient jazz","Easy Listening, Jazz","Dance Ancestral",2022-04-08,47,27,66,43,0,0,-11,C♯/D♭,4,7B4xYXA7Fshsrm2oDsBp90,"Stones Throw Records",US2S72271003,no
972,"So Hot (Wash Away All Of My Tears)","Spacemen 3",89,9B,13,2026-06-12,02:38,0,"space rock, neo-psychedelic, shoegaze, psychedelic rock, dream pop","Pop, Rock","Playing With Fire",1989-00-00,51,95,0,34,0,0,-17,G,4,1dAdOyOijI184VtSWr9f4I,"Space Age Recordings",GBBJX9811107,no
973,"A Different Light","Marine Girls",89,8B,36,2026-06-12,02:22,34,"jangle pop, post-punk","Pop, Rock","Lazy Ways / Beach Paty",1983-01-01,55,7,0,73,0,0,-18,C,4,0BpZXphVKRhrboc44Fd3Ed,"Cherry Red Records",GBBLY8200216,no
974,"It's So Different Here","Rachel Sweet",89,11B,36,2026-06-12,02:50,41,"","","Fool Around",1978-10-06,72,4,0,66,30,0,-13,A,4,3sn7rUTrSl6kbxYyBGopWr,"Stiff Records",GBAHW0500194,no
975,"By The Light Of The Magical Moon","T. Rex",89,5B,45,2026-06-12,02:51,22,"glam rock, proto-punk","Rock","A Beard Of Stars (Deluxe Edition)",1970-03-13,55,60,0,57,0,20,-13,D#/E♭,4,5lClkUdkIUjAsnt2iJR1oD,"UMC (Universal Music Catalogue)",GBCHM7000011,no
976,"Um Espelho Riu","Ban",89,1B,50,2026-06-12,05:14,3,"","","O Melhor dos Ban: Num Filme Sempre Pop",1994-06-27,66,4,66,73,0,10,-10,B,4,2jNaop9TTo08uACFcGlav4,"Parlophone Portugal",PT3CB2000039,no
977,"Blues Again","Scribble",89,5B,17,2026-06-12,04:07,8,"","","Scribble",2009-03-25,26,86,12,4,0,10,-16,D#/E♭,4,1Tun6ItkkQEsX56ZaEngwI,"ozmo music",AUV401439754,no
978,"Complex - Demo Version","Gary Numan",89,8B,33,2026-06-12,03:16,6,"new wave, synthpop, post-punk","Pop, Rock, Electronic","The Pleasure Principle - The First Recordings",1979-09-07,48,7,37,40,0,10,-14,C,4,7LGa2m4m0oyqCoBv6Tgl9z,"Beggars Banquet",GBAZP0900015,no
979,"The Letter","The Medallions",89,7B,52,2026-06-12,02:53,18,"doo-wop","Pop, R&B","Watcha Gonna Do?",2007-09-01,70,73,1,61,0,10,-10,F,3,05Sgq9t2nUzeOt18qkf0Kt,"Catapult",USDHM0800808,no
980,"Um Espelho Riu","Ban",89,1B,62,2026-06-12,05:13,6,"","","Surrealizar",2008-00-00,68,11,20,69,0,10,-8,B,4,1g3fshlXtmK5h3aHWJnvTp,"EMI",PTEM10800048,no
981,"Lay It On Me","Sylvia",89,10A,77,2026-06-12,03:58,0,"northern soul","R&B","The Best of Sylvia",2014-09-29,60,35,0,88,0,10,-8,B minor,4,6es07K0LNr7hhx7rcuYYb6,"Sanctuary Records",GB5KW1499786,no
982,"Sun Drawing","Movietone",89,11B,39,2026-06-12,03:57,26,"slowcore, post-rock","Rock","Day And Night",1997-01-01,65,88,77,33,0,10,-10,A,4,6AtRvRFkhSiP9518S48WBj,"Domino Recording Co",GBCEL0500468,no
983,"Ghost of the Monks","Wm Penn & The Quakers",89,6B,29,2026-06-12,02:41,7,"","","Ghost Riders",2022-10-14,59,81,55,56,0,10,-14,A#/B♭,4,6kegaohkOe6spUdGKVNPUE,"Efficient Space",QM4TX2241920,no
984,"I'm On Fire","Bruce Springsteen",89,12A,45,2026-06-12,02:39,85,"","","Born In The U.S.A.",1984-06-04,62,59,3,87,0,0,-14,C♯/D♭ minor,4,3PzsbWSQdLCKDLxn7YZfkM,"Columbia",USSM18400411,no
985,"Precious Love","Lee Fields & The Expressions",89,7B,74,2026-06-12,04:38,34,"retro soul, soul, funk","R&B, Blues","Special Night",2016-11-04,71,15,6,55,10,0,-7,F,4,4LpFfd70HLdNIoVXZplfxH,"Big Crown Records",QZ2L61600180,no
986,"I'm Your Puppet - 2006 Remaster","Sam & Dave",89,6B,10,2026-06-12,03:05,17,"motown, soul, classic soul","R&B, Pop, Blues","Double Dynamite",1966-00-00,75,35,3,50,0,0,-19,A#/B♭,4,5KES81kEOlA6BoYxSTc02X,"Rhino Atlantic",USAT20616799,no
987,"KIEFER NO MELODY","Sam Gendel, Sam Wilkes",89,9B,41,2026-06-12,04:05,1,"ambient jazz, experimental jazz, nu jazz, indie jazz","Easy Listening, Jazz, Pop, Electronic","Music for Saxofone & Bass Guitar",2018-06-15,67,82,37,39,30,70,-13,G,4,74vlWNA2jeZN1X4GmizY3P,"Leaving Records",QMHG41842006,no
988,"Quadros","Tamba Trio",89,11B,56,2026-06-12,02:21,9,"bossa nova, brazilian jazz, latin jazz","Jazz, Latin","Luiz Eça / Bebeto / Helcio Milito",1974-09-17,75,62,87,95,0,10,-11,A,3,5JGLHocQ74QH8lEoqHzofO,"RCA Records Label",BRBMG7400115,no
989,"Blues in B Flat Minor","Fleetwood Mac",89,4B,38,2026-06-12,03:03,0,"yacht rock, classic rock, soft rock","Rock, Pop","Men of the World: The Early Years",2005-11-08,74,52,92,19,0,10,-11,G#/A♭,4,6TDIxqadpvmJaEptcsiHVB,"Castle Communications",GBAJE9800041,no
990,"Ride, Ride","Anne Briggs",89,2A,13,2026-06-12,03:19,5,"folk, traditional folk, folk rock","Folk, Rock, Traditional Music","The Time Has Come",1971-07-08,41,90,29,4,0,10,-21,D#/E♭ minor,4,0BJyhNKzyHmFHh4b3e2b1j,"Columbia",GBBBN7100020,no
991,"Daichi No Uta","Dream Dolphin",89,5A,43,2026-06-12,07:14,8,"ambient","Electronic, New Age","Gaia: Selected Ambient & Downtempo Works (1996-2003)",2023-03-03,44,0,2,33,0,20,-11,C minor,4,6XpeMeAHHrgQScivSyaIj0,"Music From Memory",NLD7H2200051,no
992,"Still In Love With You","Thin Lizzy",89,8B,41,2026-06-12,05:40,45,"classic rock, hard rock","Rock","Nightlife (Deluxe Edition)",1974-00-00,58,4,4,59,0,10,-12,C,4,0RW2GdRcn5qTrZPhXQLqML,"UMC (Universal Music Catalogue)",GBF080080089,no
993,"Debbie Debbie","Gary Wilson",89,10A,62,2026-06-12,03:10,29,"","","Mary Had Brown Hair",2004-09-21,66,1,0,41,0,10,-8,B minor,4,0nP4qRjE1z3749VrkxDfX2,"Stones Throw Records",US2S70495004,no
994,"Poinciana","Ahmad Jamal",89,10B,9,2026-06-12,04:33,47,"jazz, cool jazz, hard bop","Jazz","Poinciana",1951-00-00,55,98,91,29,0,10,-21,D,4,4lyupu0V7V9CoKhH52sfS8,"Columbia",USSM15500274,no
995,"Open Up","kwes., Sampha, Tirzah",89,8B,46,2026-06-12,04:49,34,"indie soul, alternative r&b","Pop, R&B","Rye Lane (Suite)",2023-05-04,69,19,0,21,0,10,-11,C,4,7CQ65pJJyym5gsmOmv3i0C,"Warp Records",GBBPW2300024,no
996,"Oh To Be Free","Knocker Jungle",89,10B,46,2026-06-12,02:50,2,"folk rock, baroque pop","Classical, Pop, Folk, Rock","Knocker Jungle",2008-05-31,38,69,1,18,0,20,-13,D,4,55fKGZ7ppzhB35kW9whPL1,"Future Noise Music Ltd.",GBSUW0702933,no
997,"Rising To The Top","Dee Sharp",89,8B,54,2026-06-12,04:46,23,"lovers rock, soul jazz","Reggae, Jazz, R&B","Soul Jazz Records Presents Fashion Records: Style & Fashion",2019-04-05,81,21,0,83,10,10,-10,C,4,41vPRBmz25acWgmab8Cb3J,"Soul Jazz Records",UK7FS1400037,no
998,"Somebody to Love","Barbara & Ernie",89,7B,32,2026-06-12,04:39,27,"baroque pop","Classical, Pop","Prelude To...",1971-00-00,29,28,0,31,0,10,-17,F,4,2m4fvVJZzs8X8SOJlnXn87,"Rhino Atlantic",USAT21000507,no
999,"Magic Night","Aalon",89,7A,35,2026-06-12,07:19,18,"","","Cream City",1977-01-01,65,48,1,63,0,0,-13,D minor,4,6jUsAwuSDegL10PrcCYuA7,"Arista/Legacy",USAR11800093,no
1000,"Al oeste","Juana Molina",89,4B,28,2026-06-12,03:37,41,"","","Halo",2017-05-05,59,65,90,68,0,10,-12,G#/A♭,3,6fe8ZuY4fiKcTzeIV9oXYG,"Crammed Discs",ARF901600111,no
1001,"Muskrat Love (Muskrat Candlelight)","Willis Alan Ramsey",89,11A,19,2026-06-12,03:23,39,"outlaw country","Country","Willis Alan Ramsey",1972-01-01,49,90,0,64,0,10,-19,F#/G♭ minor,4,0TCAa0fFtacYLZ92SFz4XY,"CAPITOL CATALOG MKT (C92)",USUM71701282,no
1002,"La La Means I Love You","Alton Ellis",89,3A,42,2026-06-12,03:10,38,"rocksteady, reggae, lovers rock, ska, roots reggae, dub","Electronic, Reggae","La La Means I Love You",2011-08-11,87,8,0,61,10,0,-11,A#/B♭ minor,4,6NGG8iCu1yJoxfNDP8xvZg,"Treasure Isle Records",GBQXA1011967,no
1003,"Astawesalehu","Admas",89,9A,44,2026-06-12,05:28,0,"ethiopian jazz","Jazz","Sons of Ethiopia",2020-07-27,73,60,2,52,0,0,-11,E minor,4,2Y3L7uw9NsU3u8dJc0julp,"Frederiksberg Records",QMEU32016322,no
1004,"Blues in B Flat Minor","Fleetwood Mac",89,4B,38,2026-06-12,03:03,23,"yacht rock, classic rock, soft rock","Rock, Pop","Men of the World: The Early Years",2005-11-08,74,52,92,19,0,10,-11,G#/A♭,4,1ICnPssrXZu2OboAS8VHcx,"Castle Communications",GBAJE9800041,no
1005,"Springs","Pete Jolly",89,8B,23,2026-06-12,03:06,40,"cool jazz","Jazz","Seasons",2010-01-01,62,71,90,52,0,0,-20,C,4,6RinpzZFRneNOkxLHu1iG9,"A&M",USUM70732817,no
1006,"My World Is Empty Without You","The Supremes",89,11A,68,2026-06-12,02:34,51,"motown, northern soul, classic soul, soul","R&B, Pop, Blues","I Hear A Symphony",1966-02-18,47,25,0,85,10,10,-9,F#/G♭ minor,4,1kFCFfR5q4VO02KtYguXgh,"UNI/MOTOWN",USMO19783113,no
1007,"Journey From Eden","Steve Miller Band",89,7A,26,2026-06-12,06:45,19,"classic rock","Rock","Recall The Beginning...A Journey From Eden",1972-01-01,55,75,8,70,0,0,-19,D minor,4,5Qdo2CubRf44uuq9GuJbAf,"CAPITOL CATALOG MKT (C92)",USCA29000959,no
1008,"Bless Those","Little annie",89,1B,49,2026-06-12,03:24,2,"","","Pay It All Back Vol.4",2015-06-01,69,1,18,78,0,0,-9,B,4,3aDDZe7uZZ1A8RW5EFGYB0,"On-U Sound",GB5P59300034,no
1009,"Jungle Connection","Christoph Kneisel",89,9B,79,2026-06-12,03:39,9,"","","Basso presents: Sitting In Trees",2024-05-10,73,10,79,85,0,50,-8,G,4,1ytoyU5MDDD5HMl4B0RVHA,"International Feel",DEVY92400062,no
1010,"Legend In His Own Mind","Gil Scott-Heron",89,8B,50,2026-06-12,03:41,36,"spoken word, jazz funk","Jazz, R&B, Easy Listening","Real Eyes",1980-00-00,61,54,0,81,10,10,-12,C,4,1rzKzDBMmgWgxQi1cQS0qZ,"RCA/Legacy",USAR11000153,no
1011,"Backflip or Sumn","Drakeo the Ruler, JoogSzn",89,3A,70,2026-06-12,03:21,21,"","","Thank You For Using GTL",2020-06-05,65,34,0,77,50,20,-11,A#/B♭ minor,4,3faHp5BSC33QM1jDJQp1g4,"Drakeo The Ruler",USUYG1315227,yes
1012,"Nuvole che Passano","Ezy Minus",89,9A,44,2026-06-12,03:55,4,"","","Experience",2022-10-28,60,13,0,73,0,0,-12,E minor,4,0HnS1UJ15T3HNcZNxbiToZ,"Four Flies",ITDGZ2200139,no
1013,"That Girl","Lloyd & Glen",89,9B,27,2026-06-12,02:25,20,"rocksteady","Reggae","Riding the Musical Chariot",2013-02-06,82,49,0,73,0,10,-15,G,4,4fy3LoL9MNCOThLcPMuSGg,"Crystal Records",JMJ201300186,no
1014,"That's Fancy 1 - Remastered","Sammy Burdson",89,8A,32,2026-06-12,02:15,5,"","","Soft Moods",1980-06-30,42,90,94,31,0,10,-14,A minor,4,3F9NxgvkFMKwzpqRk8KOQO,"Sonoton Vinyl",DEB632125403,no
1015,"fruit punch ka","dialE",89,6A,53,2026-06-12,01:52,35,"jazz house","Electronic, Jazz","dear dialE",2023-09-15,81,7,1,61,20,10,-7,G minor,4,0D1S0mTav4ZANR1fHcCSuF,"dial who",QZK6G2352227,no
1016,"Par 5","Kitty Craft",89,4B,73,2026-06-12,03:57,55,"shibuya-kei","Electronic, Pop","Beats and Breaks from the Flower Patch",1998-07-22,75,8,75,93,0,0,-8,G#/A♭,4,1FBEnYsjuL5pjKyjLtgtf4,"Takotsubo Records",QZFZ31965611,no
1017,"WAIT","Doechii",89,6A,76,2026-06-12,03:04,58,"","","Alligator Bites Never Heal",2024-08-30,81,73,0,81,0,10,-7,G minor,4,3bnEbEdttscDToE3I8yOZD,"Top Dawg Entertainment/Capitol Records",USUG12405669,yes
1018,"People Makes the World Go Round","Chosen Few",89,4A,44,2026-06-12,03:19,14,"gabber, hardcore, lovers rock, hardcore techno, rocksteady, speedcore","Electronic, Reggae","People Makes the World Go Round",2012-00-00,79,63,7,93,0,10,-9,F minor,4,1q5lamW6LkmG9UGb9qO9Na,"Crystal/Dub Store Records",JPR221300057,no
1019,"Come Home","Groove Theory",89,8B,71,2026-06-12,04:40,35,"neo soul, new jack swing","R&B","Groove Theory",1995-07-25,66,39,0,58,0,20,-12,C,4,5a4O1bH0qMx1XGGUi87Zkl,"Epic",USSM19500396,no
1020,"Complex","Gary Numan",89,8B,45,2026-06-12,03:12,36,"new wave, synthpop, post-punk","Pop, Rock, Electronic","The Pleasure Principle",1979-09-07,33,12,89,31,0,10,-10,C,4,4Ds8lQQS9naNLHWE7oXv8z,"Beggars Banquet",GBAZP9700058,no
1021,"A Girl With Cars in Her Eyes","The Cleaners From Venus",89,12B,87,2026-06-12,03:04,34,"jangle pop","Pop, Rock","On Any Normal Monday",1982-00-00,35,7,0,63,10,40,-6,E,3,5UTgfK84qYjCBRrs4ybTD6,"Mr Mule",US8YA1200083,no
1022,"Better","RIP Swirl",89,8A,54,2026-06-12,03:07,9,"shoegaze","Rock","Blurry",2022-02-25,65,73,92,70,0,10,-12,A minor,4,37AZLTL0GfvTE1pD9ham0M,"Public Possession",DEVH21800428,no
1023,"It's Just The Way I Feel","Gene Dunlap, The Ridgeways",89,10A,37,2026-06-12,04:54,40,"post-disco","Pop, R&B","It's Just the Way I Feel (feat. The Ridgeways)",2012-01-01,60,48,43,60,0,0,-16,B minor,4,7qtc0WVxbB3y5okfLdmj4x,"Capitol Records",USCA29300325,no
1024,"Fur","Blue Lake",89,7B,28,2026-06-12,03:42,40,"ambient, ambient jazz","Electronic, New Age, Easy Listening, Jazz","Sun Arcs",2023-06-23,56,85,89,4,0,10,-13,F,4,0gCSRpNBTP6M74KQZlXdGf,"Tonal Union",GX4FT2302006,no
1025,"In My Head","Tommy Guerrero",89,11A,88,2026-06-12,03:07,54,"afrobeat","R&B, Traditional Music","Loose Grooves and Bastard Blues",1997-03-01,68,58,69,89,0,0,-7,F#/G♭ minor,4,7bxwzsBFJFhtMZVbdcduzm,"Tommy Guerrero",US75M1701882,no
1026,"Morning Mood","Donna Regina",89,8B,55,2026-06-12,04:25,8,"indie electronic, german indie","Rock, Electronic, Pop","Lazing Away",1992-01-01,60,0,1,42,0,0,-10,C,4,2ZX8vrZcDp2B9u3B2KvDaK,"Karaoke Kalk",DEQ512401531,no
1027,"Girl","Destiny's Child",89,11A,75,2026-06-12,03:44,56,"","","Destiny Fulfilled",2004-00-00,57,31,0,56,10,0,-6,F#/G♭ minor,4,4XyAMTjMfqwZ2uJemqKRdH,"Sony Urban Music/Columbia",USSM10413912,no
1028,"Astawesalehu","Admas",89,9A,44,2026-06-12,05:28,40,"ethiopian jazz","Jazz","Sons Of Ethiopia",2020-07-27,73,60,2,52,0,0,-11,E minor,4,7sdnixnPYSiMQzTqrBMw9a,"Frederiksberg Records",QMEU32016322,no
1029,"MY LOVE YOUR LOVE","ZENA",89,8A,41,2026-06-12,06:09,29,"ethiopian jazz","Jazz","TEMESGEN",2026-03-20,64,78,94,96,0,10,-11,A minor,4,4IVTNOeVffgwWguIAZt2C3,"Brownswood Recordings",GBMEF2502720,no
1030,"Love Controversy, Pt. 1","Loose Ends, Sunay Suleyman",89,4A,34,2026-06-12,03:29,45,"post-disco, new jack swing","R&B, Pop","Look How Long",1990-01-01,69,24,1,73,0,0,-16,F minor,4,65vHeUg08NqpNjgp4J78Th,"Virgin Catalogue",GBAAA9901503,no
1031,"MY LOVE YOUR LOVE","ZENA",89,8A,41,2026-06-12,06:09,32,"ethiopian jazz","Jazz","MY LOVE YOUR LOVE",2026-01-21,64,78,94,96,0,10,-11,A minor,4,1KPqm1lab1tBfx0m87M9xR,"Brownswood Recordings",GBMEF2502720,no
1032,"Sjikamo","Devon Rexi",89,9B,40,2026-06-12,03:10,21,"","","Biya Ba Man",2024-02-12,76,1,21,58,0,20,-8,G,4,56uJP30ciouepHSqpAh5x1,"South of North",NL1PX2400001,no
1033,"The Boy on the Bridge","Chaz Jankel",88,10A,47,2026-06-12,04:16,0,"nu disco","Electronic, Pop","Looking At You",1985-01-01,70,13,1,52,0,20,-8,B minor,4,2kdkGZUtaecQsKdCoZkdUq,"CJ Records",GB5BZ2000027,no
1034,"Just a Little More","Fifth Of Heaven",88,1A,52,2026-06-12,05:33,0,"","","Rainer Trueby Presents Soulgliding",2020-02-07,65,52,0,67,0,0,-7,G#/A♭ minor,4,52RYUINQZHNgmd1b1jvr1T,"BBE Music",UKSWB1800001,no
1035,"Rose & Beast (薔薇と野獣) - Mixed","Haruomi Hosono",88,8B,88,2026-06-12,03:01,21,"city pop, shibuya-kei","Pop, Electronic","DJ-Kicks (Leon Vynehall) [DJ Mix]",2019-02-01,49,32,3,78,20,30,-6,C,4,3CepWPQhye6B3WD8zLo2Us,"!K7 Records",DEG931992133,no
1036,"Love Is Stronger Than Pride","Sade",88,11B,34,2026-06-12,04:18,59,"","","Stronger Than Pride",1988-05-03,53,77,0,32,0,0,-12,A,4,5Qrcxc2YPomtX6UB0bwNaf,"Epic",GBBBM9200011,no
1037,"Altadena","Kelela",88,12A,27,2026-06-12,05:10,0,"alternative r&b","Pop, R&B","Take Me Apart",2017-10-06,37,81,0,16,0,0,-12,C♯/D♭ minor,4,0u2lumqwdITUiJFZuygCYL,"Warp Records",GBBPW1700125,no
1038,"A Daye Laye","T. Rex",88,11B,47,2026-06-12,01:56,5,"glam rock, proto-punk","Rock","A Beard Of Stars (Deluxe Edition)",1970-03-13,42,38,0,62,0,30,-10,A,4,2s4XmJnSztIucgFA3yHVlk,"UMC (Universal Music Catalogue)",GBCHM7000002,no
1039,"Smiling Dog","RIP Swirl, Clayjay",88,12A,41,2026-06-12,03:16,4,"shoegaze","Rock","Smiling Dog feat. Clayjay",2021-12-10,52,72,21,31,0,10,-11,C♯/D♭ minor,4,5z0QIn6oRdrbcXRKRVkY0t,"Public Possession",DEVH21800420,no
1040,"Playin' Your Game","Blaine L. Reininger",88,7A,17,2026-06-12,04:40,4,"avant-garde, cold wave, post-punk, new wave","Classical, Jazz, Electronic, Rock, Pop","Broken Fingers",1982-00-00,68,20,4,35,0,0,-17,D minor,4,0Hsetai1OtEUpoaJZPno52,"LTM Recordings",GBHBR0400769,no
1041,"Eighteen Is over the Hill","The West Coast Pop Art Experimental Band",88,2B,35,2026-06-12,02:42,38,"psychedelic rock, acid rock","Rock","A Child's Guide To Good And Evil",1968-00-00,32,72,0,39,0,10,-13,F#/G♭,4,2hHI4KanprSsWQz6DBbwZz,"Rhino",USRE10601397,no
1042,"Bluebird - 2010 Remaster","Paul McCartney, Wings",88,4A,40,2026-06-12,03:23,54,"","","Band On The Run",1973-12-05,77,8,0,71,0,10,-11,F minor,4,715d8L5PwLgywoxlVZhXIT,"Paul McCartney Catalog",GBCCS1000006,no
1043,"Cherrystones","Eugene McDaniels",88,4A,67,2026-06-12,03:11,42,"","","Outlaw",2005-07-26,62,48,0,93,10,40,-10,F minor,4,2nM4LTXL0VtW0wovL4eeXv,"Rhino Atlantic",USAT20110334,no
1044,"Soon Never Comes","Stimulator Jones",88,3A,51,2026-06-12,04:08,49,"synth funk","Electronic, R&B","Exotic Worlds and Masterful Treasures",2018-04-27,73,2,0,69,0,10,-8,A#/B♭ minor,4,13nJ4JqtEKKRKBu2S8ms3p,"Stones Throw Records",US2S71676003,no
1045,"Canto De Iemanjá","Baden Powell, Vinícius de Moraes",88,9B,25,2026-06-12,04:49,40,"bossa nova, brazilian jazz, samba, mpb","Jazz, Latin","Os Afro - Sambas De Baden E Vinícius",1966-01-01,28,38,0,28,0,50,-16,G,3,1Oknb8TS9M6G3x3L1AuFCM,"Universal Music Ltda.",BRMCA6600004,no
1046,"Eu Vim da Bahia - Ao Vivo","Caetano Veloso, Gilberto Gil",88,7A,26,2026-06-12,02:48,10,"mpb, bossa nova, samba, forró tradicional","Jazz, Latin","Two Friends, One Century of Music (Live)",2016-01-22,70,86,2,57,0,90,-12,D minor,4,0SEqvYgcxnoWoyogxhU9S9,"Uns Produções Artísticas ltda. / Gege Produções Artísticas ltda.",BRGPG1500036,no
1047,"Previsão Do Tempo","Marcos Valle",88,9A,35,2026-06-12,03:37,33,"bossa nova, brazilian jazz","Jazz, Latin","Previsão Do Tempo",1973-03-30,49,60,82,52,0,10,-13,E minor,4,2ATE0uiTHumGeOeVp9wnPw,"EMI",BREMI1100016,no
1048,"Distortion May Be Expected - Laughbagindub","Eddie & The Hot Rods",88,8A,84,2026-06-12,05:00,2,"power pop, proto-punk, punk","Pop, Rock","Do Anything You Wanna Do: The Best Of",2012-01-01,45,0,87,63,0,80,-9,A minor,4,7a85RNrlFBkhNUcdzxaLrD,"UMC (Universal Music Catalogue)",GBUM71206378,no
1049,"Tau Special","The Movers",88,8B,68,2026-06-12,02:51,0,"","","Tau Special",2022-06-10,61,1,95,89,0,20,-12,C,4,09oXddZlNe8wZ93pFTbGa4,"Analog Africa",DENR92295002,no
1050,"Distractions - Remastered 2017","Paul McCartney",88,6A,33,2026-06-12,04:42,31,"","","Flowers In The Dirt (Remastered 2017)",1989-06-05,58,36,0,48,0,10,-16,G minor,4,4Mb0UlRSngtorl1RmBm1CY,"Paul McCartney Catalog",GBCCS1600018,no
1051,"I'll Give You a Ring (When I Come, If I Come)","Apple & The Three Oranges",88,11B,74,2026-06-12,03:13,33,"","","Free and Easy",2013-03-05,60,43,0,66,20,30,-7,A,4,1IBT4vJVzI725DANix96bA,"Now Again Records",US2S71393013,no
1052,"Do it Baby","Suzan Codogan",88,9B,71,2026-06-12,03:13,10,"","","Clocktower Classics, Vol. 1",2009-08-25,62,28,2,83,0,0,-12,G,4,0ZQrBJiNQiheTrp8XjzmLk,"Abraham",USDBY0904274,no
1053,"Uma Canção a Mais","Orquestra e Coro Som Livre",88,8B,72,2026-06-12,02:56,18,"","","O Semideus",1974-09-14,26,63,92,57,0,50,-8,C,4,5iKYcr60uB6Hd1UY8XJsNX,"Som Livre",BRSGL7300092,no
1054,"Ride, Ride - Remastered","Anne Briggs",88,2A,20,2026-06-12,03:20,2,"folk, traditional folk, folk rock","Folk, Rock, Traditional Music","The Time Has Come",1971-00-00,39,84,1,4,0,10,-17,D#/E♭ minor,4,0esZUosRPoLcOKf2d0pFDL,"Columbia",GBARL0602159,no
1055,"Nebine","Malouma",88,12B,59,2026-06-12,04:42,12,"gnawa","Traditional Music","Mr Bongo Record Club, Vol. 5",2022-04-08,61,47,0,58,0,50,-9,E,4,3ndtD0vCRHgRaRZIMXjun7,"Mr Bongo",GBCLQ2100356,no
1056,"Ocean Of Tenderness","Ashra",88,9B,19,2026-06-12,12:42,33,"krautrock, space rock, ambient, new age, space music","Electronic, New Age, Rock","New Age Of Earth",1977-01-01,11,71,92,4,0,20,-22,G,1,7K390g1jaEEG634ILDD4mW,"Virgin Records",GBAAA7700155,no
1057,"THERE HE GOES","Novelist, Prem, Jay Worthy",88,1A,71,2026-06-12,02:57,21,"grime, uk grime, g-funk, west coast hip hop","Hip Hop, R&B, Electronic","4 THA HOMIEZ",2022-05-27,80,10,0,85,10,10,-10,G#/A♭ minor,4,1pUv7MLAFfPPPnLp060Zhq,"MMMYEH RECORDS",QZHNC2219342,yes
1058,"Lago M","Catatonia",88,10B,41,2026-06-12,02:55,21,"britpop","Pop, Rock","Triskedekaphilia: Sesiynau  Heno Bydd Yr Adar Yn Canu  Sessions",2007-01-30,40,4,8,46,0,20,-16,D,4,1KnbFcTkBcoPz5XZ6vJn3C,"Ankstmusik",GBCSH9561012,no
1059,"Imaginary Players","JAŸ-Z",88,12A,68,2026-06-12,03:57,54,"hip hop, east coast hip hop, rap","Hip Hop","In My Lifetime, Vol.1",1997-11-04,80,7,0,70,30,0,-6,C♯/D♭ minor,4,2g69OToKgXkgsdmy6MlyTm,"Roc Nation / Jay-Z",USRL19700626,yes
1060,"San Lorenzo","Pat Metheny Group",88,4B,34,2026-06-12,10:13,41,"jazz fusion, jazz, smooth jazz","Jazz, Electronic, Rock","Pat Metheny Group",1978-03-01,37,59,90,23,0,10,-20,G#/A♭,4,6Cnq3giYBnvFrhl2DG8p8J,"ECM Records",DEB337811401,no
1061,"Bakom glaset","Dina Ögon",88,7B,66,2026-06-12,03:11,37,"swedish pop","Pop","Oas",2023-02-03,51,42,0,82,0,0,-7,F,4,5PcunE67SSqC1cX5zBQqfM,"Playground Music",SE3SA2300101,no
1062,"Drive In","Blu, Madlib, MED, Aloe Blacc",88,8B,66,2026-06-12,03:59,44,"jazz rap, underground hip hop, experimental hip hop, alternative hip hop, plunderphonics","Hip Hop, Jazz, Electronic","Bad Neighbor",2015-10-30,48,8,0,59,10,30,-11,C,4,6mBbycgdWgHMPNyJLCEoW6,"Bang Ya Head",US6680913274,no
1063,"Tau Special","The Movers",88,8B,68,2026-06-12,02:51,38,"","","The Movers,Vol. 1 - 1970-1976 (Analog Africa No. 35)",2022-08-05,61,1,95,89,0,20,-12,C,4,0FFe8GP7tYKS8UoZQRulGh,"Analog Africa",DENR92295002,no
1064,"Bluebird","Paul McCartney, Wings",88,5A,43,2026-06-12,03:24,27,"","","Wingspan",2001-05-07,76,4,0,67,0,10,-9,C minor,4,6ek8XSoHI4fOPwtBmp0XHT,"Paul McCartney Catalog",GBCCS0100368,no
1065,"Summer Breeze","Ramsey Lewis",88,10A,52,2026-06-12,04:50,38,"jazz funk, smooth jazz, soul jazz, northern soul, jazz","Jazz, R&B","Solar Wind",1974-08-08,62,36,91,71,0,10,-11,B minor,4,3F0yjKvYkEBs8oQfUe64kL,"Legacy Recordings",USSM11104648,no
1066,"Conditioned Soul - Remastered Version","Eurythmics, Annie Lennox, Dave Stewart",88,7B,53,2026-06-12,04:28,24,"new wave, synthpop","Pop, Rock, Electronic","Be Yourself Tonight",1985-04-29,65,26,0,34,0,0,-8,F,4,3N8XxMi3rOpH9ZCbdPOlKc,"RCA Records Label",GBARL0300620,no
1067,"Higher","Mikey Enwright",88,11A,36,2026-06-12,03:38,0,"","","The Chase",2023-07-28,73,58,44,71,0,0,-12,F#/G♭ minor,4,2fQqvC2ymu7PTtgElqc70d,"CloudCore",QZMHK2322996,no
1068,"I swear, I Really Wanted To Make A  Rap  Album But This Is Literally The Way The Wind Blew Me This Time","André 3000",88,11A,10,2026-06-12,12:20,47,"ambient jazz","Easy Listening, Jazz","New Blue Sun",2023-11-17,13,96,79,9,0,10,-26,F#/G♭ minor,3,1lbjDy6IIerHFGZWKG0hno,"Epic",USSM12305448,no
1069,"Kisua Ki Ngui Fuá","Artur Nunes",88,3A,51,2026-06-12,03:24,3,"","","Soul of Angola: Anthologie De La Musique Angolaise 1965 - 1975",2011-03-13,70,36,0,86,0,10,-9,A#/B♭ minor,4,4MliQSwprFmwe6XJnUq5WG,"Lusafrica",FRX620152060,no
1070,"Ease Yourself and Glide","Parsley Sound",88,4B,60,2026-06-12,03:19,48,"","","Parsley Sounds",2003-09-08,50,85,63,69,0,0,-9,G#/A♭,4,7jkHVuECK0AQRPPbvqqacO,"Mo Wax",GBCPY0100116,no
1071,"Everytime I See You","Roy Ayers",88,7B,46,2026-06-12,03:37,29,"jazz funk, acid jazz, funk","Jazz, R&B","You Send Me",1978-00-00,59,37,1,27,0,0,-13,F,4,3Ravb8XPBKL6sE2jqStRJf,"Verve Reissues",USUM70833716,no
1072,"Yoru no Omoi","Fishmans",88,9B,49,2026-06-12,05:41,26,"shibuya-kei, neo-psychedelic, dream pop, japanese indie, j-rock","Pop, Rock, Electronic","Orange",1994-11-01,66,3,88,31,0,0,-12,G,4,1t72VmMNPkZIf83FmpCJAx,"PONY CANYON INC.",JPPC09455053,no
1073,"Watch Your Life","Itadi",88,8B,73,2026-06-12,06:10,35,"afrobeat, highlife","R&B, Traditional Music","Itadi",2013-05-03,63,21,18,84,0,10,-10,C,4,2vbRZMSsenMBhpF6am4uRc,"Hot Casa Records",FR6Z71300038,no
1074,"Gonzo Bop","Dean Spunt",88,3B,23,2026-06-12,02:12,1,"experimental, avant-garde","Classical, Jazz, Electronic, Rock","Gonzo Bop",2024-07-29,20,19,90,28,0,10,-17,C♯/D♭,4,1iLHMVFsqB1Nd31Gq9t4Yq,"Drag City",US58L2493701,no
1075,"Ondo Anda a Meu Amor","Orlandivo",88,4A,66,2026-06-12,03:42,42,"brazilian jazz, bossa nova","Jazz, Latin","Brazilian Beats 1 (Mr Bongo presents)",1999-00-00,69,28,9,96,10,20,-12,F minor,4,5TjvCcwV1zdiG3K201yOgR,"Mr Bongo",GBCLQ9900069,no
1076,"Come Clean - E New Y Radio","Jeru The Damaja",88,3A,78,2026-06-12,04:57,48,"east coast hip hop, old school hip hop, boom bap, hip hop","Hip Hop","The Sun Rises In The East",1994-05-24,81,60,0,60,20,10,-14,A#/B♭ minor,4,6wbBrsE2H2pupmnfoVSY6w,"Island Def Jam",USLR29400038,yes
1077,"Song Cry","Rygin King",88,7B,57,2026-06-12,02:57,13,"dancehall","Reggae","Therapy",2022-09-09,78,25,0,62,10,20,-7,F,4,2rwpxwY5iDJcM5k9aHhg5Y,"Rygin Trap Records",QZNJX2291287,yes
1078,"Sus2+","Kansas Plates",88,9A,44,2026-06-12,02:02,7,"","","Operator",2019-06-04,75,69,93,39,0,10,-13,E minor,4,2ptivPqLcK47uyyjbBY4jE,"Ar.birn",USLZJ1923816,no
1079,"If I Ever Lose This Heaven","Quincy Jones",88,3B,22,2026-06-12,04:52,29,"soul jazz, big band, quiet storm","Jazz, R&B","Body Heat",1974-01-01,48,65,10,80,0,0,-20,C♯/D♭,4,4o31NlTYIkZzujZP17leyE,"A&M",USAM17402206,no
1080,"Blues In The Night (My Mama Done Tol' Me) - Single Version","Judy Garland",88,8B,16,2026-06-12,03:03,8,"christmas","Pop","The Complete Decca Masters (Plus)",1994-07-04,38,95,0,42,0,10,-12,C,4,0hjlXKeHytOsHGMU3jUcf0,"Geffen",USMC14102799,no
1081,"Chelsea Morning","Joni Mitchell",88,12B,36,2026-06-12,02:31,45,"folk, folk rock, singer-songwriter","Folk, Rock","Clouds",1969-05-01,57,86,0,77,0,10,-9,E,4,5G0q5jtbxFCoqfbIDCIGky,"Reprise",USRE19600221,no
1082,"You Were the Fool","Ween",88,11B,38,2026-06-12,04:26,42,"neo-psychedelic","Rock","12 Golden Country Greats",1996-05-06,48,15,58,66,0,10,-15,A,4,6fjK123JJZXGaqNHiLOusc,"Elektra Records",USEE19694772,no
1083,"The Loser","Derrick Harriott",88,6A,64,2026-06-12,03:38,55,"rocksteady, lovers rock, reggae, ska, roots reggae, dub","Electronic, Reggae","The Loser / Now We Know",2012-00-00,73,19,0,79,0,0,-6,G minor,4,3AGEHHqBOnAmQiJxxbasJu,"Dub Store Records",JPR221300011,no
1084,"Slow Dancer","Life Force, Strawberry",88,8B,78,2026-06-12,04:57,14,"northern soul","R&B","Life Force",1977-01-01,45,8,0,63,0,10,-7,C,4,19rYmAPiJDW1SbOumjLABt,"Numero Group",USCW62432101,no
1085,"Just Wanna Please U","Mona Lisa",88,10A,63,2026-06-12,04:18,35,"new jack swing","R&B","11-20-79",1995-02-01,55,33,0,76,10,10,-8,B minor,4,3q0UpM0RMtLiKOca2CYzyD,"Island Records",USIR29600174,no
1086,"Last Time Lover","Spice Girls",88,1A,67,2026-06-12,04:11,46,"","","Spice",1996-01-01,72,1,73,95,0,0,-8,G#/A♭ minor,4,5SAGopoaraFmLS08bNjLxB,"Virgin Records",GBAAA9600214,no
1087,"Minute papillon","World Brain",88,3B,38,2026-06-12,03:50,49,"","","Open Source",2024-11-01,57,87,70,54,0,0,-13,C♯/D♭,4,6h9DpgttzIscg0VXEnyUUx,"Mansions and Millions",FRX452449380,no
1088,"Gaia Sunset - Part 2","Jimi Tenor, Cold Diamond & Mink",88,6B,14,2026-06-12,08:07,13,"retro soul","R&B","Is There Love In Outer Space?",2024-05-31,70,29,86,27,0,0,-11,A#/B♭,4,3ktPabBieXtWH3b1F1Yuoq,"Timmion Records",FITI32400005,no
1089,"Delusional","Erika de Casier",88,7A,81,2026-06-12,02:27,54,"alternative r&b","Pop, R&B","Lifetime",2025-05-08,71,8,56,82,0,0,-8,D minor,4,6M5Y8sn5cXePK58bH1WKon,"Independent Jeep Music",QM6P42533258,no
1090,"Ms. Parker","Playa, Missy Elliott",88,4B,53,2026-06-12,05:02,20,"quiet storm, hip hop","Hip Hop, R&B","Cheers 2 U",1998-03-24,84,3,0,93,10,0,-13,G#/A♭,4,1TaQkZAD8j5KNmZJvwJo9O,"Def Jam Recordings",USDJ29800015,yes
1091,"Forrest On the Mountain","Elderberry Jak",88,9B,58,2026-06-12,02:51,5,"acid rock, psychedelic rock, space rock","Rock","Psychedelic Essentials",2012-05-01,68,4,59,82,0,0,-17,G,4,6MrLB1CePCKUFRAZ9E2dHJ,"Glass Ark Music",USA561142413,no
1092,"Chega de Saudade","João Gilberto",88,10B,24,2026-06-12,02:03,50,"bossa nova, brazilian jazz, samba, latin jazz, cool jazz, jazz","Jazz, Latin","Chega de Saudade",2010-01-01,51,74,0,64,0,10,-16,D,4,5JltXlPJVIDwClIfnscM9v,"Cherry Red Records",GBBLY1000171,no
1093,"Almost Sleeping - Grantby Remix","Laika, Grantby",88,12B,65,2026-06-12,05:30,6,"trip hop, post-rock, downtempo, krautrock, art pop","Pop, Electronic, Rock, Hip Hop","Almost Sleeping (Remixes)",1997-09-15,61,1,68,21,0,10,-13,E,4,6LDNq60MLXKfzgUKmuXtwQ,"Too Pure",GBBNZ9700078,no
1094,"Imafan","Makaya McCraven",88,10A,86,2026-06-12,06:53,0,"nu jazz, experimental jazz, indie jazz, jazz, free jazz","Jazz, Pop, Electronic","Imafan",2025-08-19,52,12,81,83,0,50,-6,B minor,4,64p3bbfD5xn84yfVyUHQIs,"XL Recordings",QM84B2510303,no
1095,"Stutter","Yuck",88,12B,47,2026-06-12,03:41,18,"noise rock, shoegaze","Rock","Yuck (Deluxe)",2011-10-11,63,40,75,31,0,10,-8,E,4,33S7ff7NLqVnHRvbUDuWr3,"Fat Possum",GBUM71030017,no
1096,"The Train (King's Cross) (feat. Caroline Polachek)","Blood Orange, Caroline Polachek",88,3A,81,2026-06-12,02:48,47,"art pop","Pop","Essex Honey",2025-08-29,59,30,37,23,10,10,-7,A#/B♭ minor,4,6f3l0CAKx7QNbLL5sjUKpD,"Domino Recording Co./RCA Records",USRC12500748,no
1097,"Boy Blue","Max Davies",88,11B,38,2026-06-12,03:45,2,"","","Relics",2024-02-27,65,69,88,18,0,0,-14,A,4,5F2w7NvHxq91BlTifH7lGQ,"1389712 Records DK",QZES82446064,no
1098,"Ciranda","Nyron Higor",88,3B,48,2026-06-12,03:08,37,"new mpb","Latin, Traditional Music","Nyron Higor",2025-01-31,29,91,93,47,0,10,-13,C♯/D♭,4,6ug6KkKYPHPJWkjkVmQpUE,"Far Out Recordings",GBDCR2400071,no
1099,"Mesmerise","Chapterhouse",88,6B,50,2026-06-12,04:15,44,"shoegaze, dream pop, madchester, slowcore","Pop, Rock","Whirlpool, Before and After",1989-00-00,48,0,17,70,0,10,-11,A#/B♭,4,7FapX1px1HQt88qhXKt3Qv,"Sony Music UK",GBARL0700332,no
1100,"I'm a Gambler","Pete Dello and Friends",88,11B,55,2026-06-12,03:15,19,"baroque pop","Classical, Pop","Into Your Ears",1971-01-01,48,57,13,70,0,10,-8,A,4,2VI4IejveDSbVrYMmS2hHu,"GUERSSEN",ES44A1602303,no
1101,"omo iya ati baba","GENA, Liv.e, Karriem Riggins",88,5B,93,2026-06-12,02:17,37,"neo soul, alternative r&b, experimental hip hop","Pop, R&B, Hip Hop","The Pleasure Is Yours",2026-02-27,56,23,0,53,40,20,-8,D#/E♭,4,4cFiPar6sh1FkHwPyFF2LK,"Lex Records",GBMYF2500113,no
1102,"Mostra","Misha Panfilov, Tomo Katsurada",88,11A,88,2026-06-12,03:45,32,"experimental jazz, ambient jazz","Easy Listening, Jazz","Eternal Almost",2026-04-01,49,8,81,68,0,50,-5,F#/G♭ minor,4,6CFyb1dp8sB9q4zr8gkZD8,"Future Days Radio / Funk Night Records",QT65Z2627301,no
1103,"Winds Of Change","Jerry Moore",88,12B,22,2026-06-12,05:16,4,"","","Life Is a Constant Journey Home",2013-02-26,42,75,0,76,0,0,-25,E,4,3YXtuVOuyRFS2eDBiIOohD,"ESP Disk'",USES86910189,no
1104,"Titanic","General Echo",87,6B,61,2026-06-12,02:57,0,"reggae, dancehall, roots reggae, dub, ragga, rocksteady","Reggae, Electronic, Hip Hop","Teacher Fe Di Class 1979-1980",2020-05-22,81,53,0,91,0,10,-11,A#/B♭,4,1Flt52RSEJPxDjO0R2BHcR,"Manzie",QM6N22003250,no
1105,"Tarantula - 12  Version 1 Remastered","Colourbox",87,10B,52,2026-06-12,06:57,32,"new wave, alternative dance","Electronic, Pop, Rock","Colourbox / 12  Singles",2012-05-28,64,1,39,35,0,10,-14,D,4,5tABWJ1OZHKQ4iRrBxPPf5,"4AD",GBAFL1200044,no
1106,"Indian Summer - Extended 12  Remix","The Belle Stars",87,1A,81,2026-06-12,05:23,1,"","","Turn Back the Clock",1982-00-00,53,2,0,65,0,70,-6,G#/A♭ minor,4,7FQdWALPcnpWYWtZlfeBm1,"Edsel",GBBLG8400095,no
1107,"Don't Know What I'm Gonna Do","Harumi",87,6B,30,2026-06-12,03:09,38,"baroque pop, psychedelic rock","Classical, Pop, Rock","Harumi",1968-00-00,32,93,11,48,0,10,-16,A#/B♭,4,3OVClTQHE8O9PbBb5kOoR7,"ODL",CYRLD1500272,no
1108,"Timeless","John Abercrombie, Jan Hammer, Jack DeJohnette",87,11B,8,2026-06-12,11:57,37,"jazz fusion, ambient jazz, jazz, free jazz","Easy Listening, Jazz, Electronic, Rock","Timeless",1975-01-01,33,92,86,4,0,10,-23,A,4,3nTQL2ScjeyOxjqSmDoCCr,"ECM Records",DEB337404706,no
1109,"Fazon","Sopwith Camel",87,9A,43,2026-06-12,05:14,55,"psychedelic rock","Rock","The Miraculous Hump Returns From The Moon",2005-04-26,55,14,21,64,0,10,-11,E minor,4,6l5Rzt6HhkL89NhWLOGom0,"Rhino/Warner Records",USRE10500262,no
1110,"Long Hot Summer - 7  Single","The Style Council",87,9B,63,2026-06-12,03:49,46,"","","Greatest Hits",2000-01-01,57,70,0,56,0,10,-11,G,4,62bUqzJCBwQekVyC3k6z2J,"Polydor Records",GBAKW8300524,no
1111,"Without Love","Peter Brown",87,9A,15,2026-06-12,03:14,24,"disco, post-disco","Pop, R&B","A Fantasy Love Affair",1977-00-00,50,55,8,18,0,0,-21,E minor,4,5idpaXaKeO8NxQo2JCplJK,"Rhino",USRH10551518,no
1112,"Heaven Sent","Space Ghost, Teddy Bryant",87,2B,50,2026-06-12,04:52,22,"jazz house, lo-fi house","Electronic, Jazz","Heaven Sent",2022-04-22,69,1,0,50,0,30,-9,F#/G♭,4,560bBYNoZ6mXbYybO6MK6y,"PPU",USYBL2200861,no
1113,"I Am The Black Gold Of The Sun","Nuyorican Soul, Jocelyn Brown",87,2B,70,2026-06-12,05:19,28,"acid jazz","Jazz","Nuyorican Soul",1997-00-00,64,2,54,80,0,0,-11,F#/G♭,4,6OMfk1Gei14BexfcSzjLrB,"UMC (Universal Music Catalogue)",GBF089607761,no
1114,"Streetwalker (feat. Benjamin Herman)","Jan Akkerman, Benjamin Herman",87,9B,54,2026-06-12,13:29,16,"progressive rock, nederpop, art rock, jazz fusion, experimental jazz, jazz","Rock, Jazz, Electronic, Pop","North Sea Jazz Legendary Concerts",2013-07-05,50,52,0,35,20,20,-10,G,4,5DcNyFCS07FmrstHgR9OTn,"Bob City",NLUN21300023,no
1115,"Always in Jokes","YL Hooi",87,8A,18,2026-06-12,03:59,18,"","","Untitled",2019-00-00,40,73,87,17,0,10,-13,A minor,4,28xLAbm3P278fbLesLFAnH,"Efficient Space",QM4TW2105470,no
1116,"Wintertime","D-Sire",87,11B,71,2026-06-12,03:44,9,"","","Intenta",2020-03-27,67,60,0,79,0,30,-8,A,4,2E3Oo2yBhwob08BpaVUbXA,"Bongo Joe",CHA831995009,no
1117,"The Secret Sign","Dianne Mower",87,6B,59,2026-06-12,03:57,0,"yacht rock","Pop, Rock","The Secret Sign",1980-01-01,55,64,7,75,0,0,-10,A#/B♭,4,6Ifves1mx7CNkFa9xvNTVn,"Numero Group",USCW62048701,no
1118,"You Make Me Feel So Good","Ruddy Thomas, Susan Cadogan",87,10B,48,2026-06-12,03:40,0,"lovers rock, roots reggae, reggae, rocksteady, ska, dub","Electronic, Reggae","Lovers Rock (The Soulful Sound of Romantic Reggae)",2022-05-27,71,3,0,53,10,0,-13,D,4,1G2FFbirgWqUQJxuGstt9e,"Trojan Records",GB5KW2105105,no
1119,"If I Ever Lose This Heaven","Quincy Jones, Minnie Riperton, Leon Ware, Al Jarreau",87,3B,41,2026-06-12,03:35,34,"soul jazz, big band, quiet storm, jazz funk, post-disco, yacht rock, smooth jazz, vocal jazz, jazz","Jazz, R&B, Pop, Rock","I Heard That!!",1976-01-01,46,55,9,86,0,0,-13,C♯/D♭,4,64nAUmJr5PV4DDwro6jJS7,"A&M",USAM10200086,no
1120,"Hawaiian Caravan - Original Mix","Ryo Kawasaki",87,1B,53,2026-06-12,05:46,35,"jazz fusion, jazz funk","Jazz, R&B, Electronic, Rock","Selected Works 1979 to 1983",2016-04-11,65,24,7,89,0,10,-12,B,4,5HgAasXdt553hXJAHKZ3GK,"NuNorthern Soul",GBES51200081,no
1121,"New York Telephone Conversation","Lou Reed",87,10B,20,2026-06-12,01:34,40,"glam rock, proto-punk, art rock","Rock","Transformer",1972-12-01,74,80,0,73,10,20,-15,D,4,07kgKnZT1PAOnt4fW8IIXK,"RCA/Legacy",USRC17201952,no
1122,"Grilos","Erasmo Carlos",87,8B,38,2026-06-12,02:59,42,"mpb, brazilian rock","Rock, Latin","Sonhos E Memórias - 1941 / 1972",1972-01-01,67,88,57,34,0,0,-12,C,4,73oghiPL15UQjgckP1xWuA,"Universal Music Ltda.",BRMCA7200036,no
1123,"Long Forgotten Groove","Ya Ya Choral",87,3B,61,2026-06-12,05:13,0,"post-punk","Rock","Stop",2017-10-12,67,9,85,13,0,10,-14,C♯/D♭,4,7sXaFX7sXEUvwBlXlR6nFN,"Hyperbabble",QZ9Y21731930,no
1124,"Rejoice","Bill Nelson",87,12B,53,2026-06-12,04:45,0,"bebop, art rock, synthpop, new wave","Rock, Jazz, Pop, Electronic","Northern Dream",1971-06-15,47,26,14,46,0,20,-12,E,4,0nQpRABvsZZqKXESdFOKHn,"Cherry Red Records",GBBLY1101653,no
1125,"Sexy Man","Connan Mockasin",87,5B,19,2026-06-12,04:06,0,"","","Jassbusters",2018-10-12,80,92,22,43,0,0,-14,D#/E♭,4,3jvOrsilY0490SrhvODPxG,"Mexican Summer",QMV8L1723807,yes
1126,"Herald of the Change","Hans Zimmer",87,10B,3,2026-06-12,05:01,51,"soundtrack, score","Classical, Easy Listening","Dune (Original Motion Picture Soundtrack)",2021-09-17,9,90,93,3,0,10,-29,D,4,4eYtg015W15Ik5dUGzFXje,"WaterTower Music",USNLR2101179,no
1127,"Estado de Graça (State Of Independence)","Dayana",87,7B,49,2026-06-12,05:36,3,"folk pop, retro pop","Folk, Pop, Easy Listening","Tente Outra Vez - Single",1985-01-01,73,45,0,87,0,10,-14,F,4,3YEuiJhKU0QcVUBSGQX6Y5,"Arca",QM4TW1502617,no
1128,"IN THE FLIGHT","Fishmans",87,8B,25,2026-06-12,05:36,37,"shibuya-kei, neo-psychedelic, dream pop, japanese indie, j-rock","Pop, Rock, Electronic","宇宙 日本 世田谷",1997-07-24,64,87,68,56,0,0,-13,C,4,0msOgZw6XpjSXTyNr6Jkd8,"Universal Music LLC",JPPO09730270,no
1129,"Sima Cisbug Bav","David Darling & The Wulu Bunun",87,9B,15,2026-06-12,04:13,9,"","","Mudanin Kata",2004-05-17,27,80,10,14,0,20,-19,G,4,2HUdy2Lc9QB9vjfmGm84gs,"Riverboat Records",GBDTM0432012,no
1130,"So High - Tapes Remix","Hidden Operator",87,4A,34,2026-06-12,02:40,3,"dub","Electronic, Reggae","Sealed Archives",2023-02-23,88,1,92,40,10,70,-13,F minor,4,1marQK30pyciSxOkF8Wxfh,"Kings Chamber",SE3BQ2300311,no
1131,"Can I Take You Home","Paul Thompson",87,12A,33,2026-06-12,04:26,22,"lovers rock","Reggae","Nowhere Like Here",2023-05-26,82,10,16,75,10,10,-12,C♯/D♭ minor,4,3zwiplZSVGgisDJlbVZdQT,"Emotional Rescue",QM7282313027,no
1132,"Vivencia","Padocrazy, Daddy Allien",87,9A,54,2026-06-12,03:04,13,"","","Piratex",2022-04-16,74,60,0,59,40,0,-8,E minor,4,3KGLXx7tjA07XVi8eac3TO,"Padocrazy",QZHZ42212519,yes
1133,"We Almost Lost Detroit - Live, Bremen, 1983","Gil Scott-Heron, Amnesia Express",87,8A,23,2026-06-12,05:59,28,"spoken word, jazz funk","Jazz, R&B, Easy Listening","Legend In His Own Mind (Live, Bremen, 1983)",2023-07-28,41,95,0,4,0,50,-16,A minor,4,2xs888feZV0baVFLkrOzKs,"M. i. G. - music GmbH",DEMV92300233,no
1134,"Take a Step","Aesop's Fables",87,11B,42,2026-06-12,02:33,19,"northern soul","R&B","60s soul",2020-03-13,71,36,0,72,0,0,-8,A,4,1mDcUYnsvq07IGD4RnFh64,"Warner Music Group - X5 Music Group",USAT21810532,no
1135,"Khala My Friend","Amanaz",87,3B,41,2026-06-12,03:23,60,"acid rock","Rock","Africa",1975-00-00,59,2,43,38,0,10,-14,C♯/D♭,4,5xevas4P14kVmD4St0X3yy,"Now Again Records",US2S71523004,no
1136,"Pojkarna på Tv 1","Tjejerna & Revanch",87,7A,38,2026-06-12,02:46,7,"dansband","Pop","Pojkarna på Tv 1",1980-05-26,70,58,0,81,0,10,-10,D minor,4,2bwKRzPL7ntSEfucDLfhjw,"Hans Edler Music",SEVFZ1113601,no
1137,"Goodbye Pork Pie Hat","Charles Mingus",87,1A,9,2026-06-12,05:44,57,"jazz, hard bop, bebop, free jazz, cool jazz, jazz ballads","Jazz, Easy Listening","Mingus Ah Um",1959-00-00,36,96,10,28,0,20,-17,G#/A♭ minor,3,3PJMsxg6rz9FOo6xNiASXz,"Columbia/Legacy",USSM15900734,no
1138,"Fly Now","Brian Protheroe",87,9B,42,2026-06-12,02:23,42,"","","Pinball",1974-06-15,83,4,0,96,0,0,-15,G,4,0uZKUDLvk9HuIIGGopP1Bd,"Chrysalis Records",GBAYK7400063,no
1139,"Oh Qué Será?","Willie Colón",87,8A,79,2026-06-12,05:04,80,"salsa, merengue, son cubano","Latin, Traditional Music","Greatest Hits",2008-02-26,45,69,0,46,10,0,-5,A minor,4,2n1MTLCis6qPSDKdr5XSDI,"Fania",USDBB0610539,no
1140,"Lama","Douglas Germano",87,6A,29,2026-06-12,01:44,41,"new mpb, samba, bossa nova","Jazz, Latin, Traditional Music","Golpe de Vista",2016-10-21,66,81,31,74,0,10,-14,G minor,4,0ViO1MHx5lRWDhlzK0853P,"Digitalize",BRD761500001,no
1141,"Paper Boat","The Motifs",87,9B,22,2026-06-12,01:56,5,"jangle pop","Pop, Rock","Love and I...",2024-08-16,41,96,73,11,0,0,-17,G,3,3AKYbNpPlXuNvxOq4L37rF,"Independent",GBMA22498839,no
1142,"Stand Up","Al Green",87,11B,36,2026-06-12,03:28,29,"soul, classic soul, motown, soul blues","R&B, Pop, Blues","Call Me",1973-00-00,84,41,0,86,0,0,-10,A,4,2dll5wkeTKopcgIJiPw8zz,"Fat Possum",US2HK0914603,no
1143,"Every Way","The Motifs",87,10B,18,2026-06-12,01:21,11,"jangle pop","Pop, Rock","I'm the One You Love...",2023-10-18,44,89,0,23,0,20,-13,D,4,7Hxzpy86qx0dJtggIjj9x1,"Independent",UKXN22357914,no
1144,"Joy in the Morning","The Gaylads",87,8B,36,2026-06-12,03:08,39,"rocksteady, ska, reggae, lovers rock, roots reggae, calypso","Latin, Reggae","Soul Jazz Records presents STUDIO ONE ROCKSTEADY",2014-02-03,74,67,0,74,0,20,-11,C,4,6tHoWTBzBWNCPYdvU4S8Yt,"Soul Jazz Records",JMA020600296,no
1145,"thank you for recording","Oklou",87,3B,25,2026-06-12,02:56,49,"art pop, hyperpop","Pop, Electronic","choke enough",2025-02-07,32,94,16,18,0,0,-13,C♯/D♭,4,6rZkRHWRA1B4tJM4LeyT82,"Oklou",QZVM32200348,no
1146,"Misty Roses","Colin Blunstone",87,4B,8,2026-06-12,05:04,27,"baroque pop","Classical, Pop","One Year",1971-03-05,33,93,0,19,0,10,-20,G#/A♭,4,1yaEIBb1Ify3Yrun7Dbcb0,"Legacy Recordings",USSM17100354,no
1147,"Titanic","General Echo",87,6B,61,2026-06-12,02:57,6,"reggae, dancehall, roots reggae, dub, ragga, rocksteady","Reggae, Electronic, Hip Hop","Teacher Fe Di Class 1979-1980",2020-05-22,81,53,0,91,0,10,-11,A#/B♭,4,0s8aZcyTZKVitu86dMD1Ls,"Manzie",QM6N22003250,no
1148,"Nausicaä (Love Will Be Revealed)","Cameron Winter",87,8B,32,2026-06-12,04:11,66,"","","Heavy Metal",2024-12-06,72,80,6,72,0,10,-11,C,4,2tdNTV4xpZgiom27mENc2N,"Partisan / Play It Again Sam",USBQU2400170,no
1149,"You Know How to Make Me Feel so Good","Susan Cadogan, Ruddy Thomas",87,10A,57,2026-06-12,03:40,20,"lovers rock, rocksteady, reggae, ska, dub, roots reggae","Electronic, Reggae","Stealing Love",1998-01-01,72,3,0,48,0,0,-8,B minor,4,0TI6CC4uaoIDNsdIlefxWr,"Trojan Records",GB5KW2400537,no
1150,"Lost In The Paradise","Gal Costa",87,11A,28,2026-06-12,02:51,35,"mpb, bossa nova, brazilian jazz","Jazz, Latin","Gal Costa",1969-01-01,27,79,0,19,0,10,-12,F#/G♭ minor,4,3BgVum3L4eszzdHB3rMyMd,"Universal Music Ltda.",BRMCA6900120,no
1151,"Let's Go Away For Awhile","The Beach Boys",87,10A,24,2026-06-12,02:24,50,"baroque pop","Classical, Pop","Pet Sounds",1966-05-16,33,12,73,9,0,0,-17,B minor,3,1kl9i2FGtcO34whpvwZb18,"Capitol Records",USCA29600667,no
1152,"Feel Like Makin' Love","D'Angelo",87,8B,20,2026-06-12,06:22,58,"neo soul","R&B","Voodoo",2000-01-01,91,10,49,52,10,0,-10,C,4,7hzgk557YLr0722EFkmp9Z,"Virgin Records",USVI29900248,no
1153,"Darker Shade of Black","Jackie Mittoo",87,2B,56,2026-06-12,03:14,20,"rocksteady, dub, roots reggae, reggae, ska, soul jazz","Electronic, Reggae, Jazz, R&B","Keyboard King at Studio One",2000-00-00,69,12,91,74,10,0,-7,F#/G♭,4,5haDMUDfMRQr23XgYaCD0x,"Soul Jazz Records",GBHWT0500094,no
1154,"Nètsanèt","Mulatu Astatke",87,8B,33,2026-06-12,08:15,26,"ethiopian jazz","Jazz","Mulatu Plays Mulatu",2025-09-26,41,85,68,44,0,10,-14,C,3,2XeKdQEgV6zJdRAFOBVvz0,"Strut",DEG932501672,no
1155,"The Start of Your Ending (41st Side)","Mobb Deep",87,3A,56,2026-06-12,04:24,53,"old school hip hop, east coast hip hop, hardcore hip hop, hip hop, gangster rap","Hip Hop","The Infamous",1995-04-25,66,4,0,27,20,10,-7,A#/B♭ minor,4,5DGnlowf1fjT7VWsoeRDlb,"RCA Records Label",USRC19501710,yes
1156,"Jonz In My Bonz","D'Angelo",87,3B,41,2026-06-12,05:56,46,"neo soul","R&B","Brown Sugar",1995-07-03,80,47,9,69,20,10,-12,C♯/D♭,4,7114JMdpaHhNEOlIY0Ljze,"Virgin Records",USEM39500199,no
1157,"Living's Worth Loving","Batteaux",87,9A,24,2026-06-12,03:13,11,"aor","Rock","Batteaux",1973-02-02,52,87,2,41,0,10,-15,E minor,4,04TZFJtuQxz0kcYUCtY6IS,"Columbia",USSM10114825,no
1158,"B6. clouds","Sicu",87,7A,12,2026-06-12,02:46,6,"","","Grandma Loves You",2024-11-22,37,85,88,4,0,10,-16,D minor,4,6gU0vECvMwjcZPB45X8BRv,"Sicu",AUMEV2569479,no
1159,"Here With Me - Chillin with the Family Mix","Dido",87,10A,37,2026-06-12,05:16,7,"","","Here With Me",2001-02-05,62,27,2,15,0,10,-12,B minor,4,2TJH3g7tsyetsFu0KwXNsj,"Arista",USAR10001454,no
1160,"Envious","SAULT",87,9A,22,2026-06-12,02:33,61,"","","11",2022-11-11,80,64,84,84,0,10,-10,E minor,4,5QrhTxjhRFYqYjQeT0tqEa,"Forever Living Originals",UKMEH2200176,no
1161,"Brainwashing","Hugh B",87,7B,41,2026-06-12,03:38,18,"","","Brainwashing",2024-04-19,31,90,88,27,0,0,-10,F,4,5myr7uD2rOczWD64Fl283G,"Planet Trip Records",USA2P2420663,no
1162,"Midnight Rider","Gregg Allman",87,8B,44,2026-06-12,04:27,56,"southern rock, country rock, jam band, blues rock, blues","Blues, Rock, Country","Laid Back (Deluxe Edition)",1973-10-01,57,49,20,40,0,10,-12,C,4,23ZOiEUix1FsthnLfpWXqj,"Island Def Jam",USA027300220,no
1163,"Easier to Love - 1995 Remaster","Sister Sledge",87,6A,66,2026-06-12,05:01,51,"disco, philly soul","Pop, R&B","We Are Family (1995 Remaster)",1979-00-00,65,7,0,65,0,30,-10,G minor,4,1CbRvaqvo1g6ZyXZqG95JT,"Rhino Atlantic",USAT20102167,no
1164,"Bathtub","Galt MacDermot",87,9B,54,2026-06-12,02:45,17,"","","Shapes of Rhythm/Woman Is Sweeter",2000-01-01,66,10,46,65,0,10,-9,G,4,6AP4sfYlbkjHbr8oGn2DIE,"Kilmarnock Records",ushm20403151,no
1165,"Hello It's Me","Todd Rundgren",87,7B,85,2026-06-12,04:24,59,"yacht rock, power pop, philly soul","R&B, Pop, Rock","The Very Best of Todd Rundgren",1997-07-29,58,6,0,78,0,10,-7,F,4,2ckXnzyvgva2oE9FWjb405,"Rhino",USRH10553197,no
1166,"Arrow Through Me - Remastered 1993","Wings",86,10B,36,2026-06-12,03:36,57,"","","Back To The Egg",1979-06-06,87,22,3,68,10,10,-12,D,4,3NiYvMjp5A3FZmP3dojS8k,"Paul McCartney Catalog",GBCCS0700022,no
1167,"Heartbreak Road","Bill Withers",86,8B,40,2026-06-12,03:09,40,"soul","Blues, R&B","'Justments",1974-08-08,83,13,3,95,0,10,-11,C,4,2Ln4fno71kJLPZfy1XZoj1,"Legacy Recordings",USSM10903734,no
1168,"Chondromalacia Patella","black midi",86,12A,53,2026-06-12,04:49,36,"noise rock, art rock, post-punk, math rock","Rock","Cavalcade",2021-05-26,41,3,3,53,10,10,-10,C♯/D♭ minor,4,39rcIUEmwKXL3wgyWhTokV,"Rough Trade",GBCVZ2000253,no
1169,"High Energy","mark william lewis",86,9B,42,2026-06-12,03:09,23,"","","Pleasure Is Everything",2022-01-17,57,16,28,34,0,10,-13,G,4,0wrhUZ8nq6nrH5Y2zU9ZmB,"Hi New Fate!",CACWV2213510,no
1170,"Lay","Rochelle Jordan",86,8A,45,2026-06-12,03:31,0,"alternative r&b","Pop, R&B","Play With The Changes",2021-04-30,36,53,0,25,0,0,-9,A minor,5,3lKPcUIf29EDNES4vCYxmb,"Young Art Records",USA2P1951259,no
1171,"Tabu","Novecento",86,11A,52,2026-06-12,05:05,6,"italo disco, jazz fusion, jazz funk, italo dance","Electronic, Pop, Jazz, R&B, Rock","Shine",1989-00-00,57,11,5,56,0,50,-13,F#/G♭ minor,4,36JQSzkfCUZFUMB9nRH1hh,"Nicolosiproductions/soul Trade",FR6V82000823,no
1172,"Useless Begging - 2015 Remaster","Todd Rundgren",86,8B,32,2026-06-12,03:39,15,"yacht rock, power pop, philly soul","R&B, Pop, Rock","Todd",1974-00-00,46,46,0,35,0,20,-14,C,4,2X9UZoVxBtpS0z7NLLBtwL,"Rhino",USRH11509570,no
1173,"We Major","Kanye West, Nas, Really Doe",86,10A,88,2026-06-12,07:28,68,"rap, old school hip hop, east coast hip hop, hip hop","Hip Hop","Late Registration",2005-08-30,23,1,0,22,10,0,-4,B minor,4,46fk9wjYcPm0sgym2b7EEE,"Roc-A-Fella",USUM70502548,yes
1174,"Future Waits","TOPS",86,5A,22,2026-06-12,02:47,0,"","","Empty Seats",2022-05-10,73,90,7,56,0,10,-15,C minor,4,01QdtrgOARhx3hvW4vIFGE,"TOPS Musique",QM4TW2244922,no
1175,"How Do You Swim At Night?","Penza Penza",86,9A,51,2026-06-12,02:18,9,"krautrock","Electronic, Rock","Neanderthal Rock",2022-07-04,56,81,93,87,0,10,-11,E minor,4,34bvIQYPYHZTEK0QxSyU0Z,"Funk Night Records",QZK6H2234730,no
1176,"Canto De Ossanha","Baden Powell, Vinícius de Moraes",86,8A,50,2026-06-12,03:24,48,"bossa nova, brazilian jazz, samba, mpb","Jazz, Latin","Os Afro - Sambas De Baden E Vinícius",1966-01-01,47,54,0,70,0,10,-13,A minor,4,76bNcEBsBn8gbzwcU1QlRK,"Universal Music Ltda.",BRMCA6600001,no
1177,"Eve (Anwummerɛ)","Coby Sey",86,1A,4,2026-06-12,06:00,10,"","","Conduit",2022-09-09,15,98,95,4,0,10,-26,G#/A♭ minor,4,6iKSnT1iFPYaTcTDZhAPqP,"AD 93",DEG932202337,no
1178,"it isn't fair","piglet",86,12B,27,2026-06-12,03:03,2,"lo-fi indie","Electronic, Rock","it isnt fair",2022-07-21,31,8,0,7,0,10,-9,E,4,3tmuRI4UT2SghNi3Ppt2GI,"Blue Flowers Music",GBY992206591,no
1179,"Come into My Life (Extended Album Mix)","Joyce Sims",86,1A,73,2026-06-12,07:44,29,"freestyle","Hip Hop","Come into My Life: The Very Best of Joyce Sims",2010-09-07,37,9,21,88,0,0,-7,G#/A♭ minor,1,4myxukfiqcyRGXkYcmqDX1,"Warlock Records",USWR31000550,no
1180,"Universal Mother","Don Cherry",86,11B,61,2026-06-12,06:44,31,"free jazz, experimental jazz, avant-garde, jazz","Classical, Jazz","Hear & Now",1976-00-00,60,6,3,70,0,10,-11,A,4,52YwTK2KoEFQfXKUnr9IgL,"Rhino Atlantic",USAT20302629,no
1181,"Govinda Jai Jai","Alice Coltrane",86,5B,40,2026-06-12,05:43,32,"free jazz, jazz, experimental jazz, ambient jazz","Easy Listening, Jazz","Radha-Krsna Nama Sankirtana",2005-05-10,45,61,0,39,0,10,-11,D#/E♭,4,09IKRwPeAYjmX1iABuP6fn,"Rhino/Warner Records",USWB10103909,no
1182,"Orleans","David Crosby",86,10B,16,2026-06-12,01:56,30,"folk rock, singer-songwriter","Folk, Rock","If I Could Only Remember My Name",1971-02-22,28,88,0,7,0,10,-16,D,4,6bt1wuBmWMBeE69AF0Hu8i,"Rhino Atlantic",USAT20105333,no
1183,"Sombre Two","Dry Cleaning",86,9A,14,2026-06-12,02:16,11,"post-punk","Rock","Swampy & Sombre Two",2023-02-14,34,81,94,4,0,10,-17,E minor,4,5nWz8hDOfQ9p4VagLZ4wxS,"4AD",GBAFL2200242,no
1184,"My Thing","Wilfred Luckie",86,8B,44,2026-06-12,04:34,0,"","","My Thing",1978-01-01,69,54,0,85,0,50,-10,C,4,39CH3TDuaO3kqoS8VJKi6Y,"Numero Group",USCW61842801,no
1185,"Big Mike's","Dijon",86,3B,42,2026-06-12,04:35,57,"","","Absolutely",2021-11-05,28,91,1,33,0,10,-10,C♯/D♭,3,49FA0CCwP0GmIVbPzBqjD4,"R&R Digital/Warner Records",USWB12104052,no
1186,"Leaving Home","Yo La Tengo",86,12B,16,2026-06-12,02:46,39,"dream pop, slowcore","Pop, Rock","They Shoot, We Score",2008-00-00,55,69,92,17,0,10,-15,E,4,3q20dzlyJKKanQVKllDrD5,"Egon Records",USQ5Z1100009,no
1187,"Swallow Tail","John Carroll Kirby",86,8A,50,2026-06-12,03:48,36,"ambient jazz","Easy Listening, Jazz","Septet",2021-06-25,62,81,92,62,0,10,-7,A minor,4,2lAyti6cIrQDeRVkcLwyA7,"Stones Throw Records",US2S72129004,no
1188,"Garden of Eden","New Riders of the Purple Sage",86,11B,33,2026-06-12,04:33,22,"country rock, southern rock, jam band, americana","Country, Folk, Rock","New Riders Of The Purple Sage",1971-00-00,56,4,0,58,0,0,-15,A,4,2CSzMwMvEOyJapy02yxUeW,"Columbia/Legacy",USSM19914166,no
1189,"Another Green World - 2004 Remaster","Brian Eno",86,3B,0,2026-06-12,01:41,43,"ambient, krautrock, art rock, minimalism, drone, glam rock, space music","Electronic, New Age, Rock, Classical","Another Green World (2004 Remaster)",1975-09-01,14,79,88,38,0,0,-22,C♯/D♭,4,660j84jp8ljIwLFiAFprlb,"EMI Marketing",GBAAA0400080,no
1190,"Guess Who's Back","Scarface, JAŸ-Z, Beanie Sigel",86,3B,79,2026-06-12,04:01,45,"southern hip hop, old school hip hop, gangster rap, g-funk, hip hop, east coast hip hop, rap","Hip Hop, R&B","Greatest Hits",2010-01-01,74,1,11,85,30,0,-9,C♯/D♭,4,27dUo79lgLEy4Rk5w3UvSL,"Virgin Records",USVI21000027,yes
1191,"No Doubt - Clean Edit","The Boulevard Connection",86,3B,56,2026-06-12,04:12,23,"underground hip hop","Hip Hop","Sut Min Pik EP",2019-04-03,74,6,0,70,90,20,-11,C♯/D♭,4,2NdQy2LRSmuFAoKNtiCRXO,"Dusted Velvet",GBKQU1930690,no
1192,"Plenty Mo","J. Stone",86,9A,65,2026-06-12,02:39,8,"","","Maybach Season",2024-01-01,70,5,0,41,30,10,-6,E minor,4,1qVOAgypEdwbxOSOxoxnCV,"25/8 No Breaks, Inc.",TCAHR2358192,yes
1193,"I.L.T.S.","SAULT",86,12B,24,2026-06-12,03:29,54,"","","10",2025-04-18,88,12,23,70,0,10,-10,E,4,12TB5WLNviUpqLglb8yTXX,"Forever Living Originals",UKMEH2200243,no
1194,"rite of ping","Bill",86,5B,31,2026-06-12,02:31,1,"","","guitar solos",2025-05-15,57,99,92,23,0,10,-10,D#/E♭,4,4VkqNvT0Pi0z8fd9SWfdTB,"7709394 Records DK",QZPLR2534358,no
1195,"The Wolf","Darondo",86,8B,41,2026-06-12,04:58,40,"","","Listen to My Song: The Music City Sessions",2012-02-27,85,20,0,77,0,0,-11,C,4,6ztuQiklpDYoTPOH2q4hvf,"Ace Records",GBBHN1100096,no
1196,"A Day In The Life Of A Tree","The Beach Boys",86,3B,9,2026-06-12,03:09,12,"baroque pop","Classical, Pop"," Feel Flows  The Sunflower & Surf’s Up Sessions 1969-1971 (Super Deluxe)",2021-08-27,24,3,0,3,0,10,-19,C♯/D♭,3,3xujz9JHxCQCcrBCKEkTIh,"CAPITOL CATALOG MKT (C92)",USGJP1300222,no
1197,"Long Hot Summer - Extended Mix","The Style Council",86,9B,52,2026-06-12,07:00,39,"","","Introducing The Style Council",1983-01-01,64,60,0,70,0,0,-16,G,4,26Fk1YatHThrKaBVpEWfKw,"Polydor Records",GBF068300280,no
1198,"Heart Aglow","iLEVEL",86,8B,41,2026-06-12,03:24,26,"acid jazz, post-disco","Jazz, Pop, R&B","I-Level",1983-01-01,62,64,10,71,10,10,-20,C,4,5bFflkjrQO3tCHGaJtlZrc,"UMC (Universal Music Catalogue)",GBAAA0700398,no
1199,"Scared of It (feat. Brendan Yates & Ben Watt)","Blood Orange, Brendan Yates, Ben Watt",86,7B,47,2026-06-12,02:41,45,"art pop","Pop","Essex Honey",2025-08-29,26,92,3,60,0,60,-12,F,4,6UOYin7jsWAgFjKSwUJrDA,"Domino Recording Co./RCA Records",USRC12500676,no
1200,"Husbands","Geese",86,10B,52,2026-06-12,04:08,64,"art rock","Rock","Getting Killed",2025-09-26,65,2,0,69,0,10,-7,D,4,0xATIfA17cJDb9pYAuw70Y,"Partisan / Play It Again Sam",USBQU2500078,no
1201,"Documentary","Reymour",86,11B,53,2026-06-12,02:50,20,"cold wave","Electronic, Rock","NoLand",2024-09-18,69,46,71,65,0,10,-12,A,4,4Yls4xH1aARz87Gcqkkgf9,"Knekelhuis",NLX1G2400382,no
1202,"I Choose You","Chicago Gangsters",86,8A,93,2026-06-12,09:01,38,"","","I Choose You (formerly Blind Over You)",1975-01-01,50,24,0,46,0,10,-2,A minor,4,0xiXl491h3Sb2bsR7KO4W1,"Amherst Records, Inc.",USAR40837001,no
1203,"Under the Bridge","All Saints, Nelle Hooper",86,11A,56,2026-06-12,05:01,49,"","","All Saints",1997-00-00,72,5,0,73,0,0,-8,F#/G♭ minor,4,78M2x5ojbdTmUOpWrbijG3,"London Records",GBAAP9700144,no
1204,"John Cope","Talk Talk",86,10B,52,2026-06-12,04:44,34,"new wave, synthpop","Pop, Rock, Electronic","I Believe in You",2025-11-21,53,20,50,38,0,10,-11,D,4,5D4qnS61yFLXeeL7toKrrm,"Rhino",GBAYE8800032,no
1205,"Sightly Sue","Alan Munson, Bill Cooley",86,4B,33,2026-06-12,04:33,35,"","","In Debt",1972-01-01,44,26,0,48,0,10,-11,G#/A♭,4,3TpP2HFnv0qrJzTbbn2nz2,"Numero Group",USCW62357001,no
1206,"Stormy Sunday","The Persuaders, Rondack",86,7A,33,2026-06-12,02:52,9,"exotica","Easy Listening","Cry Of Atlantis b/w Stormy Sunday",2024-08-21,45,59,1,25,0,20,-9,D minor,3,3srsTkXxyObC90wqWwRfIU,"Numero Group",USCW62485402,no
1207,"Since I Found My Baby","Cornelius Brothers & Sister Rose",85,11A,50,2026-06-12,03:40,35,"classic soul, motown","R&B, Pop","The Story Of Cornelius Brothers & Sister Rose",1996-01-01,53,30,0,78,0,10,-12,F#/G♭ minor,4,7ioli04BC5rpLV8Eovt4Rb,"Capitol Records",USEM30100695,no
1208,"Can We (feat. Missy  Misdemeanor  Elliott)","SWV, Missy Elliott",85,1A,57,2026-06-12,04:50,58,"new jack swing, r&b, hip hop","Hip Hop, R&B","Release Some Tension",1997-07-29,78,13,1,77,0,0,-9,G#/A♭ minor,4,6DJoLa3EsX2PWQAIkjw08F,"RCA Records Label",USRC10202261,no
1209,"Scenic Highway System","Danny Wolfers",85,11A,60,2026-06-12,05:22,13,"","","Unfolding the Future With Amateur Space Jazz",2021-08-20,58,27,74,69,0,10,-14,F#/G♭ minor,4,7jOCxAfqisxa9PEziNBrqj,"Nightwind Records",NLL562110217,no
1210,"PLace I won't Quit [127 BPM]","Vegyn",85,3B,40,2026-06-12,02:07,0,"idm, experimental hip hop","Hip Hop, Electronic","Don't Follow Me Because I'm Lost Too!!",2022-01-26,53,14,86,87,0,10,-10,C♯/D♭,5,6GsvZfUVtiVMTsaUmW3sya,"PLZ Make It Ruins",GB5P52200081,no
1211,"Rockin' Back Inside My Heart","Julee Cruise",85,1B,22,2026-06-12,05:49,51,"dream pop","Pop, Rock","Floating Into The Night",1989-09-12,62,59,0,31,0,0,-17,B,4,7kOSSHSBmQ0Y0668lpUNV1,"143/Warner Records",USWB10101658,no
1212,"High Tide","heka, GG Skips",85,10A,29,2026-06-12,04:53,0,"dream pop","Pop, Rock","Slow Dance '21",2022-02-03,33,36,86,5,0,10,-13,B minor,4,1yylE39CnS2qMGhbXeXMBN,"Slow Dance Recordings",UKS422100093,no
1213,"Devotion","Between",85,9B,39,2026-06-12,03:47,0,"krautrock, space rock, soul jazz","Electronic, Rock, Jazz, R&B","Soul Jazz Records Presents Deutsche Elektronische Musik: Experimental German Rock and Electronic Music 1972-83",2010-04-01,34,69,69,37,0,10,-12,G,4,57QzuRJRsMOl69GoG7cJGa,"Soul Jazz Records",DEC447305712,no
1214,"The Rainbow - 1997 Remaster","Talk Talk",85,9A,8,2026-06-12,09:09,51,"new wave, synthpop","Pop, Rock, Electronic","Spirit of Eden",1988-00-00,31,86,78,3,0,10,-21,E minor,4,4k2CdsRopiwCKqO6rOSiVY,"Parlophone UK",GBAYE9701607,no
1215,"You Can Fly On My Aeroplane","Wee",85,10B,53,2026-06-12,06:19,29,"","","You Can Fly On My Aeroplane",2008-08-26,35,64,0,62,0,0,-11,D,4,1Pu7sQSbvfdQPxn0lFvhG0,"Numero Group",USCW60890501,no
1216,"There's a Rugged Road - Remastered","Judee Sill",85,11B,28,2026-06-12,03:44,42,"singer-songwriter, baroque pop, folk","Classical, Pop, Folk","Heart Food",1973-00-00,20,63,0,42,0,10,-13,A,3,5rIjJkNIY3sRtjPJVOctRE,"Rhino",USEE10300701,no
1217,"Ain't That A Kick","Peter Ivers",85,12A,62,2026-06-12,02:25,33,"","","Becoming Peter Ivers",2019-11-08,75,8,0,96,10,30,-13,C♯/D♭ minor,4,5JzjcUEDpVtK6fnsoX2Pxu,"RVNG Intl.",US6PQ1900029,no
1218,"The Panties","Mos Def",85,1B,53,2026-06-12,04:11,52,"east coast hip hop, old school hip hop, hip hop","Hip Hop","The New Danger",2004-10-12,56,55,0,18,0,20,-7,B,4,3ewIu3AibUiSiDNS0Ta8Lm,"Geffen",USMC10400760,no
1219,"When It’s over","Kenny Mann",85,9A,42,2026-06-12,04:10,0,"","","Kenny Mann with Liquid Pleasure",1980-00-00,69,10,0,54,0,0,-14,E minor,4,2Hy6Mq1zaxGCxUOPXM6YGZ,"Branditmusic",PTRO18000011,no
1220,"Walking In The Jungle","Urang Otan",85,2B,65,2026-06-12,03:53,4,"","","Tribal Rites",2017-00-00,61,0,71,84,0,60,-11,F#/G♭,4,4mVC34WwEwpsGxrdGU10J2,"Eskimo Recordings",GBSMU3903335,no
1221,"Magnet","NRBQ",85,7B,82,2026-06-12,03:30,39,"power pop, roots rock","Pop, Rock","Scraps",1972-00-00,73,20,13,97,0,10,-10,F,4,3PtbClNU5TMLS2Hpf6ax5t,"Red Rooster",USFDB1116210,no
1222,"My husband's got no courage in him","Shovel Dance Collective",85,8B,20,2026-06-12,04:50,10,"folk","Folk","Betwixt & Between 7",2021-05-14,30,88,0,9,0,10,-8,C,4,4tjiEqQHD4RrhxiIFrlAxH,"Betwixt & Between Tapes",GX5MY2245700,no
1223,"SUBARU BOYS OST (INTERLUDE)","Cruel Santino",85,11A,49,2026-06-12,02:07,24,"alté, afrobeats, afroswing, afrobeat, afro r&b, afropop","R&B, Traditional Music, Pop, Hip Hop, Electronic","Subaru Boys : FINAL HEAVEN",2022-03-03,37,81,55,26,20,10,-10,F#/G♭ minor,4,3OZY52EkS0C1KUnzF3nCqX,"Monster Boy/Interscope Records",USUG12200577,no
1224,"Heaven High","Jadasea, Laron, John Glacier",85,11A,79,2026-06-12,03:14,12,"experimental hip hop","Hip Hop","The Corner: Vol. 1",2023-02-08,42,18,0,57,60,70,-12,F#/G♭ minor,4,5NLQl9f1JDzYBt7sLypPqi,"10k",QM24S2300544,yes
1225,"Giving Me Life (feat. Slick Rick & Blood Orange)","Mariah Carey, Slick Rick, Blood Orange",85,8B,44,2026-06-12,06:08,38,"christmas, old school hip hop, east coast hip hop, art pop","Pop, Hip Hop","Caution",2018-11-16,49,58,0,18,0,30,-8,C,4,5xpX9WrjPZyFkmaKonnzlT,"Epic",USSM11808164,yes
1226,"I Know What I Like (In Your Wardrobe) - Remastered 2008","Genesis",85,10B,83,2026-06-12,04:10,0,"progressive rock, art rock","Rock","Selling England By The Pound",1973-10-12,48,8,0,35,10,10,-9,D,4,1WyzlXMywoEPl8VzIo34dJ,"Virgin Catalogue",GBAAA0701760,no
1227,"Shine a Light","Shabazz Palaces, Thaddillac",85,10B,66,2026-06-12,02:41,38,"experimental hip hop, alternative hip hop","Hip Hop","Quazarz: Born on a Gangster Star",2017-07-14,43,0,11,49,0,30,-8,D,4,3VKr3eoiQr0Iy10ek3KAG8,"Sub Pop Records",USSUB1721003,no
1228,"Five O'clock in the Morning","Wendy & Bonnie",85,7A,19,2026-06-12,02:41,16,"baroque pop","Classical, Pop","Genesis",1969-10-06,51,75,0,57,0,10,-17,D minor,4,0RbrLhdPhV0OfJeNFR3F5z,"Skye Records",QM7281717755,no
1229,"Lady","D'Angelo",85,1A,37,2026-06-12,05:46,68,"neo soul","R&B","Brown Sugar",1995-07-03,82,14,3,72,0,10,-12,G#/A♭ minor,4,7AjfklMN4WpQYz5FkT4E66,"Virgin Records",USEM39500205,no
1230,"Samurai (feat. Stevie Wonder)","Djavan, Stevie Wonder",85,12B,68,2026-06-12,04:48,67,"mpb, motown, classic soul, soul","R&B, Pop, Latin, Blues","Luz",1982-03-25,58,38,0,69,0,30,-6,E,4,3BQAK2pnTpfZvLg2MUUU5i,"Epic",BRSME8200001,no
1231,"It Girl","The Brian Jonestown Massacre",85,1A,52,2026-06-12,02:11,4,"neo-psychedelic, psychedelic rock, shoegaze, space rock","Rock","Thank God For Mental Illness",1996-06-09,51,1,2,59,0,10,-10,G#/A♭ minor,4,3FChADSthLqW3Lsh2fohXd,"'a' Records",GBSLX0810186,no
1232,"Je Me Mentis","G Rizo",85,11B,53,2026-06-12,04:30,7,"","","Je Me Mentis",2020-07-03,75,8,0,24,0,10,-8,A,4,1gN5xuecfCO7SvdVF4XDpq,"Codek Records",QM6P42025846,no
1233,"Gameplan","Lord Finesse",85,2B,64,2026-06-12,05:09,44,"east coast hip hop, boom bap, old school hip hop, hardcore hip hop","Hip Hop","The Awakening",1996-02-20,48,24,0,53,30,70,-6,F#/G♭,4,5XJX8CjRpPLkJkoeg4kB3o,"Tommy Boy Music, LLC",USRH10652224,no
1234,"Just Like That","Toots & The Maytals",85,4B,30,2026-06-12,04:52,23,"rocksteady, reggae, ska, roots reggae, dub","Electronic, Reggae","Just Like That",1980-00-00,67,16,0,78,0,0,-19,G#/A♭,4,6a3yEX2PfwIVa8OjWbunHq,"Special Products",GBAPA8000004,no
1235,"Quiet Isle","McNeal & Niles",85,7B,42,2026-06-12,06:21,8,"jazz funk","Jazz, R&B","Thrust",2023-03-31,42,40,80,27,0,0,-14,F,4,75kQUDH4myi4018CsljPEZ,"We Are Busy Bodies",CA0WS2314506,no
1236,"Protein v2 (feat. Obongjayar & WESTSIDE BOOGIE)","Jeshi, Obongjayar, WESTSIDE BOOGIE",85,1A,69,2026-06-12,03:08,18,"alté, boogie","Electronic, Hip Hop, R&B","Hit By A Train (Bad Day At The Office Version)",2022-11-10,83,26,0,78,20,10,-6,G#/A♭ minor,4,0pLP2dpbwmuKa0rL0ktrxr,"Jeshi",GBMVH2200750,yes
1237,"Et des mandolines - Remasterisé en 2021","Henri Salvador",85,7B,50,2026-06-12,02:13,37,"french jazz, chanson, variété française, french pop","Folk, Traditional Music, Jazz, Pop","Henri Salvador 1973-1974",2021-06-25,63,59,0,87,0,20,-10,F,4,6E0D1nuJTbdqFcuc3WOXI0,"Parlophone (France)",FRZ042100603,no
1238,"Girls Chase Boys","Ingrid Michaelson",85,4B,82,2026-06-12,03:41,33,"","","Lights Out",2014-01-01,60,3,0,74,0,0,-6,G#/A♭,4,5lRtoB4Gg2gpT1EjAWOui7,"Ingrid Michaelson (Spirit Music)",USVT31400002,no
1239,"Footfalls","Dave",85,6A,44,2026-06-12,05:26,2,"","","Footfalls",2024-05-29,40,56,23,38,0,60,-11,G minor,4,06231YjxtvY3tPJiJJQyHa,"Anti Fade Records",FRX872438140,no
1240,"Take It Easy My Brother Charles","Jorge Ben Jor",85,12B,74,2026-06-12,02:35,58,"mpb, bossa nova, samba, brazilian jazz","Jazz, Latin","Jorge Ben",1969-01-20,49,46,0,77,10,0,-6,E,4,399Hm1oqfzzQaZRu3CtVMb,"Universal Music Ltda.",BRPGD6900041,no
1241,"The guide","Yani Martinelli",85,5A,44,2026-06-12,01:57,2,"","","Polaris",2024-09-24,39,99,88,8,0,10,-13,C minor,4,04qmSsztpvzKh6yBFDPhBT,"Martitunes",QZWFH2483157,no
1242,"Illusioned-Broken Toys","Oopsie Dasies",85,8B,31,2026-06-12,05:06,3,"","","Oopsie Daisies EP",2023-06-27,47,22,89,31,0,20,-15,C,4,24pvvEtfgLqiuKNrSHTlx4,"Metal Postcard Records",QM7282338581,no
1243,"The Fear in My Heart","Luc Van Acker",85,8A,44,2026-06-12,04:17,0,"new wave","Pop, Rock","The Fear in My Heart",2025-01-28,68,2,0,80,0,10,-10,A minor,4,0UiVvg1n9BVApzv9RHa9U6,"Stroom",BEIX82500597,no
1244,"Rita Poser","Rita P",85,5A,50,2026-06-12,01:45,8,"","","Rita Poser",2024-09-11,36,4,22,70,0,20,-9,C minor,4,38HWWIifciEutfzFCnRGJD,"Jane Records",QZTBF2459252,no
1245,"Plantasia","Mort Garson",85,4B,24,2026-06-12,03:21,53,"","","Mother Earth's Plantasia",2019-03-22,19,47,1,14,0,10,-13,G#/A♭,4,2XV5CUyw7gPVi18d718D4f,"Sacred Bones Records",US5NR1903001,no
1246,"Have Mercy On Me","The East St. Louis Gospelettes",85,5B,42,2026-06-12,02:39,12,"funk gospel","Christian, R&B","Love Is The Key",1977-00-00,53,70,0,35,0,10,-13,D#/E♭,4,2qf0pOZyL2jliXtsA7ZEo0,"Pacifico Digital",QZAKB2407574,no
1247,"This Girl's In Love With You","Dorothy Ashby",85,8B,31,2026-06-12,02:47,37,"exotica","Easy Listening","Dorothy's Harp",1969-01-01,67,69,90,55,0,10,-15,C,4,7uHxQR0PlgeXX7hJjacLx4,"Verve Reissues",USUM71117409,no
1248,"the be colony","Broadcast, The Focus Group",85,2B,54,2026-06-12,04:31,24,"dream pop, neo-psychedelic, musique concrète, plunderphonics, space rock, electroacoustic, experimental","Pop, Rock, Classical, Electronic","Broadcast And The Focus Group Investigate Witch Cults Of The Radio Age",2009-10-26,17,89,12,48,0,30,-7,F#/G♭,4,4Eqp1Eo7niTd574CMKpJGr,"Warp Records",GBBPW0900232,no
1249,"Vida Antiga","Erasmo Carlos",85,11B,60,2026-06-12,03:23,41,"mpb, brazilian rock","Rock, Latin","Sonhos E Memórias - 1941 / 1972",1972-01-01,57,79,37,53,0,50,-10,A,4,3hPm7wwK3QaTJMe8jptr32,"Universal Music Ltda.",BRMCA7200067,no
1250,"Touch me, take me","Rita Wright",85,6B,55,2026-06-12,03:02,12,"motown, northern soul","Pop, R&B","Rare Sweet & Soul 9",2000-01-01,66,47,0,88,0,10,-8,A#/B♭,4,7wMuJCTmw1lW80s7PFSMem,"RRNJ",FR8GV2264130,no
1251,"It Feels Great","Car Culture, Physical Therapy",85,11A,46,2026-06-12,03:57,26,"uk garage","Electronic","Rest Here",2025-10-09,47,61,97,49,0,10,-8,F#/G♭ minor,4,4AxZw1LoHkqFA48Iu8YCW1,"naff",CBAUX2522810,no
1252,"Easy","Okonski",85,11B,74,2026-06-12,03:45,43,"ambient jazz","Easy Listening, Jazz","Easy",2026-02-26,57,43,74,63,0,10,-5,A,4,2S1gfyckmJTglKEDgXNqMt,"Colemine Records",QZDMQ2550271,no
1253,"Easier To Love","Sonia Ferguson",85,4B,67,2026-06-12,05:55,22,"lovers rock, rocksteady","Reggae","Easier To Love",1980-11-04,76,48,1,65,10,0,-7,G#/A♭,4,2qK4UshhYwVwaaup0IbMLG,"NAPS",USA2P2618392,no
1254,"I'm A Comin' Lord, I'm A Comin'","Climax Golden Twins",85,11B,29,2026-06-12,06:27,25,"musique concrète, experimental, drone, noise music","New Age, Classical, Electronic, Rock","Toothpaste For Your Elephant",2026-05-01,42,28,21,15,0,0,-13,A,4,3kpSuP8kzXV0prJpRvtPGl,"Ó Mhaidin",UKN6K2600181,no
1255,"Never Forget To Remember","Tommy Guerrero",85,11A,42,2026-06-12,02:42,18,"afrobeat","R&B, Traditional Music","Return of the Bastard",2008-02-26,73,55,78,69,0,10,-9,F#/G♭ minor,4,5b0ThawVDEsqdDBZ8mF0oG,"Tommy Guerrero",USACF0810011,no
1256,"Tumastin","Mdou Moctar",84,7B,45,2026-06-12,04:21,0,"gnawa, neo-psychedelic","Traditional Music, Rock","Ilana (The Creator)",2019-03-29,39,6,89,29,0,10,-13,F,4,64uUwgOx1nRzYBdF5bttTX,"Sahel Sounds",QZDZE1905109,no
1257,"People Make The World Go Round","The Stylistics",84,9B,45,2026-06-12,06:27,44,"philly soul, classic soul, motown, quiet storm","R&B, Pop","The Original Debut Album",1973-01-01,69,60,0,68,0,40,-11,G,4,6u5DJLTMuHgKqxdtjAWnWP,"AVCO Records Corp.",USAR42200007,no
1258,"Mellow Mood","Young & Company",84,8B,25,2026-06-12,02:51,4,"post-disco","Pop, R&B","I Like What You're Doing to Me",1980-01-01,72,39,87,73,0,10,-16,C,4,14CFzRIIGC1Ta8IahMrMMg,"Crimson",GBBLG8000492,no
1259,"Passed You By","Chicano Batman",84,12B,80,2026-06-12,03:27,25,"latin indie, latin alternative","Latin, Rock","Freedom Is Free",2017-03-03,33,17,15,52,0,20,-2,E,4,7IB8An6WVPezWNHRGrrrku,"ATO (UK)",USATO1600670,no
1260,"Light Readings","Stephen Vitiello",84,4A,20,2026-06-12,02:42,1,"electroacoustic, musique concrète, drone, ambient, experimental, avant-garde","Electronic, New Age, Classical, Jazz, Rock","Bright And Dusty Things",2001-00-00,8,90,75,6,0,10,-19,F minor,4,2s46SLxerYtom1dd6enfww,"New Albion Records",US87H0110696,no
1261,"Trelawny Waters","John Glacier",84,5A,80,2026-06-12,02:17,0,"experimental hip hop","Hip Hop","SHILOH: Lost For Words",2021-07-30,61,78,4,62,60,10,-8,C minor,4,6Sll41xAi1wuDTyWTpFVLJ,"PLZ Make It Ruins",GB5P52100084,no
1262,"Slow Moon's Rose","Slapp Happy",84,8B,28,2026-06-12,02:55,24,"krautrock, art pop, art rock, avant-garde","Pop, Rock, Classical, Jazz, Electronic","Casablanca Moon/Desperate Straights",1993-01-01,47,78,0,46,0,10,-11,C,4,4a01CAtK9whHXRrNdrJCrI,"Virgin Records",GBAAA7400257,no
1263,"Lucky","Northern Picture Library",84,9B,36,2026-06-12,05:10,12,"jangle pop, dream pop, shoegaze","Pop, Rock","Alaska",1993-00-00,53,0,51,28,0,0,-19,G,4,45UlzQNFjf07v66YPVpVA3,"LTM Recordings",GBHBR0400635,no
1264,"1+2=3","CV Vision",84,5A,84,2026-06-12,02:55,6,"","","In Time",2021-05-17,28,0,1,61,10,60,-6,C minor,4,5f74tnZCdKTY5CYfp3eBV2,"South of North",NL1PX2100031,no
1265,"What You Won't Do for Love","Bobby Caldwell",84,2B,40,2026-06-12,04:46,77,"yacht rock","Pop, Rock","What You Won't Do for Love",1978-00-00,64,46,0,80,0,10,-17,F#/G♭,4,6Dk5fHTvH897XrVzCO64Mx,"Big Deal Records",USA370532331,no
1266,"Pigs... (In There)","Robert Wyatt",84,8B,29,2026-06-12,02:39,30,"art rock, progressive rock, experimental, krautrock","Rock, Classical, Electronic","EPs",1999-00-00,44,33,16,31,0,10,-15,C,4,33HqYo8b3I9xPdEALEdFFi,"Domino Recording Co",GBCEL0800676,no
1267,"Kriss Kross","YL",84,7A,76,2026-06-12,02:14,8,"underground hip hop","Hip Hop","Jesus Is My Homeboy",2021-01-01,57,70,0,88,20,20,-9,D minor,4,5qu3hRjsSnh8AE403AmV9O,"RRR Music Group",QZPLR2094198,yes
1268,"Lennon (Freestyle)","Pa Salieu",84,11B,59,2026-06-12,02:23,33,"afroswing, grime, uk grime, uk drill","Hip Hop, R&B, Electronic","Mista / Lennon (Freestyle)",2022-08-04,66,17,0,25,20,30,-7,A,4,3wr0Ro3YPFFFs170I8Xkwa,"Warner Records",GBAHT2200924,yes
1269,"One Second to Toe the Line","Cindy Lee",84,5A,50,2026-06-12,03:02,0,"","","What's Tonight to Eternity",2020-02-14,30,91,88,46,0,20,-7,C minor,4,7p8CYARhjoN78QHsF5RZfV,"W.25TH / Superior Viaduct",USA2Z2000058,no
1270,"Disney Girls (1957) - Remastered 2009","The Beach Boys",84,2B,21,2026-06-12,04:10,48,"baroque pop","Classical, Pop","Surf's Up",1971-08-30,49,45,26,18,0,20,-17,F#/G♭,3,17qLiavc8woWHAPAGZD0Py,"Capitol Records",USGJP1300218,no
1271,"Dolphinese","Molly Lewis",84,7B,40,2026-06-12,03:34,25,"exotica","Easy Listening","Mirage",2022-09-16,31,63,90,23,10,30,-13,F,4,3qV4AjFiwM7qrN0y2an741,"Jagjaguwar",US38Y2243103,no
1272,"Good Morning (Mndsgn Remix)","Joyce Wrice, Mndsgn",84,1A,41,2026-06-12,03:25,38,"alternative r&b","Pop, R&B","Good Morning",2017-05-16,74,4,0,74,0,0,-11,G#/A♭ minor,4,7qzCsFUXg9ov9eQ78BQQdl,"Akashik Records & Tapes",QM24S1701309,no
1273,"Lalune Blanche","Steve Davis",84,5A,42,2026-06-12,05:30,14,"jazz, hard bop","Jazz","RCA Studio B Sessions / 1971",2014-09-22,38,46,42,57,0,10,-11,C minor,4,5o0A0XX2eT0Q4HOtdP7cwh,"Original Hometown Records",ushm91410153,no
1274,"Sirenas","Lapti, Nocow",84,11B,44,2026-06-12,03:10,16,"witch house, idm","Electronic","V Tiraj",2015-10-01,15,11,0,10,0,10,-7,A,4,72bJmblwILfx9INFFnamAJ,"Gost Zvuk",uscgh1727552,no
1275,"Liquid Mood","Timmy Thomas",84,7B,50,2026-06-12,02:29,7,"classic soul","R&B","The Goldwax Story, Vol. 1",2001-11-26,66,47,79,33,0,0,-10,F,3,4vXhPI1w6m32rJLGdKBye8,"Ace Records",GBBHN0100598,no
1276,"Here to Stay","Boz Scaggs",84,10B,31,2026-06-12,02:35,17,"yacht rock, aor","Rock, Pop","Boz Scaggs & Band (Expanded Edition)",1971-00-00,53,85,0,61,0,20,-16,D,4,6KAGxOoObBDIqJ9m0eeGo7,"Legacy Recordings",USSM10208512,no
1277,"Sitting In The Park","Billy Stewart",84,9B,47,2026-06-12,03:14,62,"classic soul","R&B","I Do Love You",1965-01-01,57,88,0,60,0,20,-9,G,4,0Iwbts8iqaJJh2kPiXbtgV,"Geffen",USMC16451550,no
1278,"American Sunset","Jack Adkins",84,7A,36,2026-06-12,04:28,36,"","","American Sunset",1984-01-01,59,3,70,48,0,10,-16,D minor,4,6xIlMZk0IQe9XR2hx9X9HS,"Numero Group",USCW61805901,no
1279,"Young Americans - 2016 Remaster","David Bowie",84,9A,76,2026-06-12,05:13,65,"glam rock, art rock","Rock","Young Americans (2016 Remaster)",1975-03-07,61,17,0,89,10,10,-9,E minor,4,7uPmQttafLiJyju14JREY4,"Parlophone UK",USJT11600045,no
1280,"Already There - Remastered 2016","The Verve",84,12B,25,2026-06-12,05:38,34,"britpop, shoegaze","Pop, Rock","A Storm In Heaven (Remastered 2016 / Deluxe)",1993-06-21,29,29,49,4,0,0,-11,E,4,4dBMUFJCBxboT1AWYyTQ3Z,"UMC (Universal Music Catalogue)",GBUM71601796,no
1281,"Slow Hot Wind","Penny Goodwin",84,6A,38,2026-06-12,04:47,41,"","","Portrait of a Gemini",2016-11-11,35,95,10,36,0,0,-12,G minor,4,5pk8VNrHhcaVRGq12rz8BI,"Athens Of The North",GBRH31200223,no
1282,"House of the Purple Mist","Magician, Barbara Thompson",84,6B,27,2026-06-12,07:58,26,"","","Magician",2021-03-24,61,67,84,38,0,0,-15,A#/B♭,4,6anvFvhxndmE8Ja4q05AZW,"Morgan Blue Town",GBFDB0900289,no
1283,"Scorpio","james K, hoodie",84,6A,74,2026-06-12,08:01,37,"trip hop","Electronic, Hip Hop","065 (Scorpio)",2023-07-26,61,0,1,44,10,0,-8,G minor,4,0CgtgR2Rz4z9zmbclEhpg8,"AD 93",DEG932301061,no
1284,"It's A Blessing","Jamma-Dee",84,4B,58,2026-06-12,02:30,3,"","","Perceptions",2023-09-05,69,8,2,63,10,30,-11,G#/A♭,4,2omiKqTe5YevMIQ6TJdWsm,"NBN",IEBAE2300069,yes
1285,"Heavy Duty Dub","Harry Mudie",84,3B,29,2026-06-12,02:59,39,"dub, rocksteady, roots reggae","Electronic, Reggae","Harry Mudie Meet King Tubby In Dub Confrence Volume One",1976-00-00,70,0,90,48,20,10,-14,C♯/D♭,4,1UsKJTvSStwlirj9UV1HgF,"Moods International Records",JMJ901500023,no
1286,"I'll Be Gone","Freddie Scott",84,5B,60,2026-06-12,02:08,17,"","","Cry To Me-The Best Of Freddie Scott",1998-02-17,63,27,0,71,0,0,-10,D#/E♭,4,0lzWmyjxh6YmxR6VUJ3xEC,"Columbia/Legacy",USSM16700316,no
1287,"Watarase","板橋文夫",84,2A,34,2026-06-12,07:36,16,"","","Watarase",1982-02-25,31,90,92,31,0,10,-15,D#/E♭ minor,4,0gA8FMnNC3TWGmlwyzpbCo,"Nippon Columbia Co., Ltd./NIPPONOPHONE",JPCO08123300,no
1288,"ice","Erika de Casier, They Hate Change",84,8A,40,2026-06-12,02:46,25,"alternative r&b, experimental hip hop","Pop, R&B, Hip Hop","ice",2024-02-07,78,59,0,78,30,30,-10,A minor,4,0Tsr1YNiCw3znq8RYwiLjp,"4AD",GBAFL2300280,yes
1289,"Undervandssangen","Alle",84,2B,6,2026-06-12,02:57,31,"","","Dine Pæne Øjne",2018-03-01,77,57,91,21,0,20,-17,F#/G♭,4,6rMOCbTKwiWtbZaZX7hCrc,"Olea Records",FRX201814491,no
1290,"It's Time For Peace","Bohannon",84,9B,31,2026-06-12,02:18,11,"disco, post-disco","Pop, R&B","Stop & Go",1973-00-00,24,96,20,15,0,10,-15,G,3,1tynmQAz8e7yt1Q19q0HGC,"Brunswick Records",USBWC2010007,no
1291,"I Was Born to Be Loved","The Righteous Flames",84,9B,35,2026-06-12,02:54,16,"rocksteady, roots reggae, reggae, lovers rock","Reggae","Soul Jazz Records Presents STUDIO ONE Lovers Rock",2018-11-09,78,47,0,61,0,0,-13,G,4,5aRCRdEFdo1AytHF4VKgA8,"Soul Jazz Records",JMA020602216,no
1292,"Body Talk","Imagination",84,4A,52,2026-06-12,06:08,48,"post-disco, disco","Pop, R&B","Body Talk",1981-00-00,75,8,0,79,0,0,-16,F minor,4,5GcDAsm0vgFWsrcL4kqK6k,"R&B Division Ltd",GBBXS8100544,no
1293,"The Ills","Denzel Curry",84,3A,69,2026-06-12,03:22,49,"","","Melt My Eyez See Your Future",2022-03-25,73,38,0,46,20,0,-7,A#/B♭ minor,4,3xYvDtt9IxWn6xJNapCv9u,"Loma Vista Recordings",USC4R2211737,no
1294,"TRIBULATION","Big Youth",84,11A,46,2026-06-12,04:04,2,"reggae, roots reggae, rocksteady, dub, ragga","Electronic, Reggae, Hip Hop","TRIBULATION",2024-06-07,80,12,0,73,20,0,-10,F#/G♭ minor,4,2meodZoE3t7ATRbRVl58AT,"ORANJE STREETZ MUSICK",QZPEW2461582,no
1295,"Ulla","Steve Kuhn",84,12B,7,2026-06-12,07:23,1,"jazz","Jazz","Life's Backward Glances",2008-11-14,35,87,84,4,0,10,-18,E,4,6QZRXvCSOVRleBQQnZuWtH,"ECM Records",DEB337405803,no
1296,"Past Times Behind","Daryl Hall & John Oates",84,5B,31,2026-06-12,03:05,12,"yacht rock, soft rock","Rock, Pop","Fall In Philadelphia",2023-08-15,54,90,83,54,0,10,-17,D#/E♭,4,2qAv5P0ePKtW77xy0HEpGH,"WTM CLASSIC",GBHQC0505928,no
1297,"Dear Prudence","Ramsey Lewis",84,9B,48,2026-06-12,04:54,33,"jazz funk, smooth jazz, soul jazz, northern soul, jazz","Jazz, R&B","Mother Nature's Son",1968-12-31,48,51,87,24,0,30,-13,G,4,5oVbcHZzZ1sMxSJ7h6z1IS,"GRP",USMC16817546,no
1298,"Surely","Oliver Palfreyman",84,6B,44,2026-06-12,03:22,5,"","","Double Vision",2024-10-28,46,17,53,16,0,10,-10,A#/B♭,4,4YzXYSN2QfOucoDyc60roM,"2088491 Records DK2",QZWFU2440559,no
1299,"Then we could be free..","MIKE",84,1B,94,2026-06-12,01:28,39,"experimental hip hop, alternative hip hop, jazz rap","Hip Hop, Jazz","Showbiz!",2025-01-31,43,18,0,83,30,40,-4,B,4,3dPm2pe2EZCPBEtaIf7Vm1,"10k",GBBPW2501487,yes
1300,"In the Reeds","Brokeback",84,9B,17,2026-06-12,05:22,11,"post-rock, experimental jazz","Jazz, Rock","Looks at the Bird",2003-01-21,63,58,86,36,0,10,-16,G,4,5wz3SC7tJ6IqrYZgT9zF1V,"Thrill Jockey",USTJ20312005,no
1301,"Devotion","Between",84,9B,27,2026-06-12,03:50,13,"krautrock, space rock, soul jazz","Electronic, Rock, Jazz, R&B","And the Waters Opened",2005-08-29,33,76,97,24,0,0,-16,G,4,6k4JD9dVSHRM1HtxbZtR8p,"intuition",DEC447605712,no
1302,"Bright Belief","Jonny Nash",84,10B,23,2026-06-12,04:42,27,"ambient, ambient jazz","Electronic, New Age, Easy Listening, Jazz","Bright Belief",2025-05-09,47,88,88,23,0,0,-18,D,4,4GJzoqPOhCylLzM7mtMQbw,"Melody As Truth",UK6821909078,no
1303,"I've Gotta Move","Love Apple, Lou Ragland",84,12B,47,2026-06-12,04:15,22,"northern soul","R&B","Grandma",2023-11-17,64,82,0,30,0,20,-8,E,4,3ZTm65vByN4qpjnCeMSyyM,"Numero Group",USCW62351601,no
1304,"Hidden Track","Willie Lindo",84,5B,47,2026-06-12,03:36,36,"rocksteady, lovers rock, roots reggae","Reggae","Breezing",2012-04-21,63,93,95,77,0,20,-14,D#/E♭,4,5HZwA2Ki2bTjAujEL8HSu8,"Heavy Beat Records",JMC380900051,no
1305,"In 2001","Emma Russack",84,6B,18,2026-06-12,02:57,6,"","","About the Girl",2024-08-23,51,70,3,45,0,10,-16,A#/B♭,4,4aLjsRaF3SmRW4k31bYYPs,"Dinosaur City Records",QM6MZ2438049,no
1306,"Gi' Mig Chancen Igen","Anne-Tina",84,5B,64,2026-06-12,03:20,7,"dansktop","Pop","Anne-Tina",2024-10-24,62,31,0,43,0,30,-9,D#/E♭,4,7nLMGtEZjkR906AoMH2zD5,"Frederiksberg Records",DEG932402666,no
1307,"Fire (Luke 12:49)","Sister Irene O'Connor",84,4B,48,2026-06-12,03:37,0,"","","Fire (Luke 12:49)",1973-00-00,46,90,0,21,0,10,-14,G#/A♭,4,5rJUTWdZaFbAL1TAHFvtsg,"Freedom To Spend",QZ3GN2500079,no
1308,"I Want My Mommy","Foot and Mouth",84,12B,42,2026-06-12,04:11,6,"","","Midnite Spares",2016-09-09,79,33,1,71,10,20,-12,E,4,6mcPD8N3jSHB4DVUsw3A6U,"Efficient Space",DETB31640030,no
1309,"New Suns","La Rat",84,4A,74,2026-06-12,02:24,13,"","","La Rat",2025-06-09,30,55,0,34,0,10,-9,F minor,1,6zpXxOGJn2WBwIW8hemL8J,"South of North",NL1PX2500023,no
1310,"Spring Theme","Fabiano do Nascimento, Vittor Santos e Orquestra",84,10B,42,2026-06-12,04:18,26,"brazilian jazz","Jazz","Spring Theme",2026-01-09,39,88,85,32,0,10,-11,D,4,1Jwp9D4HESaFLnoSnS9XqC,"Far Out Recordings",GBDCR2500109,no
1311,"Dandou Kodjo","Akofa Akoussah",84,10B,58,2026-06-12,03:16,52,"","","Akofa Akoussah",1976-00-00,47,58,56,45,0,0,-11,D,4,4DdqL0E3TKUU4YBEhZ1vVH,"Africa Seven",GBHCD1611416,no
1312,"Cosa sarà","Lucio Dalla, Francesco De Gregori",84,9B,57,2026-06-12,04:20,35,"italian singer-songwriter, singer-songwriter","Folk","duvudubà",2018-10-26,77,10,0,75,10,10,-7,G,4,0mITUFuW34tREvHKS9KWIY,"RCA Records Label",ITB001700923,no
1313,"Minor History","Duncan Marquiss",84,12B,19,2026-06-12,06:26,8,"ambient jazz","Easy Listening, Jazz","Wires Turned Sideways In Time",2022-03-04,33,81,91,6,0,10,-17,E,4,1aPakD8iIgQLx2jvFtdjn0,"Basin Rock",UKWS62000007,no
1314,"Off Me!  The Wake  Pt. 1 & 2 (see page 153)","Slauson Malone 1, Pink Siifu",83,10A,60,2026-06-12,03:58,28,"experimental hip hop, plunderphonics","Hip Hop, Electronic","A Quiet Farwell, 2016–2018 (Crater Speak)",2019-04-18,30,86,2,40,0,0,-5,B minor,3,0kHAp9GQnuvg9BihDnrPs0,"Grand Closing",QZES51921978,yes
1315,"Telephone Song","P.Cock",83,11B,57,2026-06-12,03:45,40,"","","Psychemagik Presents: Magik Sunset, Pt. 1",2015-04-27,83,4,29,71,0,30,-8,A,4,6OpCxtOPAOcayTlRW2WOq7,"Leng Records",GB7RM1500015,no
1316,"Song Of Injured Love - Original","Gábor Szabó",83,9B,10,2026-06-12,04:17,3,"spiritual jazz","Jazz","The Szabo Equation",2006-01-06,33,97,93,19,0,10,-28,G,4,004nbBoVwbge8n46pPYnoo,"Skye",GBHFE0510866,no
1317,"Dear Prudence","Gábor Szabó",83,9B,39,2026-06-12,02:43,35,"spiritual jazz","Jazz","1969",1969-00-00,28,52,94,14,0,10,-16,G,4,3RTV8aNDT8dnJMAdijz1gB,"Skye Records",USA560663438,no
1318,"Poverty Train","Laura Nyro",83,7B,37,2026-06-12,04:16,4,"singer-songwriter, philly soul, pop soul","R&B, Pop, Folk","Eli And The Thirteenth Confession",1968-00-00,36,85,0,21,0,20,-8,F,3,6he1zn4Es19kqA0hJfnPBi,"Columbia",USSM16801632,no
1319,"Forge Your Own Chains","D.R. Hooker",83,4A,67,2026-06-12,04:42,0,"psychedelic rock, acid rock","Rock","The Truth",2000-00-00,62,43,13,63,0,20,-12,F minor,4,0uAOzZvd7gnHxGyhlYWACs,"Subliminal Sounds",DEZ650516974,no
1320,"Attached to the line [166.489 BPM]","Vegyn",83,5A,53,2026-06-12,01:33,0,"idm, experimental hip hop","Hip Hop, Electronic","Don't Follow Me Because I'm Lost Too!!",2022-01-26,73,13,80,40,0,10,-9,C minor,4,0CAqKbU3WdwzQ0Yd59LcgA,"PLZ Make It Ruins",GB5P52200025,no
1321,"Remote Relocation","Pink Siifu, Fly Anakin, Peso Gordon, B. Cool-Aid",83,9B,78,2026-06-12,04:11,0,"experimental hip hop","Hip Hop","$mokebreak",2021-03-19,38,55,0,55,20,60,-9,G,4,1tbCwiJrRZh0sU25BCwnOe,"Lex Records",GBMYF2000163,yes
1322,"It Should Be You","Elisa Waut",83,4A,32,2026-06-12,04:35,11,"cold wave","Electronic, Rock","Growing Pain",1986-00-00,54,57,0,57,0,0,-17,F minor,4,4MNi0uWkT6FA6AQFO47zo6,"Nettwerk Music Group",CAN118900235,no
1323,"Hold On - Remastered 2010","John Lennon",83,12A,21,2026-06-12,01:52,62,"christmas","Pop","Plastic Ono Band",1970-12-11,68,54,3,68,0,10,-18,C♯/D♭ minor,4,4bN43jYf41eIjJZ3UXQpuA,"EMI Catalogue",GBAYE1000759,no
1324,"Let X=X","Laurie Anderson",83,8B,26,2026-06-12,03:54,38,"art pop, avant-garde, art rock, spoken word","Pop, Rock, Classical, Jazz, Easy Listening","Big Science",1982-00-00,68,86,53,42,0,10,-13,C,4,543VOLzzhjhTog1rArIX6E,"Nonesuch",USNO10750556,no
1325,"Banks","bar italia",83,7B,34,2026-06-12,03:38,34,"lo-fi indie","Electronic, Rock","Banks",2022-03-22,59,27,5,43,0,10,-14,F,4,5wus6t2vnpNRpwisiJoSnG,"World Music",USYBL2200853,no
1326,"Isn't It A Pity","Galaxie 500",83,8A,62,2026-06-12,05:14,35,"slowcore, dream pop, shoegaze, jangle pop","Pop, Rock","On Fire",1989-09-01,28,36,88,34,0,10,-7,A minor,4,4JyGEgUGVkiszOv2caAYlm,"20/20/20",USRY29600087,no
1327,"Honey Be (For Stella)","A.R. Kane",83,2B,52,2026-06-12,03:32,0,"dream pop, shoegaze, alternative dance","Electronic, Pop, Rock","Complete Singles Collection",2012-10-01,77,7,1,60,10,10,-9,F#/G♭,4,3P1bi5UsXsEJt8JPvmHaeJ,"One Little Independent Records",USLB19410001,no
1328,"Devotion To You","Spinning Motion",83,9A,42,2026-06-12,03:17,6,"indie jazz","Jazz, Pop","Confidence In The Future",1980-00-00,49,83,4,60,0,0,-11,E minor,4,0dGHBktOJzskH6sRmzbjfn,"Notes On A Journey",DETV71500002,no
1329,"Down 4 U","Charli Baltimore, Ja Rule, Ashanti, Vita",83,9B,59,2026-06-12,05:18,50,"east coast hip hop, r&b","Hip Hop, R&B","Irv Gotti Presents... The Inc.",2002-01-01,64,25,0,52,30,60,-7,G,4,21iEEekDSvQjVARSQ4dpXY,"I.G. Records, Inc./Universal Records",USDJ20200413,yes
1330,"Haunting In My Head","Bill Nelson",83,11B,73,2026-06-12,04:27,6,"bebop, art rock, synthpop, new wave","Rock, Jazz, Pop, Electronic","The Love That Whirls",1982-00-00,59,40,12,86,0,70,-9,A,4,1dRtWLAT3f5uxipEMVn37S,"UMC (Universal Music Catalogue)",GBF080500817,no
1331,"I Need Somebody [2023 Remaster] - Iggy Mix","The Stooges",83,9B,58,2026-06-12,04:53,32,"proto-punk, punk, garage rock","Rock","Raw Power (Iggy Mix - 2023 Remaster)",1973-02-06,43,0,55,39,0,20,-10,G,4,5sUFhKLGP5YXT0fJdUrCFt,"Columbia/Legacy",USSM17200133,no
1332,"Life Choices","Moin",83,3A,33,2026-06-12,05:04,8,"spoken word, noise rock","Rock, Easy Listening","Paste",2022-10-28,62,1,81,73,0,0,-16,A#/B♭ minor,3,7cKNkv4fbirZFxw9AwgP20,"AD 93",DEG932202816,yes
1333,"U Phonky Bieutch U","Domsta",83,2B,61,2026-06-12,01:12,39,"cloud rap, g-funk","Hip Hop, R&B","As Playa As Possible",2017-02-22,78,6,0,88,20,10,-8,F#/G♭,4,1W7xI8u5pFqVsPRUbDZZD2,"For The Slab Records",GBSMU3826544,yes
1334,"You Are My Love","Liverpool Express",83,8A,49,2026-06-12,03:13,46,"","","Tracks",1976-01-01,34,79,2,28,0,10,-8,A minor,4,1whGflr3hrSFDDIyirSnEI,"Rhino",GBAHT1600045,no
1335,"She Waits On Temple IV","Roy Montgomery",83,6B,20,2026-06-12,12:07,19,"post-rock, drone, space rock, neo-psychedelic","New Age, Rock","Temple IV",1996-00-00,23,99,89,7,0,0,-19,A#/B♭,4,3tI4WTrUoHgsPAvdtBDqNM,"kranky",USI4R0401608,no
1336,"Honey Be (For Stella)","A.R. Kane",83,2A,41,2026-06-12,03:32,0,"dream pop, shoegaze, alternative dance","Electronic, Pop, Rock","New Clear Child",1994-07-22,69,11,1,57,10,10,-13,D#/E♭ minor,4,1aumSxDN6WRDUWtulVy0xP,"3rd Stone",GBBJX9400906,no
1337,"dust","great area",83,3A,33,2026-06-12,02:25,22,"","","Follow Your Nature",2022-12-15,56,67,69,23,0,0,-17,A#/B♭ minor,4,2EZFvwDsH1N92nJrgxm06o,"Relaxin Records",UKKTQ2200010,no
1338,"Love's Labour's Lost","Love Spirals Downwards",83,9A,37,2026-06-12,02:30,23,"dream pop, shoegaze, darkwave","Electronic, Pop, Rock","Idylls [Remastered Reissue]",2007-01-01,30,67,0,35,0,30,-12,E minor,4,1FfeKg4qfLmqaeJtOH3PTp,"Projekt",ushk90703603,no
1339,"I Wanna Be Free","The Monkees",83,8A,16,2026-06-12,02:24,39,"","","The Best of The Monkees",2008-07-01,40,84,0,51,0,0,-16,A minor,4,3NWugRPdW0HIzmFXMlBmDO,"Rhino",USRH10125793,no
1340,"You Might Need Somebody","Shola Ama",83,2B,64,2026-06-12,04:52,41,"uk garage, uk funky, uk r&b","Electronic, Hip Hop, R&B","You Might Need Somebody",2020-06-12,68,16,1,63,0,30,-4,F#/G♭,4,5lijIZgEqHF35VSG6WtYCC,"Warner Music Group - X5 Music Group",GBAHT1300053,no
1341,"Vila De Santa Tereza","Rosinha De Valença",83,9A,66,2026-06-12,03:35,9,"brazilian jazz, bossa nova","Jazz, Latin","Cheiro De Mato",1976-06-01,52,54,0,67,0,10,-9,E minor,3,6BuS3thhzBVbjHOxdowFL8,"EMI",BREMI7600751,no
1342,"Primitive Painters","Felt",83,11B,65,2026-06-12,06:02,44,"jangle pop, post-punk","Pop, Rock","The Strange Idols Pattern and Other Short Stories / Ignite the Seven Cannons",1984-01-01,9,0,86,60,0,10,-10,A,4,6lNdJVx5QloSub5FcX9Pmm,"Cherry Red Records",GBBLY8500015,no
1343,"Free","Goodie Mob",83,12A,6,2026-06-12,01:24,36,"southern hip hop, old school hip hop","Hip Hop","Soul Food",1995-11-06,61,92,0,41,0,10,-19,C♯/D♭ minor,4,7fLu4KJaQEDfbCiaBqVXhL,"Arista/LaFace Records",USLF20000300,no
1344,"Forge Your Own Chains","D.R. Hooker",83,4A,67,2026-06-12,04:42,0,"psychedelic rock, acid rock","Rock","The Truth",2000-00-00,62,43,13,63,0,20,-12,F minor,4,3GuG2Q8l6PG6pYewHWvvzH,"Subliminal Sounds",DEZ650516974,no
1345,"Lovesong","Common Saints",83,1B,51,2026-06-12,09:17,0,"retro soul","R&B","Idol Eyes",2020-10-09,65,25,82,52,0,0,-9,B,4,1J7uPqs46vgRZZ5ZhiPG3Y,"Starsonics",US23A1512011,no
1346,"Breezin","Boris Garbiner Happening",83,6A,43,2026-06-12,03:34,58,"","","Beach Diggin', Vol. 4",2016-08-05,70,91,84,72,0,10,-13,G minor,4,1jo6zavGHbrqlvts6xp8AX,"Heavenly Sweetness",FR4EO1600071,no
1347,"Just Like U Said It Would B","Sinéad O'Connor",83,8A,26,2026-06-12,04:31,53,"","","The Lion and the Cobra",1987-11-04,58,16,0,25,0,0,-12,A minor,3,3SJZbGDZG20DPXmg3jKYj9,"Chrysalis Records",GBAYK8700070,no
1348,"Jamma's Jam","Jamma-Dee, Mndsgn, Swarvy",83,5A,51,2026-06-12,03:30,7,"","","Jamma's Jam",2023-08-23,66,36,84,81,0,10,-10,C minor,4,52ZULaUoVuZmgDIKtdCr8K,"NBN",IEBAE2300056,no
1349,"Liquid Love","Roy Ayers, Sylvia Cox",83,3A,60,2026-06-12,04:46,46,"jazz funk, acid jazz, funk","Jazz, R&B","Virgin Ubiquity II",2018-12-01,46,8,4,65,0,0,-7,A#/B♭ minor,4,1uOgZkPPwGgya04nRoM1wy,"BBE Music",GBEQT1800349,no
1350,"You'll Never Get My Love","Mike Jemison",83,8B,71,2026-06-12,03:58,2,"northern soul","R&B","Best of Geneva Records Story",2018-08-30,45,27,0,50,0,50,-10,C,4,295RtdALGliuMrFGaCu1EJ,"Iris Music Group",QM6N21809165,no
1351,"Placebo Syndrome","Parliament",83,4B,50,2026-06-12,04:23,30,"funk, funk rock","R&B, Rock","Funkentelechy Vs. The Placebo Syndrome",1977-11-28,56,10,0,78,0,0,-15,G#/A♭,4,6M9YQgGRnoGS8T92YPBXtu,"Mercury Records",USWWW0125794,no
1352,"Les Fleurs","Bacao Rhythm & Steel Band",83,2B,75,2026-06-12,03:24,26,"","","Expansions",2022-05-24,60,8,81,76,0,10,-9,F#/G♭,4,67DaOSh3QsNaLqmMa7P5Gt,"Big Crown Records",QZ2L62100033,no
1353,"Forge Your Own Chains","D.R. Hooker",83,4A,65,2026-06-12,04:42,38,"psychedelic rock, acid rock","Rock","The Truth",1972-01-01,61,44,14,66,0,20,-12,F minor,4,19RuZzWWsbVvnLBxh9m7aR,"Numero Group",DEZ650516974,no
1354,"Too Damn Hot","Jon Lucien",83,2B,65,2026-06-12,03:55,2,"jazz funk","Jazz, R&B","Lucien Romantico",2001-01-01,75,5,0,95,10,0,-13,F#/G♭,4,6FbKTZ8mTBeexS7v5fL9HQ,"Sugar Apple Music Group, Ltd",usy280756701,no
1355,"MONEY","T-Shirts & Sweats",83,1A,85,2026-06-12,02:29,13,"","","MONEY EP",2021-02-05,77,20,82,62,30,30,-7,G#/A♭ minor,4,6Cdk2gZAIfngVzWpsSL1Sl,"Epidemic Sound",SE5Q52003390,no
1356,"Where There Is Love - Remastered","Patrice Rushen",83,7B,50,2026-06-12,03:10,51,"post-disco, jazz funk, disco, funk","Pop, R&B, Jazz","Straight from the Heart (Remastered)",1982-04-14,58,46,1,38,0,0,-10,F,4,6lCpBbw5nNKuhz4dTxYnuM,"Strut",USEE10183269,no
1357,"Dedans, dehors","Nicole Rieu",83,7A,28,2026-06-12,03:48,10,"french pop, chanson","Folk, Traditional Music, Pop","Nicole Rieu",2024-04-05,46,69,0,30,0,10,-13,D minor,4,23eVSHfq98rABRWKOBGimS,"Universal Music Division Barclay",FRUM71800157,no
1358,"As the Day Grows Tired","Will & James Ragar",83,9B,38,2026-06-12,02:34,12,"acid rock","Rock","Will and James Ragar One",1980-00-00,60,65,0,81,0,10,-15,G,4,7kAHuaXdFY6H7D3wJ7v16p,"BBE Music",GBEQT2200001,no
1359,"If (We Had Peace Today) - 2006 Remaster","Harlem River Drive",83,4B,56,2026-06-12,03:02,8,"jazz funk","Jazz, R&B","Harlem River Drive",2006-05-22,47,21,0,67,0,20,-10,G#/A♭,4,7vPQegdrjzS8kIRNWYA99C,"Parlophone UK",GBAYE0501105,no
1360,"I'd Rather Go Blind","Etta James",83,10A,43,2026-06-12,02:36,78,"soul, soul blues, blues, vocal jazz","Blues, R&B, Jazz","Tell Mama",1968-04-18,48,69,0,61,0,10,-6,B minor,3,1kPBT8S2wJFNAyBMnGVZgL,"Geffen",USMC16746346,no
1361,"Viscum","Barbican Estate",83,9A,36,2026-06-12,03:43,6,"japanese indie","Pop, Rock","Viscum",2024-06-14,57,30,19,25,0,0,-11,E minor,4,2EeOt4xHfnqrd68zvO8NtW,"Barbican Estate",QZK6H2491391,yes
1362,"Anemone","The Brian Jonestown Massacre",83,4A,64,2026-06-12,05:34,15,"neo-psychedelic, psychedelic rock, shoegaze, space rock","Rock","Their Satanic Majesties' Second Request",2008-06-09,53,6,84,61,0,20,-13,F minor,4,70WSr32oW4jC1na5I0j0D6,"'a' Records",GBSLX0810071,no
1363,"Big Noise, Big Deal","The Wake",83,3B,18,2026-06-12,00:41,3,"jangle pop, post-punk, deathrock, dream pop, gothic rock, cold wave, new wave","Electronic, Rock, Pop","Tidal Wave Of Hype",1994-03-21,59,55,93,5,0,0,-20,C♯/D♭,4,7wnHui9rpFTb5kan8nUSe2,"SARAH RECORDS",GBMFU0600460,no
1364,"MARGARITA","Marc Jordan",83,10A,59,2026-06-12,04:10,47,"yacht rock, aor, soft rock","Rock, Pop","A HOLE IN THE WALL",1983-00-00,57,36,2,47,0,0,-13,B minor,4,6FTkyVYA8sQv43TK28zJON,"Westwood Records",JPD720602102,no
1365,"You're The Best Thing","The Style Council",83,12A,72,2026-06-12,05:40,57,"","","Cafe Bleu",1984-01-01,60,43,0,68,0,10,-6,C♯/D♭ minor,4,0Njh4xmjFcX3f8TO1ocdlb,"Polydor Records",GBAKW8400002,no
1366,"Feeling High","The Mouse Outfit, IAMDDB, KinKai",83,3A,42,2026-06-12,03:44,45,"jazz rap, alternative r&b, uk r&b","Pop, R&B, Hip Hop, Jazz","Jagged Tooth Crook",2018-05-04,73,38,5,49,0,30,-4,A#/B♭ minor,4,1aBettOr79Ze27sceoL6U9,"TMO Records",TCADP1832627,yes
1367,"Mais Do Que Valsa","Marcos Valle",83,12B,31,2026-06-12,02:53,32,"bossa nova, brazilian jazz","Jazz, Latin","Previsão Do Tempo",1973-03-30,44,89,0,54,0,0,-16,E,3,3lqNx6oDUGHvKy2vdlxTfe,"EMI",BREMI1100017,no
1368,"Hasdallen Lights","Yves Tumor",83,8B,77,2026-06-12,02:07,37,"","","Heaven To A Tortured Mind",2020-04-03,57,11,26,69,0,10,-9,C,4,49FunJ7gFKbcADyPcTaNJ4,"Warp Records",GBBPW1900281,no
1369,"Jamma's Jam","Jamma-Dee, Mndsgn, Swarvy",83,5A,51,2026-06-12,03:30,25,"","","Perceptions",2023-09-05,66,36,84,81,0,10,-10,C minor,4,2deUQW7WdRqmC9FExgKaBA,"NBN",IEBAE2300056,no
1370,"Me And Those Dreamin' Eyes Of Mine","D'Angelo",83,9A,40,2026-06-12,04:46,54,"neo soul","R&B","Brown Sugar",1995-07-03,51,70,0,50,20,10,-11,E minor,4,5MjUkhqCpr5uZ39xZmLZxe,"Virgin Records",USEM39500206,no
1371,"Brown Sugar","D'Angelo",83,11B,49,2026-06-12,04:22,66,"neo soul","R&B","Brown Sugar",1995-07-03,72,53,3,58,10,10,-8,A,4,7rt0kEDWRg3pgTZJKuszoE,"Virgin Records",USEM39500079,yes
1372,"The Chauffeur - 2009 Remaster","Duran Duran",83,10B,66,2026-06-12,05:21,59,"new wave, synthpop","Pop, Rock, Electronic","Rio (Collector's Edition)",1982-05-10,70,29,0,53,0,0,-9,D,4,4kZOi9K2i06Syi2DiSfEqT,"Parlophone UK",GBAYE0901095,no
1373,"You Could Have It","Horse Vision",83,11B,45,2026-06-12,02:47,44,"","","You Could Have It",2026-01-21,69,9,1,20,0,10,-7,A,4,2ndh30vZhrfL0Zpq8wRbvl,"Many Hats Distribution",QZNWP2552461,no
1374,"Looking Into Darkness","Spirit",83,9B,69,2026-06-12,02:54,6,"acid rock, psychedelic rock, progressive rock","Rock","Son Of Spirit",1975-10-01,46,54,39,70,0,10,-9,G,4,13Hr5URuCTh0NCtPqXUIdX,"Mercury Records",USUM72001898,no
1375,"Les Amis - Actual Magic Remix","François de Roubaix, Actual Magic",83,6B,48,2026-06-12,03:12,30,"musique concrète","","Les Amis (Actual Magic Remix)",2018-12-18,53,53,68,46,0,10,-9,A#/B♭,4,54lPGCMFPBDjRBWDjNRdHR,"Pucci Records",GBMJG1820937,no
1376,"True To Life","Roxy Music",82,8B,68,2026-06-12,04:25,51,"glam rock, art rock","Rock","Avalon",1982-05-01,70,87,44,66,0,0,-8,C,4,78xp7CjJ3Uqxa44QAMdBWJ,"EG Records",GBAAA9900100,no
1377,"Couldn't Love You More","John Martyn",82,3B,11,2026-06-12,03:07,32,"folk rock, folk","Folk, Rock","One World (Deluxe Edition)",1977-00-00,56,80,0,20,0,0,-19,C♯/D♭,4,2xSSClsvf6rjEjSRwnMcu1,"UMC (Universal Music Catalogue)",GBAAN7700002,no
1378,"Dear Angie - Remastered 2010","Badfinger",82,12A,42,2026-06-12,02:40,46,"power pop, jangle pop","Pop, Rock","Magic Christian Music (Remastered 2010 / Deluxe Edition)",1970-01-09,63,30,0,51,0,10,-9,C♯/D♭ minor,4,54qG9hpUjLgkgTJQ9qvB1P,"EMI Catalogue",GBDCE1000107,no
1379,"Equipoise","Max Roach",82,11B,44,2026-06-12,06:21,39,"hard bop, bebop, jazz, free jazz","Jazz","Members Don't Get Weary",1968-00-00,30,17,8,50,0,10,-13,A,3,3gvQD27MucPhSDt2aYldtC,"Rhino Atlantic",USAT20201554,no
1380,"We've Got the Love","Plush",82,12A,64,2026-06-12,04:16,12,"post-disco","Pop, R&B","Plush (Expanded Edition)",1982-04-01,80,3,0,81,10,10,-8,C♯/D♭ minor,4,7lTy5ZFQCTV1hhYANroNS2,"RCA/Legacy",USRC18207965,no
1381,"Watching Me (2020 Remastered)","Jill Scott",82,11A,71,2026-06-12,03:47,31,"neo soul, quiet storm","R&B","Who Is Jill Scott?: Words and Sounds, Vol. 1 (2020 Remastered)",2000-07-18,62,33,0,76,30,0,-8,F#/G♭ minor,4,0HldZKSufL50Vsg4ZkSSWl,"Hidden Beach Records, LLC",USHBR2007017,no
1382,"Marshmallow","The Sweet Enoughs",82,3A,41,2026-06-12,03:55,0,"fourth world","New Age","Marshmallow",2020-05-01,63,75,68,28,0,10,-12,A#/B♭ minor,4,6N2yBySX0VhCVlVHKngirs,"Wondercore Island",AUDCH1500103,no
1383,"horridula","ARAGON",82,8A,65,2026-06-12,05:02,20,"art pop","Pop","Aragon",1985-02-05,56,2,56,36,0,20,-11,A minor,4,7bkk52D15svWcdW85lelA3,"INVITATION",JPVI08409580,no
1384,"Heavy Metal","Cindy Lee",82,8B,56,2026-06-12,04:00,0,"","","What's Tonight to Eternity",2020-02-14,32,93,87,20,0,40,-7,C,3,6ON0WPRm1tLITpeUsyYoOk,"W.25TH / Superior Viaduct",USA2Z2000062,no
1385,"Fou de toi","Bajy, Electrical Haitian Orchestra",82,8A,55,2026-06-12,06:52,0,"","","Beach Diggin', Vol. 2",2014-07-07,56,16,7,57,0,20,-8,A minor,4,6n39K23HcZMUZMQVe0Gycx,"Heavenly Sweetness",FR4EO1400050,no
1386,"I Really Love You","The Ambassadors",82,1A,56,2026-06-12,03:11,20,"bisrock, philly soul, pinoy rock, opm, northern soul, pinoy indie","Rock, R&B, Pop","Cooler Than Ice: Arctic Records and the Rise of Philly Soul",2012-09-07,57,18,0,66,0,0,-7,G#/A♭ minor,4,7j9UhvhILH3zR1eEGLSksU,"Jamie Record Co.",USJRC0621471,no
1387,"Marlene - 2015 Remaster","Todd Rundgren",82,7B,29,2026-06-12,03:54,0,"yacht rock, power pop, philly soul","R&B, Pop, Rock","Something / Anything?",1972-00-00,42,71,0,24,0,50,-13,F,4,7Ecv0yA6IzWfXga4DIE5QU,"Rhino",USRH11509526,no
1388,"Accidentals","Broadcast",82,2B,46,2026-06-12,03:28,0,"dream pop, neo-psychedelic","Pop, Rock","Work And Non Work",1997-06-09,16,90,92,21,0,10,-13,F#/G♭,4,1bwyWLYH4K0CdmPRADr0xQ,"Warp Records",GBBPW9700052,no
1389,"The Moving Finger","Dorothy Ashby",82,4A,63,2026-06-12,05:40,41,"exotica","Easy Listening","The Rubáiyát Of Dorothy Ashby",1970-01-01,65,60,23,75,0,10,-13,F minor,4,2CPFaD7XlLP1ahIhjrvR84,"Verve Reissues",USMC10345800,no
1390,"Tezeta","Hailu Mergia, The Walias",82,7B,48,2026-06-12,04:30,40,"ethiopian jazz","Jazz","Tezeta",2021-06-04,48,59,81,86,0,10,-12,F,3,6DJ5dm6aDeobMcFq1WWj18,"Awesome Tapes From Africa",QMUGB2104101,no
1391,"It'll All Be Over","Supreme Jubilees",82,9A,21,2026-06-12,03:05,36,"funk gospel, classic soul","R&B, Christian","It'll All Be Over",2015-01-30,69,90,2,41,0,10,-15,E minor,4,1Jt59xIiXOJVUSrDEJ3wMX,"Light In The Attic",USDEA1412001,no
1392,"Capture This","Gianni Brezzo",82,9A,53,2026-06-12,03:45,0,"nu jazz, ambient jazz, jazz funk, indie jazz","Easy Listening, Jazz, Pop, R&B, Electronic","Tutto Passa",2022-05-06,56,32,17,70,0,10,-11,E minor,4,0fInWiIAx6keiZiS8ZjwBU,"Jakarta",DESY21401365,no
1393,"Come Live With Me","Dorothy Ashby",82,9B,22,2026-06-12,02:37,57,"exotica","Easy Listening","Afro-Harping",1968-01-01,61,80,89,64,0,10,-18,G,4,3YT2vdLbvfcjfCiNR4DsKT,"Verve",USGR10300097,no
1394,"Wake Up Song","Sunfear",82,1B,12,2026-06-12,03:40,7,"drone, dark ambient","Electronic, New Age","Octopus",2022-08-12,25,97,48,3,0,10,-18,B,4,37PUQmyvcJLD6LMoIzzseg,"Dark Entries Records",USA2P2232085,no
1395,"Part Time Punks","Television Personalities",82,12B,51,2026-06-12,02:38,0,"jangle pop, post-punk, neo-psychedelic","Pop, Rock","Yes Darling, But Is It Art",1995-00-00,57,1,6,82,0,20,-11,E,4,4HIAtcFGSi6ZRnqxEhKFvA,"Fire Records",GBCKK9502403,no
1396,"True Freedom","Gary Davenport, Champion / Davenport",82,11B,56,2026-06-12,05:04,12,"jangle pop","Pop, Rock","Scattered Thoughts",2019-11-08,42,0,17,51,0,10,-12,A,4,7Ado8Fl64HV97FCInWZTT5,"Numero Group",USCW61919702,no
1397,"Crimson & Clover","Tommy James & The Shondells",82,1B,69,2026-06-12,03:29,62,"","","Anthology",1989-00-00,41,24,3,68,0,20,-9,B,4,0I4yYE831a8SW8QIx6bz4x,"Parlophone UK",GBAYE6800094,no
1398,"Setting Sun","You'll Never Get to Heaven",82,10B,19,2026-06-12,02:58,0,"dream pop, shoegaze","Pop, Rock","Wave Your Moonlight Hat For The Snowfall Train",2021-11-19,56,97,58,22,0,10,-13,D,4,0IX0Wm2H7fS8tCiv19GNad,"Mystic Roses",USA2P2142234,no
1399,"Four Faces West","Lori Balmer",82,9B,56,2026-06-12,01:54,6,"baroque pop","Classical, Pop","Curiosity Shop, Volume 1: A Collection Of Rare Aural Antiquities And Objet D'art From The British Isles, 1968-1971",2016-02-24,51,42,1,46,0,10,-8,G,4,6nHUCF4JoMXFPpVI7Wqd4u,"ODL",CYRLD1501403,no
1400,"Canoe","Ukiyo-e",82,1B,23,2026-06-12,05:15,3,"slowcore, math rock","Rock","Inland",2001-00-00,59,93,91,6,0,0,-16,B,4,0exE0ljTAFscBq327txgOK,"Independent",AUMGB2100805,no
1401,"My Man on Love - Remastered","Judee Sill",82,4B,19,2026-06-12,03:29,44,"singer-songwriter, baroque pop, folk","Classical, Pop, Folk","Judee Sill",1971-00-00,43,80,0,44,0,10,-15,G#/A♭,4,0y44tkLezZiz66aCl5fBXP,"Rhino/Elektra",USEE10300749,no
1402,"Quasarsphere","Manuel Göttsching",82,5A,2,2026-06-12,06:37,16,"krautrock, space rock","Electronic, Rock","Inventions For Electric Guitar (Mixed Tracks)",1974-07-31,8,85,91,4,0,10,-31,C minor,3,7LTBYjqyAFIKg4ixj3IgK3,"MG.ART",DECS61100018,no
1403,"Love Is a Jungle","Peter Ivers",82,6A,48,2026-06-12,03:01,40,"","","Nirvana Peter",1985-00-00,51,51,0,63,10,10,-11,G minor,4,2E28iu3PR5s8VNWip1VmJR,"Rhino/Warner Records",USWB10100280,no
1404,"Low Light","The Soundcarriers",82,11B,72,2026-06-12,03:53,39,"neo-psychedelic, space rock, psychedelic rock","Rock","Entropicalia",2014-00-00,29,23,65,54,0,20,-6,A,4,4XlhAlMiLGHM6Y8UcLF9kZ,"Phosphonic",GBLLT2145461,no
1405,"THE PERFUMED GARDEN","Celestial",82,11A,11,2026-06-12,07:36,11,"ambient","Electronic, New Age","I Had Too Much to Dream Last Night",2021-08-13,36,98,91,4,0,10,-21,F#/G♭ minor,4,4gCkomA8CVHrVzSXqDjDfI,"Ecstatic Recordings",UK8261900755,no
1406,"Cause You Love Me Baby","Susan Cadogan",82,4A,34,2026-06-12,04:00,0,"lovers rock, rocksteady, reggae, ska, dub, roots reggae","Electronic, Reggae","Reggae Hits, Vol. 1",2021-12-14,81,23,12,75,10,30,-15,F minor,4,6gXVMYxdH7P19HBx43mH0t,"JA (Jamaica Authentic) Records",US6PD2102216,no
1407,"Long Beach","Maxine Funke",82,9B,28,2026-06-12,04:51,0,"","","Two Songs From River Said",2023-04-06,38,92,77,3,0,0,-23,G,1,1f8tBaFrcB5cm3s7pGI3lB,"Disciples",GB5P52300076,no
1408,"Them Changes","Thundercat",82,4B,56,2026-06-12,03:08,74,"","","Drunk",2017-02-24,66,54,0,70,0,10,-9,G#/A♭,4,7CH99b2i1TXS5P8UUyWtnM,"Brainfeeder",US25X1090547,no
1409,"Baby Don't Cry","Lalah Hathaway",82,5A,50,2026-06-12,04:04,35,"neo soul, smooth jazz, quiet storm","R&B, Jazz","Lalah Hathaway",1990-01-01,68,16,0,94,0,0,-8,C minor,4,7bsdoELUKMk8A8S7Sf7Lij,"Virgin Records",USVI29800488,no
1410,"soundgood","B. Cool-Aid, Pink Siifu, Ahwlee, Liv.e, Jimetta Rose, V.C.R",82,10B,48,2026-06-12,02:43,2,"experimental hip hop, alternative r&b, neo soul, acid jazz","Jazz, Pop, R&B, Hip Hop","Leather Blvd.",2023-03-31,76,10,2,60,0,10,-9,D,4,798CdilHgi0FdJmhWH4Hqv,"Lex Records",GBMYF2200158,yes
1411,"Get It Up For Love","Ned Doheny",82,10B,62,2026-06-12,04:41,49,"yacht rock, aor","Rock, Pop","Hard Candy",1976-12-02,68,32,0,70,0,0,-11,D,4,1pcG5AKS1PTa5sz9cBOCLZ,"Legacy Recordings",USSM10207925,no
1412,"ice & powder","CATO",82,11A,41,2026-06-12,02:09,3,"","","ice & powder",2023-06-22,67,60,1,50,0,10,-12,F#/G♭ minor,4,4sQM32SBMRVlFztdhXeJYm,"Rhythm Section International",DEG932300700,no
1413,"Can We Pretend","Bill Withers",82,11B,31,2026-06-12,03:49,59,"soul","Blues, R&B","'Justments",1974-08-08,60,85,20,49,0,0,-13,A,4,0S5ZoKKZD3bllkvhEoPimZ,"Legacy Recordings",USSM10902681,no
1414,"Capture This","Gianni Brezzo",82,9A,53,2026-06-12,03:45,0,"nu jazz, ambient jazz, jazz funk, indie jazz","Easy Listening, Jazz, Pop, R&B, Electronic","Tutto Passa",2022-05-06,56,32,17,70,0,10,-11,E minor,4,6qGx9ikckPPtDbD9L3gdmq,"Jakarta",DESY21401365,no
1415,"Laguna Sunrise","Black Sabbath",82,10B,19,2026-06-12,02:50,0,"metal, heavy metal, rock, stoner rock, doom metal, hard rock","Metal, Rock","Vol. 4 (2009 Remastered Version)",1972-09-25,32,53,52,25,0,10,-16,D,4,0ALSEkVslwMEFd0WmJIpxo,"Sanctuary Records",GBAJE7200135,no
1416,"Fellow Travellers","Web Web, Max Herre, Roberto Di Gioia",82,7B,56,2026-06-12,03:30,36,"ethiopian jazz, ambient jazz, nu jazz, german hip hop, german pop, jazz beats","Easy Listening, Jazz, Hip Hop, Pop, Electronic","WEB MAX II",2023-10-27,50,84,79,65,0,20,-7,F,4,5Qo8lRVWxCkUG7cFQw14v7,"Compost Records",DEM092300108,no
1417,"I Don't Want To Hear It Anymore","Dusty Springfield",82,7B,33,2026-06-12,03:05,24,"","","Dusty In Memphis",1969-03-31,36,76,0,24,0,10,-13,F,4,72CH4aJSb2rejIedAkOQeW,"UMC (Universal Music Catalogue)",GBF089400147,no
1418,"I Cry In the Morning","Dennis Olivieri",82,7B,24,2026-06-12,03:36,12,"acid rock","Rock","Come To The Party",2023-05-26,44,36,6,49,0,10,-18,F,4,5famTD3edAygVeRfObUGeL,"Jamie Record Company",USJRC0710106,no
1419,"I Can't Hide","Ken Parker",82,8B,46,2026-06-12,02:25,27,"rocksteady, reggae, ska, lovers rock, roots reggae","Reggae","A Glint of Gold",2014-08-14,77,9,61,65,20,0,-11,C,4,1nDu0rUqDCvqBN7nn8Qjm1,"PISCES RECORDS",TCABZ1427053,no
1420,"Fou De Toi","Bajy & The Electrical Haitian Orchestra",82,8A,67,2026-06-12,06:55,24,"","","Bougie",1982-07-01,50,17,2,54,0,20,-7,A minor,4,1LTS2UncDnrnPzZ0S3gHlw,"World Seven",GBHCD1501406,no
1421,"Do I Do I","Johnny Clarke",82,8B,32,2026-06-12,04:18,17,"roots reggae, dub, reggae, rocksteady, lovers rock","Electronic, Reggae","Yard Style",1983-00-00,81,1,0,63,30,0,-16,C,4,553XWFF1AEDhRncv5fEyFa,"Ariwa Sounds",USA370660067,no
1422,"Be Alright","Zapp",82,4B,89,2026-06-12,07:52,47,"funk, post-disco","R&B, Pop","Zapp",1980-00-00,64,10,0,71,0,30,-5,G#/A♭,4,3PZpMF3RebeBEkQ6OicLpz,"Warner Records",USWB10101051,no
1423,"Walk Softly","Roberta Vandervort",82,11B,44,2026-06-12,04:18,17,"aor","Rock","Roberta Vandervort & Sally Townes",2022-02-15,52,35,0,71,0,0,-11,A,4,23IfWJ84Sf4HLl5EJ6MGZI,"Forager Records",uscgh2260988,no
1424,"Tumbling Tears","Alton Ellis",82,8B,56,2026-06-12,04:57,0,"rocksteady, reggae, lovers rock, ska, roots reggae, dub","Electronic, Reggae","Unforgettable Alton Ellis",2020-04-15,81,8,0,92,40,0,-11,C,4,6Sy7AUm3nqr2vSI1YGI8oF,"A.IM Media",ES5832040128,no
1425,"Part Time Punks","Television Personalities",82,12B,51,2026-06-12,02:38,37,"jangle pop, post-punk, neo-psychedelic","Pop, Rock","Yes Darling, But Is It Art",1995-01-01,57,1,6,82,0,20,-11,E,4,3XaMVosh7EbwDngF2uNrjS,"Fire Records",GBCKK9502403,no
1426,"Help Me","Joni Mitchell",82,8A,53,2026-06-12,03:24,59,"folk, folk rock, singer-songwriter","Folk, Rock","Court and Spark",1974-01-17,58,47,0,64,0,0,-10,A minor,4,0tVzXGFyNPusa1VkHmYDLd,"Rhino",USEE10001275,no
1427,"Spirit World Riddim","Tapes, Superstar",82,8B,53,2026-06-12,03:39,5,"dub","Electronic, Reggae","Spirit World",2017-00-00,71,0,92,97,0,0,-11,C,4,6ygIvhSTG12JkOKlaDUQ2r,"Porridge Bullet",EEDU12000030,no
1428,"Wickedest","Tems",82,10B,42,2026-06-12,02:36,65,"afrobeats, afro r&b, alté, afrobeat","R&B, Traditional Music, Electronic, Hip Hop","Born in the Wild",2024-06-06,85,37,0,60,10,10,-8,D,5,0D6XSXGNj5CTGQQzKQKQQ2,"RCA Records/Since 93'",USRC12401317,no
1429,"Mermaid","Alan Hawkshaw, Brian Bennett",82,6A,12,2026-06-12,03:56,48,"exotica","Easy Listening","Kpm 1000 Series: Synthesis",1974-01-01,33,99,93,47,0,10,-28,G minor,4,4LcogSQgiNo6rtCG70emJj,"KPM 1000 LP Series",GBBGL7400012,no
1430,"I Want to Be Your Man","Roger",82,4A,61,2026-06-12,04:09,56,"funk, post-disco","R&B, Pop","All the Greatest Hits",1993-09-28,56,4,0,46,0,0,-9,F minor,4,3C6xVHlZ8Z7cAzt63xdxH3,"Rhino/Warner Records",USRE10901483,no
1431,"REI AYANAMI","playa privada",82,10A,55,2026-06-12,04:45,4,"latin indie","Latin, Rock","playa privada",2024-10-11,67,15,85,70,0,0,-10,B minor,4,6OEFAoXpsmkyAvWV90WJM6,"Playa Privada",ARRO92400523,no
1432,"You're the Only One Watching","MIKE",82,9A,66,2026-06-12,02:05,27,"experimental hip hop, alternative hip hop, jazz rap","Hip Hop, Jazz","You're the Only One Watching",2024-11-29,40,74,0,58,20,10,-5,E minor,4,0MHwK2TUKhnaitQqH5ntXq,"10k",GBBPW2401358,yes
1433,"Why You Hate The Game","The Game",82,3A,87,2026-06-12,09:22,36,"west coast hip hop, old school hip hop, gangster rap, hip hop","Hip Hop","Doctor's Advocate",2006-01-01,52,7,0,38,20,10,-5,A#/B♭ minor,4,0YpRJMiRYnpl4FeGImnGvr,"Geffen",USUM70615331,yes
1434,"Becoming A Bird","Sanullim",82,12A,28,2026-06-12,03:13,10,"k-rock, k-ballad","Pop, Rock","The Story Of Sanullim Complete Studio Recordings",2008-11-25,61,2,19,41,0,20,-16,C♯/D♭ minor,4,6pdBIUaepJIMm5RHLARcdc,"Ecole de Gorae",KRA351202123,no
1435,"Wings","DJ Suzy",82,3B,41,2026-06-12,03:21,20,"","","Haunted Disc",2024-11-22,71,24,5,52,10,10,-10,C♯/D♭,4,5k0qE5TkpJCK5OtQyJk6Oy,"Kira Krash",SE5AJ2201968,no
1436,"Jane Says","Jane's Addiction",82,10B,60,2026-06-12,04:47,66,"funk rock, grunge","R&B, Rock","Nothing's Shocking",1988-08-23,40,4,0,50,0,10,-9,D,4,7c1Dar0pIAW7w5TzaGjt9t,"Rhino/Warner Records",USWB18800016,no
1437,"Laguna Sunrise - 2009 Remaster","Black Sabbath",82,10B,19,2026-06-12,02:50,40,"metal, heavy metal, rock, stoner rock, doom metal, hard rock","Metal, Rock","Vol. 4",1972-09-25,36,37,14,30,0,10,-17,D,4,2HuDXpZPIXiEQbFBUXqktZ,"Sanctuary Records",GBAJE7200135,no
1438,"Tales of Decay","Jonquera",82,10B,52,2026-06-12,04:32,16,"","","Series 33 Pt. 1",2025-09-25,83,18,90,68,10,10,-11,D,4,4Hty7OiQNkz1r3LIKAOL2G,"Avenue 66",USJX42500026,no
1439,"Life Is A Movie","TRISTÁN!",82,7B,33,2026-06-12,03:01,38,"","","Tristán, Ahora Con Reloj",2025-10-10,64,80,46,33,0,10,-13,F,4,0ebYtltzMmXxHPVWBnRTqh,"Rusia IDK",BK4DA2503310,no
1440,"Capture This","Gianni Brezzo",82,9A,53,2026-06-12,03:45,35,"nu jazz, ambient jazz, jazz funk, indie jazz","Easy Listening, Jazz, Pop, R&B, Electronic","Tutto Passa",2022-05-06,56,32,17,70,0,10,-11,E minor,4,6Lh0JyRyfRgHTrBEA0iVfu,"Jakarta",DESY21401365,no
1441,"Glowin'","The Rationals",82,9A,47,2026-06-12,04:17,24,"garage rock, proto-punk, acid rock","Rock","The Rationals (Deluxe Edition)",1969-07-01,42,27,0,47,0,0,-11,E minor,4,45R3ni67VcArZc6xk4r2Sj,"Cleopatra Records",QM6XS2201970,no
1442,"From the Planet Moon","The Zoomers",81,9B,68,2026-06-12,02:56,7,"","","Exist",2005-03-01,52,1,0,52,0,20,-11,G,4,4lcvTgE3rwinvuIsAyMWzh,"Magnatube Records",USI4R0501916,no
1443,"Fish 2 - Remastered","Colin Newman",81,9A,16,2026-06-12,01:50,0,"post-punk, cold wave","Electronic, Rock","Provisionally Entitled the Singing Fish (Remastered)",1981-06-01,85,71,75,61,0,0,-12,E minor,3,1D663s6vp1typCDIqgooHy,"4AD",GBAFL1700095,no
1444,"Sometimes","Sanchez",81,9B,71,2026-06-12,03:30,37,"lovers rock, reggae, dancehall, ragga, christian reggae, roots reggae","Christian, Reggae, Hip Hop","Simply Being Me",2000-09-26,67,33,0,69,0,0,-5,G,4,4isuQv1g95kqSXB5NrH73c,"VP Records",USVPR0309376,no
1445,"Cuff Link - Remastered 1993","Wings",81,5A,43,2026-06-12,01:58,38,"","","London Town (Expanded Edition)",1978-03-31,58,11,79,74,0,10,-15,C minor,4,2N4Bv25ZOzyGmtQ469kl3R,"Paul McCartney Catalog",GBCCS0700101,no
1446,"I Don't Want Nobody","Eddie Harris",81,3B,14,2026-06-12,11:55,32,"soul jazz, jazz funk, hard bop, jazz, jazz ballads","Jazz, Easy Listening, R&B","I Need Some Money",1975-00-00,38,83,16,30,0,10,-14,C♯/D♭,3,3jV9iL4dF5bzlDzNAd7P9c,"Rhino Atlantic",USAT20104175,no
1447,"Livin' For Your Love - Single Version","Melba Moore",81,2A,67,2026-06-12,05:02,21,"post-disco, disco, funk","Pop, R&B","A Little Bit Moore: The Magic Of Melba Moore",1996-01-01,56,57,0,84,0,10,-7,D#/E♭ minor,4,0B6K0yIM6ZIruidhMIOjlt,"Capitol Records",USCA29501512,no
1448,"Changin' Times","Ike White",81,8B,51,2026-06-12,09:27,33,"","","Changin' Times",1976-01-01,53,49,0,51,10,0,-14,C,4,0bRTu5K894PAKIa4GGGLgd,"Avenue Records",QMRSZ2001160,no
1449,"Blues Away","The Jacksons",81,8B,65,2026-06-12,03:14,38,"disco, motown, philly soul","Pop, R&B","The Jacksons",1976-11-05,60,51,0,75,0,20,-11,C,4,4PpgkGhiUEJbkCzTgu4266,"Epic",USSM19915105,no
1450,"My Woman's Love","Devon Russell",81,8B,47,2026-06-12,02:47,13,"rocksteady, roots reggae, lovers rock, reggae, soul jazz","Reggae, Jazz, R&B","Soul Jazz Records Presents STUDIO ONE Lovers Rock",2018-11-09,74,43,0,96,0,20,-13,C,4,0Q5nJMy7DbbzjvRQHc4M49,"Soul Jazz Records",JMA020602211,no
1451,"Auntie Aviator","John Martyn, Beverley Martyn",81,9A,47,2026-06-12,06:00,30,"folk rock, folk","Folk, Rock","The Road To Ruin",2005-01-01,48,68,1,33,0,10,-13,E minor,4,2XrjPrUrh5F2xfCy3ivmzO,"UMC (Universal Music Catalogue)",GBAAN7000101,no
1452,"Walk On By","The Undisputed Truth",81,7B,24,2026-06-12,03:49,22,"motown, classic soul","R&B, Pop","The Law Of The Land (Expanded Edition)",1973-02-23,50,75,0,59,0,0,-13,F,4,1X9m2vctL8evJnZhCqEbUg,"UNI/MOTOWN",USUM71700557,no
1453,"Don't Let It Get You Down - 2003 Remaster","Kevin Ayers",81,5A,52,2026-06-12,04:03,28,"progressive rock, art rock, krautrock, psychedelic rock","Rock, Electronic","Bananamour",1973-00-00,43,55,25,48,0,0,-12,C minor,4,4DOXwoSDsmkRCsktYItIME,"Parlophone UK",GBAYE0300435,no
1454,"Dust","Duval Timothy",81,1B,25,2026-06-12,02:31,20,"ambient jazz","Easy Listening, Jazz","Sen Am",2017-10-27,29,97,83,6,0,10,-16,B,4,3bqAgOnWDL27VhrLLrSKbF,"Carrying Colour",QZ8LD1756998,no
1455,"People Make The World Go Round Version","Hortense Ellis",81,1A,75,2026-06-12,02:57,4,"rocksteady, lovers rock, roots reggae, reggae, ska, dub","Electronic, Reggae","Soul Jazz Records presents STUDIO ONE MUSIC LAB",2022-08-05,87,46,6,96,0,30,-8,G#/A♭ minor,4,3ziVKCeIizxCej0D2gQZvI,"Soul Jazz Records",JMA020602396,no
1456,"The Rescue","Soft Location",81,4B,55,2026-06-12,05:48,17,"","","Diamonds and Gems",2007-01-01,44,64,0,34,0,0,-9,G#/A♭,4,2KxvHoPWewuUjl8ILUHfJU,"MuddyMitten",usx8c0600068,no
1457,"Angel","Pure X",81,12B,50,2026-06-12,02:57,10,"space rock","Rock","Angel",2014-00-00,64,0,65,45,0,10,-11,E,4,0KLah7IDtiTmgbRlkWtsqe,"Fat Possum",USFP71443810,no
1458,"Tippy Toes","Nancy Sinatra, Lee Hazlewood",81,3B,64,2026-06-12,02:53,0,"baroque pop","Classical, Pop","Nancy & Lee Again (2009 Remaster)",1972-01-01,34,46,0,77,10,0,-9,C♯/D♭,3,62QtiS8GgoU3i1aPz7EYjP,"Boots Enterprises",USASE0910183,no
1459,"Showdown","Thin Lizzy",81,8A,44,2026-06-12,04:32,37,"classic rock, hard rock","Rock","Nightlife",1974-01-01,67,35,9,77,10,10,-13,A minor,4,7kSPVqnvUenYmuROkZzPhI,"EMI",GBF080080092,no
1460,"Final Inspection","Tony Hymas",81,10A,12,2026-06-12,01:52,12,"","","Kpm 1000 Series: The Age of Discovery",1979-01-01,39,93,90,20,0,30,-26,B minor,4,0wSctEhfQFe8qsJcjtF08q,"KPM 1000 LP Series",GBBGL7900286,no
1461,"Space Out","Duncan pryce Kirk",81,10A,46,2026-06-12,04:14,11,"","","Folk Funk & Trippy Troubadours Vol 1",2022-09-09,45,62,12,40,0,10,-12,B minor,4,5Q6yGuLrYC6THyzhCoHaQG,"RE:WARM",UK9AV2200897,no
1462,"Auntie Aviator","John Martyn, Beverley Martyn",81,9A,45,2026-06-12,06:03,13,"folk rock, folk","Folk, Rock","The Island Years",2013-01-01,48,69,1,31,0,10,-13,E minor,4,0e6WjFCA5NnEbNs1CJKWq3,"UMC (Universal Music Catalogue)",GBAAN7000101,no
1463,"Since You've Been Gone","Little Janice",81,4A,60,2026-06-12,02:25,22,"northern soul","R&B","Loving on the Flipside",2012-09-25,56,39,0,72,0,30,-8,F minor,4,3axGU48Mrr1gvWgpAjKszt,"Now Again Records",US2S71292005,no
1464,"Can't Be Unstuck","TYSON, Coby Sey",81,8B,41,2026-06-12,02:59,7,"uk r&b","Hip Hop, R&B","Can't Be Unstuck",2023-01-18,43,88,0,16,10,10,-10,C,4,483ySaIg8WqouHclBXKTXR,"LMP Recordings",QMDA72297375,no
1465,"Picture On the Wall","Phyllis Dillon",81,10B,44,2026-06-12,02:44,0,"rocksteady, lovers rock, reggae, ska, roots reggae, calypso","Latin, Reggae","One Life to Live",1972-01-01,68,50,0,89,10,0,-11,D,4,5kIYKwWpLJ2wfoia2ExJKM,"Trojan Records",GBAJE7100928,no
1466,"Crystal Silence","Ghia",81,6A,58,2026-06-12,04:47,2,"lounge","Easy Listening","Crystal Silence EP",2023-02-17,55,8,0,52,0,20,-10,G minor,4,2Xn9jrmcD3b3mo7FRWncw2,"The Outer Edge",DEFU32330087,no
1467,"Ain't That Peculiar - Single Version","Marvin Gaye",81,11B,78,2026-06-12,02:59,44,"motown, classic soul, soul, northern soul, quiet storm","R&B, Pop, Blues","Moods Of Marvin Gaye",1966-05-23,56,18,0,83,0,60,-9,A,4,1yyJNEU2gWG6QiJkhPwrde,"Motown",USMO19985051,no
1468,"Something Sends Me to Sleep","Felt",81,6A,75,2026-06-12,02:52,13,"jangle pop, post-punk","Pop, Rock","Gold Mine Trash",1985-01-01,42,0,21,78,0,70,-12,G minor,4,3k76vBcEeOY6YLecKK0JHr,"Cherry Red Records",GBBLY8100013,no
1469,"For No One - Remastered 2009","The Beatles",81,12A,35,2026-06-12,01:59,67,"classic rock, psychedelic rock","Rock","Revolver (Remastered)",1966-08-05,48,78,0,71,0,10,-10,C♯/D♭ minor,4,1kDkaFlmkdEZiVUogaP9OZ,"EMI Catalogue",GBAYE0601502,no
1470,"People Make The World Go Round","Hortense Ellis",81,3B,63,2026-06-12,03:16,26,"rocksteady, lovers rock, roots reggae, reggae, ska, dub","Electronic, Reggae","People Make The World Go Round",2023-06-02,86,22,0,97,0,30,-10,C♯/D♭,4,14CNYu4KLy4XJAw4JN661O,"Soul Jazz Records",JMA020600514,no
1471,"Pearly Gates","The Kanpai Quartet",81,6A,23,2026-06-12,03:57,0,"","","Rick James Dwells in the Abyss / Pearly Gates",2023-07-21,66,66,91,56,0,10,-14,G minor,4,1UpONVbRNgkkYq2PLU5bwo,"Palace Records",QZMEQ2370479,no
1472,"slipping","Florence Sinclair",81,4B,72,2026-06-12,02:31,24,"experimental hip hop","Hip Hop","departures, wonders & tears",2023-07-20,51,36,10,51,0,10,-8,G#/A♭,4,7kXSBPmq2nGpjDXbrKZ49U,"Free Money",QZNWU2374543,yes
1473,"I'm Glad You're Mine","Al Green",81,10B,54,2026-06-12,02:57,44,"soul, classic soul, motown, soul blues","R&B, Pop, Blues","I'm Still in Love with You",1972-10-23,77,20,0,90,10,0,-10,D,4,4fiC7RTotySw4ZeYaCSsXP,"Fat Possum",US2HK0913602,no
1474,"Butterfly","Cleo Sol",81,11A,26,2026-06-12,03:19,46,"neo soul, alternative r&b, uk r&b","Pop, R&B, Hip Hop","Rose in the Dark",2020-03-27,60,87,0,45,0,10,-9,F#/G♭ minor,4,7m0tBD3JC20Czvrg4zzR4u,"Forever Living Originals",UKMEH1900059,no
1475,"Sigma Pop","Sestetto Dino Piana & Oscar Valdambrini",81,9A,73,2026-06-12,02:58,25,"","","10 situazioni",1973-01-01,58,14,80,87,0,0,-6,E minor,4,5kTcgkfCJWA7rZI8sHaY4Y,"Sonor Music Editions",FR59R1759777,no
1476,"Tongue - Remastered","R.E.M.",81,6B,30,2026-06-12,04:13,34,"jangle pop, alternative rock, rock","Rock, Pop","Monster (Remastered)",1994-09-27,52,91,80,53,0,0,-12,A#/B♭,4,63McCianBGH19Y1QD04xdC,"Craft Recordings",USC4R1901439,no
1477,"Tezeta (Nostalgia)","Mulatu Astatke",81,4A,36,2026-06-12,06:16,53,"ethiopian jazz","Jazz","Ethiopiques, Vol. 4: Ethio Jazz 1969-1974",1998-10-06,55,95,92,50,0,0,-10,F minor,3,414J8tKHbtF16XOiHGBEso,"Buda musique",FR6V80500953,no
1478,"Nzuku","Arp",81,4A,47,2026-06-12,06:54,0,"ambient jazz, space rock, ambient","Electronic, New Age, Easy Listening, Jazz, Rock","Zebra",2018-06-22,52,87,69,79,0,0,-10,F minor,3,4OfBNv905Tx1F8zxX2FEh5,"Mexican Summer",QMV8L1725402,no
1479,"Sayang","Chrisye, Hetty Koes Endang",81,7A,61,2026-06-12,04:48,0,"pop kreatif, indonesian pop, indonesian jazz, dangdut, malay, malay pop, indorock, city pop","Pop, Traditional Music, Jazz, Rock","Nona",1984-03-03,60,14,0,63,0,10,-8,D minor,4,5t5zWyQTRi0da7RTp6S3ni,"Musica Studios",IDA181225002,no
1480,"Can't Give You My Love Alone","Gregory Isaacs",81,9B,78,2026-06-12,03:27,10,"reggae, roots reggae, lovers rock, rocksteady, ragga, dub","Electronic, Reggae, Hip Hop","Gregory Isaacs: The Love Box",2013-02-02,64,3,0,89,10,20,-4,G,4,0Vhv30u94nNwlGkg40BSWQ,"Tad's Record Inc.",JMB111300029,no
1481,"Dryland","Misha Panfilov",81,11A,25,2026-06-12,07:37,8,"experimental jazz, ambient jazz","Easy Listening, Jazz","Gala!",2023-05-15,43,57,68,39,0,0,-15,F#/G♭ minor,3,0OWVfWIZHO8SDPL3Px7qcM,"Funk Night Records",QZK6Q2385775,no
1482,"Sunday Sermon","Booker T. & the M.G.'s",81,5B,34,2026-06-12,04:08,44,"","","Stax Profiles: Booker T. & The M.G.'s",2006-01-01,61,33,80,54,0,20,-14,D#/E♭,4,5Fj2yaZqQt4dbFyGWSIPOK,"Stax",USFI87000213,no
1483,"I Feel Like Breaking up Somebody's Home Tonight","Ann Peebles",81,7B,47,2026-06-12,02:30,42,"soul, soul blues, classic soul","R&B, Blues","Straight from the Heart",1971-00-00,79,43,0,86,0,10,-9,F,4,0d2ToVf1DsuYCyyiveQ9ai,"Fat Possum",US2HK1341006,no
1484,"Aftermath","Tricky, Martina Topley-Bird",81,3A,44,2026-06-12,07:38,50,"trip hop, downtempo","Electronic, Hip Hop","Maxinquaye",1995-01-01,73,4,30,50,0,10,-14,A#/B♭ minor,4,4wcWI3GEtaGm38dbdDFbyI,"Universal-Island Records Ltd.",GBANY9400112,no
1485,"Tripsteady","John Glacier",81,4B,50,2026-06-12,02:25,14,"experimental hip hop","Hip Hop","Like A Ribbon",2024-02-23,43,19,0,45,20,10,-9,G#/A♭,4,29WeLtSrO40JTxjOiH5Ybw,"Young",UK7MC2300194,no
1486,"Living for your love","Tony Bontana",81,1B,76,2026-06-12,02:57,5,"experimental hip hop","Hip Hop","Access Music (Deluxe)",2022-06-27,55,19,1,92,0,20,-9,B,4,3dirPC2hpfCIJmE3IA6snR,"Everything Is Perfect Records",QZHN82207289,no
1487,"Sweet Thing","Rufus, Chaka Khan",81,11B,39,2026-06-12,03:20,65,"quiet storm","R&B","Rufus Featuring Chaka Khan",1975-01-01,71,73,1,81,0,10,-13,A,4,0bqZnsPz4klg5TuWGcKb34,"Geffen*",USMC17516873,no
1488,"I Talk To The Wind","King Crimson",81,12B,31,2026-06-12,06:05,60,"progressive rock, art rock, psychedelic rock","Rock","In The Court Of The Crimson King (Expanded & Remastered Original Album Mix)",1969-10-10,32,54,63,31,0,10,-18,E,4,1T0CdfKPKb1gJi4vCKpZ9C,"Discipline Global Mobile",GBCTX1400801,no
1489,"Deep Purp","Papa Romeo",81,9A,23,2026-06-12,03:21,36,"","","Late Night Load Out",2024-05-24,50,84,74,11,0,0,-15,E minor,4,7y83ZI8YscKKloXguTZzxN,"Land Before Time",UKU932481351,no
1490,"Lost","April Magazine",81,9B,55,2026-06-12,03:15,23,"slowcore, egg punk, jangle pop","Rock, Pop","Wesley's Convertible Tape For The South",2024-02-17,19,80,87,21,0,10,-8,G,4,78UYDZ9E4lySlsRsmVtVXa,"6586330 Records DK",QZES52474636,no
1491,"Never Be The Same Again - Single Mix","Melanie C, Lisa  Left Eye  Lopes",81,6A,71,2026-06-12,04:14,49,"","","Northern Star",1999-00-00,74,0,0,56,0,0,-3,G minor,4,77tfHVcjhVnMI9oyL63tWW,"Virgin Records",GBAAA0000038,no
1492,"Ant And Squirrel","Elko Blijweert, Joris Caluwaerts",81,10B,13,2026-06-12,02:40,6,"ebm","Electronic","The Library Music/Easy Listening Side of Heaven Hotel Part One",2022-11-18,61,89,71,21,0,10,-13,D,4,22rPDsSbFdq919XY7HVRu7,"Heaven Hotel",BEO872200011,no
1493,"Peeeeel","Echo Party",81,2B,87,2026-06-12,03:16,6,"","","Orsova",2024-09-13,52,5,68,34,0,10,-10,F#/G♭,4,769x6MzPz5QyGgG9bPCgAn,"12th Isle",GBQLP2400511,no
1494,"In the Meantime","Betty Davis",81,11B,47,2026-06-12,02:46,6,"funk rock, funk","R&B, Rock","Betty Davis",2015-12-18,61,37,34,54,0,10,-9,A,4,3YntWGj3EQe5amjolPesuo,"Light In The Attic",USDEA0702608,no
1495,"Sandy Skies","The Garbage & the Flowers",81,4B,23,2026-06-12,03:06,0,"noise rock","Rock","The Deep Niche",2016-07-15,31,95,13,14,0,10,-14,G#/A♭,4,5ukD7mKj6D4ZDPYZ7nKN0D,"Ba Da Bing!",USCPT1610092,no
1496,"Fool for You","The Impressions",81,2A,66,2026-06-12,02:52,43,"motown, classic soul, soul, doo-wop","R&B, Pop, Blues","This Is My Country",1968-00-00,46,6,0,53,0,50,-8,D#/E♭ minor,4,7ppPgpUdNPbHhuqYwN2SXu,"Rhino",USRH10553474,no
1497,"Realistik Heaven","Cindy Lee",81,7B,45,2026-06-12,03:42,0,"","","Diamond Jubilee",2024-03-29,28,70,79,64,0,0,-11,F,4,0V12EtuWPloAYxBlylEyaf,"Cindy Lee",TCAJE2510620,yes
1498,"Diamonds and Pearls","Prince",81,9B,55,2026-06-12,04:45,53,"funk rock, funk","R&B, Rock","Diamonds and Pearls",1991-10-01,55,5,32,29,0,0,-10,G,4,4mfyehYgUP2V8jsjW9UzYj,"Warner Records",USWB19901188,no
1499,"Give Me Back My Man","The B-52's",81,9B,88,2026-06-12,03:58,30,"new wave, post-punk","Pop, Rock","Planet Claire",1979-07-06,61,1,3,82,0,0,-9,G,4,5TxKJ4Jsvut4Lmz6Mgakbu,"Island Records",USIR28000030,no
1500,"Breakfast In Bed","Dusty Springfield",81,6B,37,2026-06-12,02:53,32,"","","Dusty In Memphis",1969-03-31,31,55,0,32,0,10,-12,A#/B♭,4,0pO4uJoMvAFQQeseu4bHmB,"UMC (Universal Music Catalogue)",GBF086800076,no
1501,"Tell Me Why","Neil Young",81,7B,40,2026-06-12,02:57,51,"classic rock, folk rock, singer-songwriter, roots rock","Rock, Folk","After the Gold Rush (2009 Remaster)",1970-08-31,63,74,0,48,0,10,-10,F,4,6wfGrC6Vr7xBWxiEoIjvUh,"Reprise",USRE10900208,no
1502,"Stoner Kissing Trance","So Klarity",81,1A,32,2026-06-12,04:11,39,"trip hop","Electronic, Hip Hop","Volume 1",2022-02-24,61,6,82,46,0,0,-12,G#/A♭ minor,4,6oLxlktmWBFPZu87RCUgcr,"Delicate Records",NL4UC2100009,no
1503,"Shame (feat. BJ The Chicago Kid)","Freddie Gibbs, Madlib, BJ The Chicago Kid",81,9A,78,2026-06-12,03:03,58,"jazz rap, alternative hip hop, experimental hip hop, plunderphonics","Hip Hop, Jazz, Electronic","Piñata",2014-03-18,38,55,0,38,20,80,-9,E minor,4,5sesHCQziHg85y8dlnNWJC,"Madlib Invazion",US2S71422015,yes
1504,"RTB","CV Vision",81,4A,73,2026-06-12,02:40,7,"","","RTB",2025-08-21,65,9,18,61,0,60,-10,F minor,4,4XjtYMUNF3Aw9SA63w71xU,"Bureau B",DELI52504579,no
1505,"Find A Little Wood","T. Rex",81,6B,45,2026-06-12,02:04,7,"glam rock, proto-punk","Rock","A Beard Of Stars (Deluxe Edition)",1970-03-13,43,21,0,67,0,0,-10,A#/B♭,3,2trOBelhfxkx9EtEhufR69,"UMC (Universal Music Catalogue)",USUM71320107,no
1506,"Back To Stay","John Martyn",81,7B,27,2026-06-12,03:26,37,"folk rock, folk","Folk, Rock","London Conversation",1967-00-00,53,90,0,69,0,20,-14,F,4,6YW7yuxZRnRDCEi5dbjFHZ,"Universal-Island Records Ltd.",GBAAN6700029,no
1507,"On The Boards","Taste",81,8A,16,2026-06-12,06:00,39,"blues rock, acid rock, blues","Rock, Blues","On The Boards",1970-01,51,53,61,14,0,10,-21,A minor,4,0SrSPUIcRyIRqODdFLXNUy,"Polydor Records",GBAKW7001016,no
1508,"Never Gonna Die - Live","Robbie Stickland",81,6B,73,2026-06-12,02:02,2,"","","Robbie Stickland Gets Up Off His Ass And Plays Rock n' Roll (A Live Album)",2024-09-06,36,19,31,61,0,40,-12,A#/B♭,4,7o5H139ItVdCZcxWaP24GB,"hehehaha",QZTB42467933,no
1509,"Mark II","Nala Sinephro",81,3B,8,2026-06-12,01:29,29,"ambient jazz, ambient, experimental jazz, nu jazz","Electronic, New Age, Easy Listening, Jazz","The Smashing Machine (Original Motion Picture Soundtrack)",2025-10-03,23,85,86,5,0,10,-23,C♯/D♭,4,79cVFC9tcll7AhnOjJOlme,"Warp Records",GBBPW2502088,no
1510,"caravanas","Juana Molina",81,2A,14,2026-06-12,04:06,35,"","","DOGA",2025-11-05,44,92,93,23,0,10,-18,D#/E♭ minor,4,4yoF14WIqNJXDvTtHO7Jjh,"Sonamos",AR4PD2500004,no
1511,"RTB","CV Vision",81,4A,73,2026-06-12,02:40,10,"","","Release The Beast",2025-10-24,65,9,18,61,0,60,-10,F minor,4,6QVyQH4y8bG2f0CHNUAlgR,"Bureau B",DELI52504579,no
1512,"Reggae Rock","Jackie Mittoo",81,4A,45,2026-06-12,01:57,24,"rocksteady, dub, roots reggae, reggae, ska, soul jazz","Electronic, Reggae, Jazz, R&B","The Keyboard King at Studio One",2000-00-00,75,37,40,89,0,10,-10,F minor,4,00hPnVmMynXSUIeIXapFZE,"Observer Music",USQY51706175,no
1513,"Depth of Field","Sea Pinks",81,10B,86,2026-06-12,03:56,8,"jangle pop, surf rock","Pop, Rock","Soft Days",2016-01-08,48,0,56,94,0,0,-7,D,4,2QQOrfjqFEH2kND59cdjjh,"CF Records",QZES81807683,no
1514,"Parafifi","Grand Kalle Et l'African Jazz",81,11A,46,2026-06-12,05:13,24,"","","Independance Cha-Cha, Vol. 1",2013-10-28,65,58,0,73,0,10,-14,F#/G♭ minor,4,2a8RcJ5cZ0yhP3pPwKh0bj,"Ndh Music",FR9W11313526,no
1515,"Phish Pepsi","MJ Lenderman, Wednesday, Advance Base",81,11B,47,2026-06-12,04:02,35,"alt country, anti-folk","Country, Rock, Folk","Guttering",2021-01-20,60,96,38,59,0,10,-14,A,4,71GVTtskISQ6OxgVtGMjY5,"Super Enema",QZFZ62113887,no
1516,"Mission Impossible","Tyrone Downie",81,4A,50,2026-06-12,03:59,9,"rocksteady","Reggae","Interpertations & Improvisations: A Tribute To Reggae's Keyboard King Jackie Mittoo",2009-03-16,76,5,63,93,0,10,-7,F minor,4,5cSqHT9hFvc7o5ymJSdWMn,"VP Records",USVPR0409647,no
1517,"Reggae Rock","Jackie Mittoo",81,4A,44,2026-06-12,01:57,21,"rocksteady, dub, roots reggae, reggae, ska, soul jazz","Electronic, Reggae, Jazz, R&B","Keyboard King at Studio One",2000-00-00,75,36,30,84,0,10,-10,F minor,4,6RedmSTlgDqJXTmLZemEWa,"Soul Jazz Records",GBHWT0500085,no
1518,"Any Major Dude Will Tell You","Steely Dan",80,10B,42,2026-06-12,03:07,0,"yacht rock, classic rock","Rock, Pop","Pretzel Logic",1974-01-01,68,65,0,55,0,0,-15,D,4,7BVIm4yj3PQ6MwTPwcjka6,"Geffen*",USMC17447198,no
1519,"Off the Air","Jennifer Lara",80,10B,53,2026-06-12,03:27,24,"rocksteady, lovers rock","Reggae","Weekend Loving",2018-03-25,79,34,0,67,30,10,-10,D,4,2CQRkYTRBRKVI8oea4OL0K,"Jamwax",CH6541810231,no
1520,"Reality Surf","Bladee",80,8B,41,2026-06-12,02:03,0,"cloud rap, hyperpop","Hip Hop, Electronic, Pop","333",2020-07-16,74,3,1,67,0,10,-8,C,4,7bN1xfvn1fB0mhKcdCK4un,"YEAR0001",SE5AJ2001071,no
1521,"Passion","PinkPantheress",80,5A,63,2026-06-12,02:18,61,"bedroom pop","Pop","Passion",2021-07-01,70,49,78,61,0,10,-5,C minor,4,6ZJqCviTotiIujl1rfcL53,"Parlophone UK",GBAYE2100808,no
1522,"Talvez","Quarteto Em Cy",80,10A,37,2026-06-12,02:22,29,"bossa nova, mpb, brazilian jazz, samba","Jazz, Latin","Quarteto Em Cy",1972-03-01,22,94,0,7,0,10,-10,B minor,4,7Be0O3putDbzN0P6HA8KF4,"Universal Music Ltda.",BREMI7200580,no
1523,"Invention No. 4 in D Minor, BWV 775","Johann Sebastian Bach, András Schiff",80,7B,26,2026-06-12,00:44,24,"baroque, classical, classical piano, concerto, early music","Classical","Bach, J.S.: Two and Three Part Inventions",1985-01-01,28,98,96,93,0,10,-23,F,3,3Ewsd2TeV6DkzoQvAo1qYL,"Decca Music Group Ltd.",GBF078340104,no
1524,"What a Wonderful Thing Love Is","Al Green",80,7A,46,2026-06-12,03:40,46,"soul, classic soul, motown, soul blues","R&B, Pop, Blues","I'm Still in Love with You",1972-10-23,70,34,0,44,0,10,-9,D minor,4,6vNYzKRCHP6LcRh0RprXLi,"Fat Possum",US2HK0913604,no
1525,"There's a Virus Going Round","Spectral Display",80,5A,28,2026-06-12,06:11,0,"","","Spectral Display",2010-06-22,65,72,80,54,0,10,-21,C minor,4,2QzT8oI9W0NFPjZTU7xsdv,"Spectral Display",USTCF1096170,no
1526,"Making Love In The Rain","Herb Alpert",80,4A,49,2026-06-12,05:54,49,"","","Keep Your Eye On Me",1987-02-13,56,50,0,47,0,30,-13,F minor,4,2TwsT2UlDAkMn1xVwc7pJx,"Herb Alpert Presents",QM4221500487,no
1527,"Ashes","Yo La Tengo",80,8B,24,2026-06-12,03:32,19,"dream pop, slowcore","Pop, Rock","There's A Riot Going On",2018-03-16,70,90,73,50,0,10,-13,C,3,4RRM2uP2y0GFkFnaPeLo5M,"Matador",USMTD1810576,no
1528,"Starlight","Pure X",80,11B,45,2026-06-12,04:49,23,"space rock","Rock","Angel",2014-00-00,46,15,0,37,0,10,-11,A,4,4sdeIWG6bIyfsxZ9tmCOg6,"Fat Possum",USFP71443801,no
1529,"Lady Rain","Daryl Hall & John Oates",80,9A,50,2026-06-12,04:25,42,"yacht rock, soft rock","Rock, Pop","Abandoned Luncheonette",1973-01-01,61,24,0,76,0,20,-13,E minor,4,43YWEQeAvrgmYk3HYiwSCM,"Rhino Atlantic",USAT20614610,no
1530,"Mutate","Duval Timothy",80,9A,35,2026-06-12,08:39,8,"ambient jazz","Easy Listening, Jazz","Mutate",2022-10-19,33,51,88,13,0,0,-15,E minor,4,5hIFyNxLZtTqzOfMjRZK64,"Carrying Colour",UKX9R2200003,no
1531,"Cherish the Day","Sade",80,4B,39,2026-06-12,05:32,75,"","","Love Deluxe",1992-10-26,68,1,8,68,0,10,-13,G#/A♭,4,22QiTJqDn1BIRSh4mkNJ5w,"Epic",GBBBM9202023,no
1532,"Heavy Like Air","Aiden Ayers",80,7A,15,2026-06-12,02:53,10,"","","Venus Copper Rose",2022-10-27,15,92,88,17,0,10,-21,D minor,4,1XE9xHBTJuq66FWRJAGz9Z,"Public Possession",DEVH21800467,no
1533,"Play For Today","The Cure",80,10A,84,2026-06-12,03:39,43,"new wave, post-punk, gothic rock, darkwave","Electronic, Rock, Pop","Seventeen Seconds",1980-04-18,66,3,2,86,10,10,-9,B minor,4,74xQ8aN8Y23wbVQBZzlNNu,"UMC (Universal Music Catalogue)",GBALB8000002,no
1534,"The Path of the Wind","Joe Hisaishi",80,7B,20,2026-06-12,03:42,55,"japanese classical, anime","Pop, Classical","My Neighbor Totoro Sound Book",1988-00-00,50,85,66,11,0,40,-14,F,4,3XxnYdibSlBhiq2wGlQ6ie,"Joe Hisaishi",JPTK08880610,no
1535,"O How I Miss You","Broadcast",80,10B,60,2026-06-12,01:17,0,"dream pop, neo-psychedelic","Pop, Rock","Haha Sound",2003-08-11,31,14,0,28,0,0,-8,D,3,4nVH4pyGxS8pkO9Ug4Tobm,"Warp Records",GBBPW0300091,no
1536,"Going Up The Country","Canned Heat",80,4A,24,2026-06-12,02:51,66,"blues rock, blues","Blues, Rock","The Best Of Canned Heat",1987-01-01,65,81,1,77,0,10,-19,F minor,4,57460SJgSpCXaRJ9YIYHxy,"Parlophone Catalogue",USEM38700071,no
1537,"Sex Dream; Marine","infinite bisous",80,3B,22,2026-06-12,03:30,29,"","","Period",2019-03-11,63,76,91,35,0,10,-19,C♯/D♭,1,22KN1nRkp0H5foRTR950Iv,"tasty morsels",USA2P1915282,no
1538,"When You Find Your Love","Woo",80,7A,23,2026-06-12,04:05,19,"","","Into the Heart of Love",2014-06-27,61,83,81,37,0,30,-19,D minor,4,0upPCmOFOYBSjhmVeBoETh,"Horus Music Distribution",GBLLT1611851,no
1539,"Comin Up","Pimpsta",80,7B,33,2026-06-12,04:24,18,"southern hip hop, g-funk","Hip Hop, R&B","South Side Soldiers",1997-00-00,74,3,0,82,0,0,-10,F,3,5TdjfGnzpUh0TXvicWN3QF,"BIRD HOUSE RECORDS",usx9p0781561,no
1540,"Don't Turn Me Away","Rexy",80,8B,43,2026-06-12,04:24,12,"","","Running Out Of Time",2016-03-18,66,71,59,65,10,10,-12,C,4,37DxIA18yu53nRqw3uPH3Q,"Lucky Number",GBJET1500054,no
1541,"Benjals","Hoops",80,12A,82,2026-06-12,02:19,25,"dream pop, surf rock, jangle pop","Pop, Rock","Routines",2017-05-05,34,2,97,91,0,40,-4,C♯/D♭ minor,3,55zCHpTcObJ6kuTNUcd5St,"Fat Possum",USFP71760804,no
1542,"River Turns Woodley (for Frogman)","M. Sage",80,9A,28,2026-06-12,04:16,0,"ambient jazz, ambient, plunderphonics, ambient folk, drone","Electronic, New Age, Folk, Easy Listening, Jazz","River Turns Woodley (for Frogman)",2023-03-22,22,3,76,6,0,10,-14,E minor,4,1GWXmLCm3TtM8qefi6lODn,"RVNG Intl.",US6PQ2300078,no
1543,"Eu Sou Como Você É","Lô Borges",80,10A,33,2026-06-12,03:03,48,"mpb, brazilian jazz","Jazz, Latin","Lô Borges",1972-01-01,64,80,4,85,0,10,-17,B minor,4,7uE2uoR0R3fDmbC7517Xej,"EMI Brazil",BREMI7200572,no
1544,"Find Yourself","The Meters",80,12B,44,2026-06-12,04:12,40,"funk, soul, jazz funk","R&B, Jazz, Blues","Trick Bag",1976-00-00,62,35,0,82,10,0,-12,E,4,6mGkBLDcN5OtbSw9oNnO6z,"Rhino/Warner Records",USRE10101220,no
1545,"Smile Please","Dean Blunt, Elias Rønnenfelt",80,8B,78,2026-06-12,02:15,55,"","","Smile Please",2023-04-20,48,41,0,58,0,50,-5,C,4,0WbuDhRzi9VQdz1qmUY47l,"WORLD MUSIC",UKQNV2300065,no
1546,"Body Fusion","Starvue",80,6A,43,2026-06-12,05:45,31,"","","Starvue 2",2010-08-28,67,14,0,90,0,20,-15,G minor,4,6ezCprJ3jhksdjlRqc0nQw,"zincity",TCAAR1030721,no
1547,"can't fight the devil","Zack Fox, Diamond Cafe",80,12A,66,2026-06-12,03:29,0,"","","wood tip",2022-12-16,69,42,2,66,0,0,-8,C♯/D♭ minor,4,4GEL1AJUwD6BYlDxod9E4H,"Parasang",US25X2204151,yes
1548,"Residuals","J. Albert, Will August Park, J. Albert Meets Will August Park",80,11B,40,2026-06-12,05:47,13,"lo-fi house, dub techno, ambient jazz, ambient","Electronic, New Age, Easy Listening, Jazz","Flat Earth",2023-06-09,57,87,83,37,0,10,-15,A,3,4FabTPoPW8CikJSWBr4Dy2,"29 Speedway",USYBL2300939,no
1549,"Ené Alantchie Alnorem","Mulatu Astatke",80,5B,22,2026-06-12,04:59,49,"ethiopian jazz","Jazz","New York - Addis - London: The Story of Ethio Jazz 1965-1975",1969-00-00,47,78,77,38,0,10,-17,D#/E♭,4,71dfXu1LwSqdzSDKGn9Fzp,"Strut",DEG930990147,no
1550,"Serenade of Water","Men I Trust",80,1A,41,2026-06-12,03:05,0,"bedroom pop, indie pop, dream pop","Pop, Rock","Untourable Album",2021-08-25,65,85,90,71,0,10,-11,G#/A♭ minor,4,5tt7O3V5vwf8ltkr1Wgxrf,"Independent",TCAFR2123383,no
1551,"Transmission 2","DJ Shadow",80,6A,14,2026-06-12,01:29,42,"trip hop, plunderphonics, downtempo","Electronic, Hip Hop","Endtroducing.....",1996-01-01,45,90,93,44,0,10,-16,G minor,4,1b2G6vSI7JF3slSMirS4oz,"[PIAS] Recordings Catalogue",GBAQH9600086,no
1552,"End Melody","Lukid",80,9A,40,2026-06-12,03:08,2,"idm, glitch","Electronic","End Melody",2023-07-07,43,65,88,40,0,10,-9,E minor,4,1ttyeNNEaWA9RqlV8Gh7gx,"GLUM",UK44F1700026,no
1553,"Bedside Ashtray","Lone Mesa",80,8B,18,2026-06-12,02:31,24,"ambient folk","Electronic, Folk","Dirt Park Hotel",2023-09-04,51,93,84,9,0,10,-16,C,4,5YnYfl7h8OaOVBvCBCwa6y,"Lone Mesa",USMH92386289,no
1554,"List","Pejzaż",80,9B,16,2026-06-12,02:30,10,"jazz house","Electronic, Jazz","Noce i Dnie",2021-10-31,15,93,91,7,0,20,-22,G,3,3YsprTJ5JwpNSW0YYRoKvy,"The Very Polish Cut Outs",GBKQU2199413,no
1555,"Bob the Bob Home","The Lounge Lizards",80,3B,14,2026-06-12,03:29,24,"free jazz, avant-garde","Classical, Jazz","Voice Of Chunk",1988-00-00,46,53,24,18,0,10,-19,C♯/D♭,4,4xyEVzpakQCeMR2qC3fsgp,"Strange and Beautiful",USSBM0101208,no
1556,"Aoi Tori (Dai Go Maku)","Sonoko",80,4B,42,2026-06-12,06:50,0,"","","Les Anges, Les Bonheurs",2019-12-16,62,44,12,44,0,10,-13,G#/A♭,4,6lKzIXqtjlfPgOj4GAi3ec,"Stroom",UK6821805687,no
1557,"I Don't Think U C Me (feat. Isaiah Rusk)","Teezo Touchdown, Isaiah Rusk",80,10A,37,2026-06-12,01:43,30,"","","How Do You Sleep At Night?",2023-09-08,61,47,0,46,0,0,-7,B minor,4,2e9A9uV6Nosw1LXGP8jvq9,"Not Fit For Society/RCA Records",USRC12302250,yes
1558,"Voyage Of The Trieste","The Chocolate Watchband",80,12B,40,2026-06-12,03:38,26,"psychedelic rock, garage rock, proto-punk, acid rock","Rock","Inner Mystique",1968-00-00,42,2,62,27,0,10,-13,E,4,2uko61y544ixyWLspWevdT,"Geffen",USUMG0401156,no
1559,"Take Mine","The Motifs",80,5B,44,2026-06-12,02:22,19,"jangle pop","Pop, Rock","I'm the One You Love...",2023-10-18,39,73,6,42,0,10,-13,D#/E♭,4,0T1E0zOQVOUasWZmwsO6wY,"Independent",UKXN22357909,no
1560,"90% of Me Is You","Vanessa Kendrick",80,4A,67,2026-06-12,02:43,11,"","","Florida Funk",2009-01-01,49,45,0,91,0,10,-7,F minor,4,2lhqhVrYUCuZYzQa6zomjU,"Jazzman",GBCTF0600041,no
1561,"I'm Takin' a Stroll (With the One I Adore)","Total Unity",80,8B,55,2026-06-12,04:20,0,"","","The Key to Our Love, Vol. 1",2020-07-14,60,79,1,70,0,60,-14,C,4,2c53ZiLeL5x8ZRLOHqj88x,"Symphonical Records",UKQYQ1800037,no
1562,"Standing here","Novelist, Tony Bontana",80,6A,78,2026-06-12,02:12,6,"grime, uk grime, experimental hip hop","Hip Hop, Electronic","ROSE WATER",2024-02-14,56,43,0,63,10,10,-7,G minor,4,06danbtWYwSUIwN4S19wXD,"MMMYEH RECORDS",QZFZ42434731,yes
1563,"2 Much","Qendresa",80,4A,39,2026-06-12,03:20,65,"alternative r&b","Pop, R&B","2 Much",2024-02-22,75,31,1,53,0,10,-8,F minor,3,4QySScdQnRDZjDaAdpY0AM,"dream city discs",QZDA42410904,no
1564,"Skater","Four Tet",80,10B,70,2026-06-12,04:15,37,"idm, electronica","Electronic","Three",2024-03-15,54,36,95,41,0,10,-9,D,4,2zmpcYAM15byqlySCB64ua,"Text Records",GBXNG2456005,no
1565,"World on a String","Jessica Pratt",80,10B,21,2026-06-12,03:09,0,"ambient folk","Electronic, Folk","World on a String",2024-03-26,46,92,0,49,0,10,-11,D,4,6N5u2Mohbiss12neco5m4c,"City Slang",QMV8L2332503,no
1566,"If That's the Way You Feel","Nazz",80,8B,34,2026-06-12,04:49,17,"power pop, psychedelic rock, garage rock, acid rock, proto-punk, baroque pop","Rock, Classical, Pop","Nazz (Bonus Track Version)",1968-07-01,25,66,0,17,0,10,-9,C,4,0cyAWgsw9Y6GAKEbNL6mY2,"Purple Pyramid Records",QM6XS1807188,no
1567,"40 Waves","Bullion",80,8A,39,2026-06-12,04:37,10,"","","Affection",2024-04-26,33,81,66,7,0,0,-10,A minor,4,0VmwBDW757S156m05Kxn4U,"Ghostly International",US2J72302911,no
1568,"Moving Through Time","Naomie Klaus",80,3B,31,2026-06-12,06:38,0,"tropical music","Latin","Youth Looks so Good on You",2023-12-08,62,93,79,14,0,0,-15,C♯/D♭,4,6lyWvNL1R6Sg78potluj1M,"moli del tro",BE3MG2300502,no
1569,"Prelude for Probably","G.S. Schray",80,3B,31,2026-06-12,03:57,5,"ambient jazz, ambient","Electronic, New Age, Easy Listening, Jazz","Whispered Something Good",2024-06-21,39,57,90,16,0,10,-14,C♯/D♭,4,4jXQl7rtbK9zlCZ5fuLIVI,"Last Resort",UKHUE1800063,no
1570,"De l'Orient à l'Orion","RK Nagati",80,11B,69,2026-06-12,05:03,1,"","","Mobilisation Générale: Protest and Spirit Jazz from France (1970-1976)",2013-12-02,45,36,0,56,0,20,-10,A,4,5uxkOUgSy6vwZZV25AiZ08,"Born Bad Records",FR6V82203408,no
1571,"Heavenly Feeling","Peoples Pleasure, Alive and Well",80,8B,46,2026-06-12,05:22,17,"","","Do You Hear Me Talking to You?",2019-02-01,62,62,62,64,0,20,-14,C,4,12DzhzOS08NQ1EcbjHv4ED,"Athens Of The North",GBRH31200450,no
1572,"Me Vas Cantidad","Silvia",80,9A,59,2026-06-12,02:15,23,"","","Ritmo Fantasía: Balearic Spanish Synth-Pop, Boogie And House (1982-1992)",2021-11-26,80,57,50,78,0,0,-10,E minor,4,1vOxyLd1qyT4XX9PV4tPQL,"Soundway Records Ltd",ES5372100032,no
1573,"Água de Meninos","Gilberto Gil",80,8B,29,2026-06-12,04:31,16,"mpb, bossa nova, forró tradicional, samba","Jazz, Latin","Louvação",1967-01-01,44,83,0,55,0,10,-10,C,4,0FOkBBgP8yKjcHWkaYUDwE,"Gege",BRMCA6700137,no
1574,"Moving Through Time","Naomie Klaus",80,3B,37,2026-06-12,06:14,8,"tropical music","Latin","Youth Looks So Good On You",2024-09-06,61,96,82,13,0,10,-13,C♯/D♭,4,5pITQe2IWaBBE5uLvFtJJe,"moli del tro",BE3MG2300502,no
1575,"It's Not Easy","Ofege",80,10B,66,2026-06-12,04:23,53,"","","Try and Love",1973-05-09,57,41,0,51,0,10,-9,D,4,1AJpZtYHY7MD21Tkcg9wlE,"Now Again Records",USA2P2230896,no
1576,"It's Gonna Be Lonely","Prince",80,10A,34,2026-06-12,05:27,42,"funk rock, funk","R&B, Rock","Prince",1979-10-19,71,41,0,27,0,10,-13,B minor,4,3QwN6nANXiVnexlOMXQNp7,"Warner Records",USWB19903527,no
1577,"World on a String","Jessica Pratt",80,10B,21,2026-06-12,03:09,41,"ambient folk","Electronic, Folk","Here in the Pitch",2024-05-03,46,92,0,49,0,10,-11,D,4,76Cdo2E1HlmlHOHCHKscfy,"City Slang",QMV8L2332503,no
1578,"Be Enough","Acopia",80,9B,43,2026-06-12,04:05,0,"trip hop","Electronic, Hip Hop","Acopia",2023-11-24,70,18,87,31,0,20,-7,G,4,5QG8BsA6PBGJJoMR3jxZHd,"DMO",GBWUL2341252,no
1579,"Any Major Dude Will Tell You","Steely Dan",80,10B,41,2026-06-12,03:07,63,"yacht rock, classic rock","Rock, Pop","Pretzel Logic",1974-02-20,68,83,0,50,0,0,-15,D,4,1u42hFacJ1Bs8H9GX2O8z3,"Geffen",USMC17447198,no
1580,"can't fight the devil","Zack Fox, Diamond Cafe",80,12B,66,2026-06-12,03:29,36,"","","wood tip",2022-12-16,69,41,2,67,0,0,-8,E,4,3ZXOE3r6EP8EqWz40uuyIr,"Alpha Pup",US25X2204151,no
1581,"My Island Home","Warumpi Band",80,9B,36,2026-06-12,04:57,45,"","","Go Bush!",1987-04-03,49,7,0,54,0,0,-16,G,4,3Ymi51lilmxnc9eRnfi32D,"WM Australia",AUFE08700003,no
1582,"Return To Centaurus - Lovefingers Bathhouse Odyssey","Mildlife, Lovefingers",80,8B,49,2026-06-12,14:24,9,"neo-psychedelic","Rock","Mildlife Remixed II",2024-06-11,70,11,32,43,0,30,-9,C,4,4vqMZgGgXMfIAEYhjTGlQB,"Heavenly Recordings",GBPVV2400284,no
1583,"Raindrops In My Eyes","Fatshaudi",80,7B,31,2026-06-12,02:30,24,"happy hardcore","Electronic","Feel It All Around You",2025-04-25,40,35,35,15,0,20,-13,F,4,6JhqSwLdXiLJzMlFewjhHf,"3568829 Records DK2",QZMEQ2578517,no
1584,"Hawaiian Dream","The Beach Boys",80,4B,17,2026-06-12,04:34,11,"baroque pop","Classical, Pop"," Feel Flows  The Sunflower & Surf’s Up Sessions 1969-1971 (Super Deluxe)",2021-08-27,28,75,88,14,0,30,-17,G#/A♭,4,1jDF2FNq0e1kGMX9wZRJ5A,"CAPITOL CATALOG MKT (C92)",USGJP2000083,no
1585,"Come on Down","The Zew",80,6B,27,2026-06-12,01:45,4,"","","1FI1FO",2022-10-28,69,98,66,59,0,0,-10,A#/B♭,4,78YZKiLlxz3LWkjBF2dWyh,"Numavi Records",ATZ682211402,no
1586,"GIRL U SO FINE (ft. Rob Apollo)","HiTech, Rob Apollo",80,11A,62,2026-06-12,02:39,24,"footwork, miami bass, jersey club","Electronic, Hip Hop","HONEYPAQQ Vol. 1",2025-05-23,81,18,1,64,0,10,-10,F#/G♭ minor,4,6HpJIBFi6bO4aQkbhVGWJ7,"Loma Vista Recordings",USC4R2555866,yes
1587,"Love Jaunt","Dawuna",80,12A,33,2026-06-12,03:08,0,"","","Love Jaunt",2025-06-20,84,73,65,46,10,0,-14,C♯/D♭ minor,1,0z8zkVF4Z98vsxVGWg1Af3,"Sun Royalle",USYBL2501354,yes
1588,"Medusa Song","Misha Panfilov",80,9B,58,2026-06-12,03:21,17,"experimental jazz, ambient jazz","Easy Listening, Jazz","The Sea Will Outlive Us All",2022-09-02,18,69,77,55,0,30,-8,G,4,69ayuOLo0EEc1pkG7Yz94l,"Miraaž Records",QZNWU2210861,no
1589,"tears on his rings and chains","Dean Blunt, Elias Rønnenfelt",80,6A,63,2026-06-12,03:18,57,"","","tears on his rings and chains",2025-08-15,62,68,0,19,0,10,-5,G minor,4,7DigNxE6prVBzj4sPJopkT,"WORLD MUSIC",UKQNV2500087,no
1590,"Tell Me What It Is","Tyler, The Creator",80,7B,65,2026-06-12,03:22,62,"","","DON'T TAP THE GLASS",2025-07-21,59,48,0,37,0,0,-7,F,4,4UddKz4WBKn5b9tDB6tq2L,"Columbia",USQX92503641,no
1591,"The Return Journey","Woo",80,10A,56,2026-06-12,03:12,2,"","","Into The Heart Of Love (2023 Remaster)",2024-10-15,62,54,90,68,0,0,-13,B minor,4,2hNniMHfexjL0Jtm880Y0T,"Horus Music Limited",QMBZB2388608,no
1592,"Cats and Dogs","Ned and Kris",80,4A,63,2026-06-12,05:02,13,"indie jazz","Jazz, Pop","Cats and Dogs",2025-08-28,63,77,91,42,0,30,-10,F minor,4,1JhR4I9dL9cJkDZINk5znv,"Once Around Records",UKU932581879,no
1593,"Skylarking","Bitchin Bajas",80,11B,28,2026-06-12,06:40,29,"ambient jazz, space rock, krautrock, drone, ambient","Electronic, New Age, Easy Listening, Jazz, Rock","Inland See",2025-09-26,54,82,10,5,0,10,-13,A,4,2YHZaBPn2bxYk3J8jZ7Smm,"Drag City",US58L2594901,no
1594,"Aoi Tori (Dai Go Maku)","Sonoko",80,4B,42,2026-06-12,06:50,10,"","","Les Anges, Les Bonheurs",2018-01-01,62,44,13,44,0,10,-13,G#/A♭,4,7jVP6aL9zgNc4oNcLVBTyr,"Stroom",UK6821805687,no
1595,"Celtic Ray","Van Morrison, The Chieftains",80,9B,47,2026-06-12,03:41,28,"classic rock, folk, folk rock, mellow gold, rock, singer-songwriter, soft rock, celtic, traditional folk, celtic rock","Folk, Traditional Music, Rock","Irish Heartbeat",1988-06-20,25,46,11,46,0,30,-11,G,3,6h1BQK8lN0UvCFyGaiHobB,"Van Morrison",USQX91501428,no
1596,"Stole","Kelly Rowland",80,6A,72,2026-06-12,04:09,52,"","","Simply Deep",2002-10-22,65,1,0,48,0,10,-5,G minor,4,4CTX9iU2a0Q9vM2T4YMUQL,"Columbia",USSM10211180,no
1597,"Thank You","Dido",80,12A,58,2026-06-12,03:38,82,"","","No Angel",1999-00-00,73,30,0,76,0,0,-10,C♯/D♭ minor,4,3yUcJwYu7fXAfqMj9krY6l,"Sony BMG Music UK",USAR19900870,no
1598,"Hashiru","So-Do",80,11B,63,2026-06-12,05:38,7,"","","Studio Works '83-'85",2025-02-21,76,17,22,96,0,20,-8,A,4,6CiY3q9A7BG1kpcOs6o1cU,"Time Capsule",GX6EZ2500003,no
1599,"Rodent Scavenger","La Rat",80,12A,84,2026-06-12,02:58,11,"","","La Rat",2025-06-09,22,60,0,75,0,30,-8,C♯/D♭ minor,4,1FeiPWqoe7yI50HLnNpCVt,"South of North",NL1PX2500018,no
1600,"PLAY ME","Kim Gordon",80,11B,55,2026-06-12,02:28,37,"noise rock","Rock","PLAY ME",2026-03-10,81,5,28,45,0,10,-6,A,3,3r8jMGukBwtwapk6C8QrA3,"Matador",USMTD2500271,no
1601,"Angie (2015 Remaster)","Bert Jansch",80,5A,22,2026-06-12,03:09,42,"folk, folk rock, traditional folk","Folk, Rock, Traditional Music","Bert Jansch",2015-04-13,48,46,88,40,0,10,-18,C minor,4,5TibxTFccG8VfJvku0FUX1,"Sanctuary Records",GB5KW1599368,no
1602,"World Outside","Dizzee Rascal",79,8B,72,2026-06-12,03:07,16,"grime, uk grime","Electronic, Hip Hop","Maths + English",2007-06-04,43,26,0,7,10,10,-6,C,4,1rIvKvIvPGdaMn5Vbf0iZy,"XL Recordings",GBBKS0700146,no
1603,"Lauralie","Telegraph Avenue",79,11B,50,2026-06-12,04:04,0,"","","Telegraph Avenue",2007-06-21,33,85,0,67,0,0,-8,A,4,7CgZaMMLsjzKLNy9pUJLEI,"Munster",USA560984262,no
1604,"The Wind Cries Mary","Jimi Hendrix",79,6B,49,2026-06-12,03:20,43,"psychedelic rock, classic rock, acid rock, blues rock","Rock, Blues","Are You Experienced",1967-05-12,50,35,1,30,0,20,-11,A#/B♭,4,5ygQD0fcj0vRGx9KUBENtT,"Legacy Recordings",USQX90900771,no
1605,"Umi No Ue Kara","Yasuaki Shimizu",79,8B,32,2026-06-12,08:18,3,"ambient","Electronic, New Age","Kakashi",1982-00-00,66,4,83,58,0,30,-14,C,4,4Ee8z8ySuxdqTTPI868NtU,"Palto Flats",QMBZB1788507,no
1606,"The Whisper in the Shell","Barbara Thompson's Paraphernalia",79,4B,36,2026-06-12,03:32,0,"free jazz","Jazz","Shifting Sands",1998-00-00,36,78,77,16,0,0,-12,G#/A♭,3,1mtWMMwOdJJ7eTwbnP5RHu,"intuition",DEF309800018,no
1607,"Snail's Lament","Trees",79,10B,39,2026-06-12,04:39,0,"folk rock, folk","Folk, Rock","The Garden Of Jane Delawney",1970-01-01,45,42,0,24,0,10,-8,D,4,4i2J2raNdaRn1E8hGsQOWh,"Earth Recordings",GBARL0800951,no
1608,"I Wanna Roll With You","Connan Mockasin",79,1A,29,2026-06-12,05:44,0,"","","Caramel",2013-11-04,54,80,0,50,0,10,-14,G#/A♭ minor,4,2Kg10OEQCGqyw7p5fqstCv,"Phantasy",GBTZZ1300062,no
1609,"Can't You Hear Me Calling","Bobby Wade",79,8B,64,2026-06-12,02:49,20,"northern soul","R&B","Eccentric Soul: The Way Out Label",2014-07-15,56,19,0,60,0,0,-9,C,4,0Af3M1XJXkvsYsC9rBm4Lx,"Numero Group",USCW61405318,no
1610,"Love and Devotion","Jermaine Edwards",79,6B,63,2026-06-12,04:05,38,"christian reggae","Christian, Reggae","Destiny",2012-09-04,59,29,0,80,0,10,-5,A#/B♭,4,5Uq7f1RLZ7OqarkloExcxJ,"island worship",TCABJ1205204,no
1611,"Eternal Life","Shira Small",79,5B,31,2026-06-12,02:24,0,"","","The Line Of Time And The Plane Of Now",1974-01-01,47,71,0,45,0,10,-11,D#/E♭,4,08m5mdXISsItl3ppbIxlrl,"Numero Group",USCW60600807,no
1612,"Ain't No Love","Jennifer Lara",79,11A,59,2026-06-12,02:09,26,"rocksteady, lovers rock","Reggae","Soul Jazz Records presents STUDIO ONE SHOWCASE: The Sound of Studio One in the 1970s",2016-01-22,57,25,0,85,10,20,-10,F#/G♭ minor,4,4ImMW0Zezjc2rAXqWOJ8EM,"Soul Jazz Records",JMA020601965,no
1613,"Skyglow","Misha Panfilov",79,9B,62,2026-06-12,03:12,7,"experimental jazz, ambient jazz","Easy Listening, Jazz","Dr. Juvenal's Solution / Skyglow",2023-04-18,33,34,87,48,0,10,-9,G,4,04kFxy3w0Viek6VcGALPEB,"Funk Night Records",QZHN92366015,no
1614,"Where Are You?","Timm McKenna",79,11B,31,2026-06-12,03:57,4,"","","Folk Funk & Trippy Troubadours Vol 1",2022-09-09,40,79,0,34,0,10,-12,A,4,7IdrxkpERFTY5AQYrDezen,"RE:WARM",UK9AV2200904,no
1615,"The Slang Word P(*)ssy Rolls Off The Tongue With Far Better Ease Than The Proper Word Vagina . Do You Agree?","André 3000",79,12A,4,2026-06-12,13:50,42,"ambient jazz","Easy Listening, Jazz","New Blue Sun",2023-11-17,18,97,92,6,0,20,-24,C♯/D♭ minor,3,53JuszD36WgJTr4Rdq7kjO,"Epic",USSM12305449,no
1616,"That's Amore","Dean Martin",79,6B,16,2026-06-12,03:08,32,"christmas, adult standards, big band, swing music","Easy Listening, Jazz, Pop","Heroes of Music",1989-01-01,43,81,0,57,0,0,-13,A#/B♭,4,1l5PqiUPx3ZTASZay2nD5s,"Parlophone Catalogue",USCA25300027,no
1617,"Selassie is the Chapel","Bob Marley & The Wailers",79,8B,35,2026-06-12,03:32,36,"reggae, roots reggae","Reggae","Selassie is the Chapel",2023-12-08,35,97,0,49,0,10,-11,C,4,6347eqxZEaPQr9Y4hSAgc2,"JAD Records",GBCQV2300255,no
1618,"Over Yonder (Camp Fire Desire)","CV Vision",79,11B,87,2026-06-12,03:36,2,"","","The Beach",2021-11-29,50,0,7,89,0,10,-8,A,4,1P2c6AyAgabGbIHEN1Nk4d,"South of North",NL1PX2100062,no
1619,"So Blue","Four Tet",79,1A,37,2026-06-12,05:29,33,"idm, electronica","Electronic","Three",2024-03-15,46,86,87,14,0,10,-12,G#/A♭ minor,4,0oLurbsZupVj0mUCiWJx2Z,"Text Records",GBXNG2456007,no
1620,"Take It","Donnie & Joe Emerson, Eldon",79,2B,45,2026-06-12,02:39,34,"","","Thoughts in My Mind",1977-01-01,55,89,84,72,0,10,-10,F#/G♭,4,2hrzqrcdPsHxrjEzAOLgWa,"Light In The Attic",USDEA1940002,no
1621,"Alegria Em Movimento","Misha Panfilov",79,2B,69,2026-06-12,07:41,10,"experimental jazz, ambient jazz","Easy Listening, Jazz","Atlântico",2023-11-10,54,37,78,51,0,0,-11,F#/G♭,4,6LzFrazsIFzzqzcFGVJt89,"Miraaž Records",QZTBC2319479,no
1622,"Days Incomplete","Fine",79,11B,36,2026-06-12,03:39,52,"","","Rocky Top Ballads",2024-06-07,30,46,0,8,0,10,-10,A,4,7hzXbAbf3okLa0kpb39tG9,"Escho",FRX202451392,no
1623,"Liquid Sunshine","John Cameron",79,7A,12,2026-06-12,02:59,48,"","","Kpm 1000 Series: Voices in Harmony",1973-01-01,48,95,95,21,0,0,-22,D minor,4,5rXMjn480P9q0aomXjmj0Q,"KPM 1000 LP Series",GBBGL7300171,no
1624,"Midnight Rider","Paul Davidson",79,12B,46,2026-06-12,03:07,8,"","","Midnight Rider",1976-02-09,70,1,0,83,0,10,-12,E,4,0UHUwCTMKKHS26KlBF2zeJ,"Private Stock",QM4TW2484146,no
1625,"It Be's That Way","Curly Myrick",79,3B,46,2026-06-12,04:13,0,"","","Sweet Soul Baby (Rare and Hard to Find Soul 45s), Vol.4",2022-03-03,59,41,0,92,0,10,-14,C♯/D♭,4,1IA4mo0n8HBnuCj7UW3iCG,"LSRA",TCAGC2213759,no
1626,"Act Not Surprised","Jupiter Apple",79,7B,71,2026-06-12,04:48,22,"brazilian rock","Rock","Hisscivilization",2002-10-01,34,1,1,86,0,10,-9,F,3,1d0ccaZaAgde3iAhWD7vBt,"Nolandman",QZDA52131999,no
1627,"Earthquake","Jackie Mittoo",79,3A,64,2026-06-12,03:21,0,"rocksteady, dub, roots reggae, reggae, ska, soul jazz","Electronic, Reggae, Jazz, R&B","In Cold Blood",1978-00-00,70,45,84,62,20,10,-8,A#/B♭ minor,4,4g4LSsLZyyjOyyYH4VkZre,"Gorgon Music / VPAL Music",QM7281543208,no
1628,"To Feel in Love","Lucio Battisti",79,9B,37,2026-06-12,05:06,23,"italian singer-songwriter, singer-songwriter","Folk","Images",1977-00-00,41,29,0,38,0,0,-13,G,4,0Oxx9bl0LK2n1Pn4VTpe0m,"RCA Numero Uno",ITB001800352,no
1629,"Move Up","Sandra Cross",79,7B,27,2026-06-12,04:15,15,"lovers rock, reggae","Reggae","100% Lovers Rock",1994-00-00,82,11,0,53,10,0,-10,F,4,6PVl6kdPYgYhC1bWXFlm4P,"Ariwa Sounds",USA560538343,no
1630,"With You Boy","Davina Stone",79,9B,29,2026-06-12,03:58,5,"lovers rock","Reggae","82 Sessions",2007-03-27,87,1,1,44,20,0,-9,G,4,4OYG5ZOYNwuXWg9nrWqXTR,"Ariwa Sounds",USA560629090,no
1631,"Running/Planning","CMAT",79,1B,74,2026-06-12,04:26,47,"","","Running/Planning",2025-03-25,34,2,0,86,0,10,-5,B,4,65Csu3DczS27ZFv6LCieKl,"CMATBABY",QM4TX2597314,no
1632,"I Don't Need Nobody - 2023 Remaster","Chris Energy",79,8A,90,2026-06-12,05:10,1,"jungle","Electronic","4 Star - Volume 1 (2023 Remaster)",2023-04-28,32,0,90,54,20,10,-8,A minor,4,691u0MOISdoVK9zjg7e2Fm,"Ruff Guidance Records",GBWWA2300016,no
1633,"Dino","Harmonia",79,10B,63,2026-06-12,03:31,14,"krautrock, space rock, ambient","Electronic, New Age, Rock","Musik von Harmonia",1974-01-01,60,2,81,92,0,10,-10,D,1,04AIhdmTTdAoqv1xQyNiKP,"Grönland",GBLAZ1500620,no
1634,"Little Pepper","Mac DeMarco",79,10B,37,2026-06-12,02:39,36,"indie, lo-fi indie","Pop, Rock, Electronic","Some Other Ones",2015-07-08,76,57,90,96,0,0,-11,D,4,3fIE1vGNoCktNyyi4BFi8v,"Captured Tracks",QMMZN1501013,no
1635,"You'll Let Me Know","Labi Siffre",79,8B,35,2026-06-12,03:48,9,"classic uk pop","Pop","Watch Me",2023-06-02,64,68,0,68,0,10,-13,C,4,3wxGdT22AfBNMPkKd04eGU,"Edsel",GB01A0600134,no
1636,"Woman in Love","Maria Anderson",79,1B,53,2026-06-12,02:24,3,"","","Cottage by the Sea Side",2015-07-27,48,80,0,91,0,20,-9,B,4,6QOi8Eu6wAO5QG77Q2ZyC4,"Dub Store Records",JPR221300344,no
1637,"Holding You, Loving You","Don Blackman",79,3A,48,2026-06-12,04:14,39,"post-disco, jazz funk","Jazz, R&B, Pop","Don Blackman",1982-01-01,59,31,0,46,0,10,-13,A#/B♭ minor,4,5Jgj5Yo5deJ2RPlixBm88u,"Arista/Legacy",USAR19901214,no
1638,"Have A Talk With God","Stevie Wonder",79,3B,61,2026-06-12,02:42,52,"motown, classic soul, soul","R&B, Pop, Blues","Songs In The Key Of Life",1976-09-28,63,48,0,69,20,10,-13,C♯/D♭,4,5grvrZh5z2jsPjCOy1d8fP,"UNI/MOTOWN",USUMG0000360,no
1639,"I Fall Apart","Rory Gallagher",79,6A,61,2026-06-12,05:12,57,"blues rock, blues, modern blues, classic blues","Blues, Rock","Rory Gallagher (Remastered 2017)",1971-05-23,36,11,0,66,10,10,-13,G minor,4,4MqFHxNM8uM7UEW4t56nzU,"UMC (Universal Music Catalogue)",GBUM71800002,no
1640,"Spies","Reflex Action",79,8A,62,2026-06-12,04:04,0,"","","Belfast",2014-12-12,45,0,0,79,0,0,-10,A minor,4,6NSKvBJUyQYXu2bt4JxnsJ,"Shock Rock Records",IEFJB1400839,no
1641,"Time Is A Healer","Insecure Men",79,8B,32,2026-06-12,04:53,9,"","","Time Is A Healer",2025-10-07,63,23,25,30,0,20,-13,C,3,5lyx5amxwgufS3605l4uz1,"Fat Possum",QMDA72515972,no
1642,"Alone In The Town","Akira Yamaoka",79,11A,49,2026-06-12,02:19,51,"japanese vgm","Electronic","SILENT HILL2 （Original Soundtrack）",2001-10-03,53,78,97,22,0,10,-12,F#/G♭ minor,4,49AOg6cq6XRdYzP1JOPXm0,"Konami Digital Entertainment Co.,Ltd.",JPKI00150510,no
1643,"Last Summer Whisper","Anri",79,12B,49,2026-06-12,04:59,65,"city pop, j-pop, kayōkyoku","Pop","Heaven Beach",1982-11-21,73,22,0,61,0,0,-9,E,4,38LUbz74v3nmP8x0efElw2,"FOR LIFE MUSIC ENTERTAINMENT,INC.",JPFL08210190,no
1644,"Fall in a River","Badly Drawn Boy",79,9B,73,2026-06-12,02:17,28,"britpop","Pop, Rock","The Hour of Bewilderbeast",1999-09-06,50,80,62,69,10,20,-9,G,4,2HwFwesNWol9dXZ9WqyIYI,"XL Recordings",GBBKS0000505,no
1645,"The Trees and I","Sternpost",79,11B,44,2026-06-12,03:03,15,"baroque pop","Classical, Pop","unworld.afterpop",2026-01-23,54,67,16,44,0,30,-13,A,4,1ZuGeC13MhKviaWTiaAnJY,"Concentric Circles",USA2Z2600002,no
1646,"Gomni - with Ry Cooder","Ali Farka Touré, Ry Cooder",79,4B,39,2026-06-12,07:00,43,"gnawa, blues, country blues, americana, country rock, roots rock","Country, Folk, Blues, Rock, Traditional Music","Talking Timbuktu (with Ry Cooder)",1994-03-28,40,48,21,70,0,0,-18,G#/A♭,4,1Rh5IPkuSCl17yPs9UiTtt,"World Circuit",GBBGU0640003,no
1647,"No One To Talk My Troubles To","The Do's And The Don'ts",79,12B,62,2026-06-12,03:21,14,"","","No One To Talk My Troubles To",1973-01-01,28,71,81,34,0,0,-6,E,4,4q7FJI1h7j9w5EKbLWDuwJ,"Numero Group",USCW62010602,no
1648,"Wrong Space, Wrong Time","Jeff Phelps",78,4B,29,2026-06-12,04:12,21,"","","Magnetic Eyes",1985-01-01,66,66,2,54,0,10,-12,G#/A♭,4,7swhUOgc0vanwS6v30t7OD,"Numero Group",DEAG21073304,no
1649,"Get Bigger / Do U Luv","NxWorries, Anderson .Paak, Knxwledge",78,3A,77,2026-06-12,04:03,45,"","","Yes Lawd!",2016-10-21,46,24,0,81,30,20,-7,A#/B♭ minor,4,08VNThwlDByBAaZUNZj1aS,"Stones Throw Records",US2S71670009,yes
1650,"I Don’t Need No Doctor","The Village Callers",78,10A,88,2026-06-12,04:56,21,"","","Live",1968-00-00,48,8,0,75,10,60,-4,B minor,4,18Ovvxx2m7X7FXSDyPN11Q,"Rampart Records",US4DR0700080,no
1651,"Moonlight Lover","Ranking Ann",78,3B,24,2026-06-12,04:04,16,"dub, lovers rock, roots reggae","Electronic, Reggae","A Slice Of English Toast",1982-00-00,74,28,8,35,0,10,-15,C♯/D♭,4,7qgwy15M40c7LGd0e2lzcm,"Ariwa Sounds",USA560538138,no
1652,"Ooo Baby Baby (with Smokey Robinson) - Live","Aretha Franklin, Smokey Robinson",78,7B,23,2026-06-12,02:15,26,"soul, motown, classic soul, quiet storm","R&B, Pop, Blues","ARETHA",2021-07-30,44,92,0,34,0,10,-12,F,4,2U8W8FtIhIHjIMQZ3jfyPb,"Rhino Atlantic",USRH12002424,no
1653,"I'm So Tired","Fugazi",78,2B,13,2026-06-12,01:58,63,"post-hardcore, punk, noise rock, hardcore punk","Rock","Instrument Soundtrack",1999-04-01,33,89,1,17,0,10,-15,F#/G♭,4,6JgHKt0WwdwlXIht6M0mqa,"Dischord Records",US35U0412012,no
1654,"Sekoilu seestyy - The Madness Subsides","Pekka Pohjola",78,6A,19,2026-06-12,04:17,26,"progressive rock, jazz fusion, finnish rock","Rock, Electronic, Jazz","Harakka Bialoipokku",1974-01-01,51,91,79,15,0,0,-18,G minor,4,6GiFcHzZtT7NB7ZPk4ZmEd,"Siboney Oy",FISBA7400319,no
1655,"Some People Are Crazy","John Martyn",78,7B,30,2026-06-12,04:19,31,"folk rock, folk","Folk, Rock","Grace & Danger",1980-01-01,63,65,1,40,0,0,-18,F,4,6qZvAC31b2EEM6GlvnsNQ2,"Universal-Island Records Ltd.",GBAAN8000002,no
1656,"Carefully","Voice Actor, Joseph.",78,9B,50,2026-06-12,02:32,0,"spoken word, musique concrète, experimental","Classical, Electronic, Rock, Easy Listening","Sent From My Telephone",2022-10-05,45,86,0,65,0,10,-15,G,4,09JSsDztGIy37dye5eqzb3,"Stroom",BEIX82200262,no
1657,"No Decent Shoes For Rain","Dry Cleaning",78,7A,57,2026-06-12,05:57,10,"post-punk","Rock","No Decent Shoes For Rain",2022-10-11,58,2,43,22,0,10,-8,D minor,4,63muChZgtROOEDZFAQLLyb,"4AD",GBAFL2200081,yes
1658,"Gånglåt efter Bleckå Anders","Merit Hemmingson",78,7A,37,2026-06-12,02:18,15,"","","Huvva! Svensk folkmusik på beat",1971-00-00,29,35,87,7,0,10,-10,D minor,4,49eNPfYJun5xcK2cGyYCzx,"Parlophone Sweden",SEAMA1200194,no
1659,"I Gotta Dance To Keep From Crying","The Miracles",78,10A,70,2026-06-12,02:38,19,"motown, doo-wop, classic soul","R&B, Pop","Doin' Mickey's Monkey",1963-01-01,53,58,0,73,0,10,-12,B minor,4,19Pj53IPq820yWmc3HTRqF,"UNI/MOTOWN",USMO16300276,no
1660,"Needle In A Haystack","The Velvelettes",78,8B,76,2026-06-12,02:29,51,"northern soul, motown, classic soul, soul","R&B, Pop, Blues","The Very Best Of The Velvelettes",1999-01-01,70,56,0,74,0,10,-4,C,4,26fSgIa539TCK3KV76chHU,"Motown",USMO16400470,no
1661,"PROPHECIES/MORNING BLUE","Front Page Review",78,6A,65,2026-06-12,03:51,2,"psychedelic rock, acid rock","Rock","Mystic Soldiers",1997-00-00,15,19,10,40,0,30,-8,G minor,4,5UmoF3ZG8fUZ1ckn031I04,"Iris Music Group",USA370655303,no
1662,"Who Has The Time","Con Funk Shun",78,8A,41,2026-06-12,04:48,25,"funk, quiet storm, post-disco","R&B, Pop","Secrets",1977-01-01,63,31,0,75,0,0,-15,A minor,4,1pPrueutxAs0c4kNRUjvM5,"Island Mercury",USPR37709130,no
1663,"Drivin Slo'","Novelist, JiKay",78,4A,40,2026-06-12,03:24,3,"grime, uk grime, edm trap","Electronic, Hip Hop","4 Me",2022-12-09,76,1,0,15,10,10,-9,F minor,4,42N9IM6seGOEfg9aWVifv5,"MMMYEH RECORDS",UKXN22288825,yes
1664,"I Feel the Same","Esther Phillips",78,3A,50,2026-06-12,08:26,18,"northern soul","R&B","The Essential Esther Phillips - The KUDU Years",2018-08-24,67,12,0,58,0,10,-9,A#/B♭ minor,4,3Koa2sy6XBdNgfVkB8n1uC,"Legacy Recordings",USSM11103663,no
1665,"Boat People","Sunstroke",78,4B,9,2026-06-12,06:02,2,"","","Nothing's Wrong in Paradise",2021-11-05,43,94,32,16,0,10,-17,G#/A♭,4,6O4MnY7WyVXjUcKtNFSl3Z,"Libreville Records",QMDA62169888,no
1666,"Heliconia Patch","B. C. Slumber",78,10B,12,2026-06-12,06:34,2,"lo-fi house","Electronic","Patch",2022-11-06,21,97,94,3,0,10,-18,D,4,5p1wJB0lY7j5UuC4BXO8Le,"UU Tapes",QZRP52257897,no
1667,"Falls On Me","Sylvie",78,12A,35,2026-06-12,04:59,32,"","","Sylvie",2022-10-14,58,89,5,43,0,0,-9,C♯/D♭ minor,4,7IwE0kgIos9582VIuXPQtu,"Full Time Hobby",QMBZ92193397,no
1668,"Timothy Gone","Margo Guryan",78,6B,56,2026-06-12,01:50,0,"baroque pop","Classical, Pop","Take A Picture",1968-00-00,67,81,1,70,0,10,-10,A#/B♭,4,40pDXEbRiprCzgXLtDlLB7,"Oglio Entertainment",USOEG0080814,no
1669,"Have No Fear","Sugar Minott",78,9B,57,2026-06-12,02:44,9,"lovers rock, roots reggae, reggae, rocksteady, dub, ragga","Electronic, Reggae, Hip Hop","Soul Jazz Records presents STUDIO ONE SHOWCASE: The Sound of Studio One in the 1970s",2016-01-22,73,15,0,81,10,30,-9,G,4,0hD8hYAjDi2tmlEcrN4w4z,"Soul Jazz Records",JMA020601956,no
1670,"Classic Water","North Americans",78,7B,24,2026-06-12,04:06,0,"ambient folk, ambient","Electronic, New Age, Folk","Classic Water",2023-02-03,28,79,86,31,0,10,-18,F,4,4sdMxRr2pRhdfD6rGFhf2j,"Third Man Records",US3JJ2200874,no
1671,"Female Star","Felt",78,8B,18,2026-06-12,02:07,5,"jangle pop, post-punk","Pop, Rock","Bubblegum Perfume",1990-01-01,46,58,35,39,0,10,-12,C,4,26Y4hipJdTngk93lqoL7Se,"Cherry Red Records",GBBLY1101269,no
1672,"Cry Of My People","Garnet Silk",78,11B,75,2026-06-12,03:53,10,"lovers rock, reggae, roots reggae, ragga, dancehall","Reggae, Hip Hop","Lord Watch Over Our Shoulders",1995-03-01,73,6,0,96,20,10,-7,A,4,2W9pywjzfO3ngBJjRxSBHk,"Greensleeves Records",GBBZV9505064,no
1673,"The One for Me","Simplicity",78,3B,57,2026-06-12,02:49,3,"lovers rock","Reggae","Waiting: The Album",2019-06-15,69,0,2,74,10,0,-11,C♯/D♭,4,2vzGfLLByiA9DCoDalalcr,"Simplicity",ushm21935752,no
1674,"How It Make You Feel","Jill Scott",78,12A,52,2026-06-12,04:32,8,"neo soul, quiet storm","R&B","The Real Thing: Words And Sounds, Vol. 3 (Deluxe Special Edition)",2007-09-25,55,48,0,33,30,50,-8,C♯/D♭ minor,4,3fiXr3eScGKg2CqKGp83dc,"Hidden Beach Records, LLC",USHBR0710098,no
1675,"My Thing","Deborahe Glasgow",78,10B,39,2026-06-12,03:59,11,"lovers rock, reggae, ragga, dancehall","Reggae, Hip Hop","Early Lovers Rock",2021-06-25,73,3,0,63,0,30,-10,D,4,3sTNPu5NBuHBUML0T3r3fv,"Ariwa Sounds Ltd",QM6P42153801,no
1676,"Sad Song - Remastered","Autumn",78,11B,38,2026-06-12,03:12,1,"baroque pop","Classical, Pop","Comes Autumn",1971-00-00,55,39,0,52,0,10,-11,A,4,41VlwS9aGpnUWXh9S9M4AP,"Aztec Music",AU3O01101116,no
1677,"Can't Get Enough Of You","Gene McDaniels",78,7B,30,2026-06-12,05:27,2,"doo-wop, northern soul","Pop, R&B","Gene McDaniels Natural Juices",2011-08-03,30,86,12,21,0,10,-15,F,4,0hnXXHxuTe8qNV8v8g21YR,"Ode Records",USA371400764,no
1678,"Do What Your Doin'","The Rising Sun",78,8B,37,2026-06-12,03:47,37,"","","Do What You're Doin' b/w One Night Affair",1971-01-01,75,15,0,73,0,0,-10,C,4,3sKYJAcqyflCt9sLkeHvIF,"Numero Group",USCW60701708,no
1679,"Whispering Grass","Sandy Denny",78,9B,22,2026-06-12,03:59,13,"folk rock, folk","Folk, Rock","The Collection",2004-01-01,54,84,2,24,0,30,-12,G,4,3VstO8kDAkVqI3maKNIwSG,"Spectrum",GBAAN7300112,no
1680,"Classic Water","North Americans",78,7B,24,2026-06-12,04:06,0,"ambient folk, ambient","Electronic, New Age, Folk","Long Cool World",2023-04-07,28,79,86,31,0,10,-18,F,4,5ssUh7AkegCho1jtCOqiXf,"Third Man Records",US3JJ2200874,no
1681,"Easy To Love","Smokey Robinson",78,7A,38,2026-06-12,04:30,24,"motown, quiet storm, classic soul","R&B, Pop","Intimate",1999-01-01,61,57,0,40,0,20,-10,D minor,4,4nzPtFSVXoAg5RHJRXB805,"Motown",USMO19900004,no
1682,"A Go Go","Dara Puspita",78,1B,86,2026-06-12,02:11,14,"indonesian rock, pop kreatif, indonesian jazz, indorock","Jazz, Rock, Pop","Burung Kaka Tua",2022-10-17,54,8,0,97,0,40,-4,B,4,2RSHAaMAylxMlJzwTzZWCv,"E. N Digital",ES5832200379,no
1683,"Coco In Central Park","Manu Dibango",78,9A,33,2026-06-12,06:35,5,"afrobeat, afropop","R&B, Traditional Music, Pop","African Woodoo",2008-00-00,51,42,25,43,0,20,-11,E minor,4,1GJCf9TD36idNcOrEhpLno,"Frémeaux & associés",FRX190802128,no
1684,"Sugar Water","Cibo Matto",78,9B,41,2026-06-12,04:29,57,"shibuya-kei, trip hop, art pop","Pop, Electronic, Hip Hop","Viva! La Woman",1996-00-00,71,0,2,38,20,20,-11,G,4,2mQnPuVeoJXwS8p9J4JUIb,"Rhino/Warner Records",USWB19500082,no
1685,"Daytime's For Sleeping","Rob Galbraith",78,6B,31,2026-06-12,02:42,44,"yacht rock","Pop, Rock","Damn It All",2016-01-25,71,95,43,31,0,10,-12,A#/B♭,4,7KqvcVjx0cCDIweJCdQFjI,"Numero Group",USCW61504605,no
1686,"Earth, Moon and Stars - Original Mix","The Starseeds",78,5B,59,2026-06-12,05:19,0,"trip hop, downtempo","Electronic, Hip Hop","Parallel Life",1997-07-01,60,77,91,10,0,0,-13,D#/E♭,4,1zXf5AoE9rwQR89BY7GvoN,"Millennium Records Ltd.",GBBYB0000148,no
1687,"Good Morning","Joyce Wrice, Jamma-Dee",78,1B,76,2026-06-12,03:28,28,"alternative r&b","Pop, R&B","Good Morning",2017-05-16,61,1,0,75,0,20,-10,B,4,5U72lXbXuesY17sHjRD7PF,"Akashik Records & Tapes",QM24S1701305,no
1688,"Breaking Dawn","Atlantis Jazz Ensemble",78,5A,47,2026-06-12,06:20,12,"","","Celestial Suite",2023-10-27,43,82,77,47,0,20,-9,C minor,4,3NzcwfBTNOxbIRLhYAxTer,"Marlow Records",USMH92384078,no
1689,"Some People Are Crazy","John Martyn",78,7B,44,2026-06-12,04:19,11,"folk rock, folk","Folk, Rock","Grace & Danger",2007-01-01,63,60,0,41,0,0,-12,F,4,2c8QFbWkizOAiDFmn64ZaG,"UMC (Universal Music Catalogue)",GBAAN8000002,no
1690,"Diamond Jubilee","Cindy Lee",78,2B,45,2026-06-12,05:22,0,"","","Diamond Jubilee",2024-03-29,62,61,92,28,0,0,-12,F#/G♭,4,0tFgLlCLvgFI2Ax4n5F9oC,"Cindy Lee",TCAJE2510504,yes
1691,"This Must Be Paradise","Don Julian & The Meadowlarks",78,7B,15,2026-06-12,02:43,0,"doo-wop","Pop, R&B","I Am A Believer",2013-00-00,41,94,0,44,0,10,-10,F,3,7qOg3KVZVn3rm96aLH4wb4,"Diamond Days",UK4YS1377764,no
1692,"The Hunter","Clannad",78,11A,36,2026-06-12,04:55,18,"celtic, new age, celtic rock","Folk, Traditional Music, Rock, New Age","Pastpresent",1989-04-10,54,45,10,44,0,0,-18,F#/G♭ minor,4,18DU0igJaZwtZMFIExmqn1,"BMG Rights Management (UK) Ltd.",GBARL8900063,no
1693,"He’s So Frisky","Dolly Mixture",78,12A,79,2026-06-12,01:43,18,"jangle pop, riot grrrl, queercore","Pop, Rock","Demonstration Tapes",1983-00-00,34,7,0,57,10,20,-7,C♯/D♭ minor,4,1xsJT8W0bVCGRVhftgxJPY,"Spa Green",GBC6E1020003,no
1694,"My Thing","Deborah Glasgow, Mad Professor",78,10A,51,2026-06-12,04:03,24,"lovers rock, dub, reggae, roots reggae, electrocumbia","Electronic, Reggae, Latin","Ariwa Sounds: The Early Sessions",2023-09-01,74,3,0,63,0,10,-7,B minor,4,55bg8TuWoGJUQbJ5BrVLjt,"Melodies International",UK9AV2301574,no
1695,"Stevie","Saint Etienne",78,2A,11,2026-06-12,03:05,4,"madchester, britpop, alternative dance","Electronic, Pop, Rock","Caroline Now! The Songs of Brian Wilson and the Beach Boys",2005-12-15,29,95,70,15,0,10,-14,D#/E♭ minor,3,4KBrEHFayxBs0qUzR0z7Es,"Marina Records",DEH620005012,no
1696,"Caroline, No","The Beach Boys",78,3A,38,2026-06-12,02:51,49,"baroque pop","Classical, Pop","Pet Sounds",1966-05-16,38,76,0,55,0,10,-11,A#/B♭ minor,4,78OmsgtUu4qsSvo6I7J2SN,"Capitol Records",USCA29600660,no
1697,"Moon Is Full, Fog Is Thick","Jas Stade",78,10B,16,2026-06-12,04:09,5,"","","Smoke & Mirrors",2025-06-13,15,81,84,10,0,10,-18,D,4,5nTQ7e6zzzlxs958CgmZ45,"1732473 Records DK2",QZNWU2553699,no
1698,"Buenas vibraciones - 2016 Remaster","Los Javaloyas",78,11B,52,2026-06-12,03:15,7,"","","Todas sus grabaciones en La Voz de su Amo, Vol.2 (1964-1974)",2016-10-28,23,73,1,19,0,20,-6,A,4,3nXD4KbzeaUxE7JmMVPZ0I,"WM Spain",ES5151602196,no
1699,"Outta Space","Jimi Tenor",78,7B,57,2026-06-12,06:24,28,"","","Intervision",1997-03-10,65,59,44,70,0,10,-12,F,4,7pPI5WphTXoqdKVocZDG38,"Warp Records",GBBPW9700002,no
1700,"Hey, Hey, What Can I Do - Remaster","Led Zeppelin",78,3B,86,2026-06-12,03:56,72,"classic rock, rock, hard rock, rock and roll","Rock","Coda (Deluxe Edition)",1982-11-19,47,17,0,53,0,0,-10,C♯/D♭,4,16VhHtoaOjTU4AJBNSBNQ1,"Atlantic Records",USAT21500098,no
1701,"Tō e la'ā e Kavaka","SANGUINE",78,11A,67,2026-06-12,04:30,17,"free jazz","Jazz","Paraíso",2026-04-15,55,3,67,60,0,10,-8,F#/G♭ minor,4,1Sxm7kCBCJ1Hs3ThbTTnuk,"Noa Records",NZRI12600416,no
1702,"Bella By Barlight","John Lurie",77,4B,0,2026-06-12,03:21,16,"experimental jazz","Jazz","Stranger Than Paradise - Plus The Resurrection Of Albert Ayler",2006-05-30,15,21,48,20,0,10,-37,G#/A♭,4,5ykaJqN7QmZluPy1FITgSd,"Strange and Beautiful",USSBM0101001,no
1703,"Mornin' Lights","Imagination",77,3B,75,2026-06-12,05:10,17,"","","Shake It",1980-07-17,62,4,0,78,0,10,-9,C♯/D♭,4,5aopPwatZeTLraGZBoBrPL,"The Artless Cuckoo",DEFU32030041,no
1704,"Wanna Get To Know You","G-Unit, Joe",77,3A,83,2026-06-12,04:25,66,"old school hip hop, gangster rap, r&b, quiet storm","Hip Hop, R&B","Beg For Mercy",2003-01-01,51,11,0,89,10,0,-4,A#/B♭ minor,1,1dHJETCn2X1R1YwVlMvSza,"G-Unit Records",USIR10312429,yes
1705,"She's Gone","Daryl Hall & John Oates",77,12B,34,2026-06-12,05:13,0,"yacht rock, soft rock","Rock, Pop","It's a Heartache - Classic 70s",2022-04-08,52,31,0,35,0,60,-14,E,4,25PFT0BWWC6JnsPuhmyz7f,"Warner Music Group - X5 Music Group",USAT20614606,no
1706,"I Feel Like Loving You Today","Donald Byrd",77,7A,73,2026-06-12,06:55,40,"hard bop, jazz funk, jazz, soul jazz, jazz fusion, acid jazz, bebop","Jazz, R&B, Electronic, Rock","Love Has Come Around - Finest Moments",2019-03-01,58,36,5,79,0,60,-7,D minor,4,7jszRQdF8gDMAxn7f8ga4A,"Warner Music Group - X5 Music Group",USEE10609294,no
1707,"She's Gone","Daryl Hall & John Oates",77,12B,34,2026-06-12,05:13,0,"yacht rock, soft rock","Rock, Pop","Landslide - 70's Ballads",2022-04-29,52,31,0,35,0,60,-14,E,4,74gulPUjXglDvljJjezSUo,"Warner Music Group - X5 Music Group",USAT20614606,no
1708,"I Remember (We Would Change the World)","Michael James",77,11B,40,2026-06-12,03:52,3,"acid rock, space rock","Rock","Runaway World",1978-12-12,27,29,0,7,0,10,-10,A,4,6cJBhuqz921xumgVTVKRWp,"Universal Digital Enterprises",DEUE21835858,no
1709,"Ball","Duval Timothy",77,1B,9,2026-06-12,04:17,32,"ambient jazz","Easy Listening, Jazz","Sen Am",2017-10-27,60,97,60,12,0,10,-17,B,4,47vPXvOFRn4XSIzYem5JPe,"Carrying Colour",QZ8LD1756993,no
1710,"Sink To Dusk","Patrick Holland",77,12A,24,2026-06-12,02:26,4,"lo-fi house, jazz house","Electronic, Jazz","You're The Boss",2022-07-29,12,90,38,4,0,0,-11,C♯/D♭ minor,3,6Iz1bj3lKUM68TLPH2liDf,"Sinderlyn",QM8QH2000796,no
1711,"Gwapo ko Galing Sa'Yo","Eyedress",77,12B,39,2026-06-12,03:54,0,"","","Gwapo ko Galing Sa'Yo",2018-04-08,42,87,91,43,0,30,-13,E,4,04vPmU01EpEf4jnYXQqbH8,"Offshore Music",FR2X41816698,no
1712,"She's Gone","Daryl Hall & John Oates",77,12B,34,2026-06-12,05:13,71,"yacht rock, soft rock","Rock, Pop","Abandoned Luncheonette",1973-01-01,52,31,0,36,0,60,-14,E,4,5dFoWIiJ2814hRwMYDcFiU,"Rhino Atlantic",USAT20614606,no
1713,"Ondes","Stella Vander",77,9A,7,2026-06-12,03:50,3,"","","Le Coeur Allant Vers",2006-04-11,14,98,86,3,0,10,-21,E minor,5,5oNFE0UEaGYSlcYjxpSlsl,"Ex-tension",FR6V80405293,no
1714,"Right Through the Heart","Byrne & Barnes",77,9A,49,2026-06-12,04:01,19,"yacht rock, aor","Rock, Pop","An Eye for an Eye",1981-00-00,71,64,0,95,0,30,-11,E minor,4,0Ii2hosMSZGnH3pBfZD2xn,"Favorite",US7Z28100014,no
1715,"Blue Hotel Room","Joni Mitchell Tribute by Strings Attached",77,7B,20,2026-06-12,04:38,2,"","","Strings Attached Plays Joni Mitchell",2012-12-20,56,77,0,32,0,0,-12,F,4,1OpzCsETUDNjY4noJRjAtP,"Strings Attached Music",GB-SMU-12-67288,no
1716,"Naranjita","Manduka",77,9A,6,2026-06-12,05:11,0,"","","Manduka",1972-00-00,41,94,56,12,0,10,-23,E minor,4,1VMtxw7f4dgGE8RxPdOaVJ,"Arci Music",FRX201646079,no
1717,"Ode to Bill-Joe Tucker","Ed & Pat Gibson",77,2B,25,2026-06-12,04:22,6,"","","America Dream Reserve (Compiled by Charles Bals and Smiling C)",2022-10-14,57,72,7,17,0,10,-14,F#/G♭,4,5TQA2QtcCBAmP5an5Lh00I,"Smiling C",NLM971900482,no
1718,"Now is the Time","Norma Tanega",77,10B,70,2026-06-12,03:56,0,"southern gothic","Folk, Rock","I Don't Think It Will Hurt If You Smile",1971-01-01,48,0,0,80,0,10,-8,D,4,1m95zdNrgHKqirLDc3UMut,"Fly Records",GBBWX1900002,no
1719,"Pretty In Plums","Shida Shahabi",77,1A,26,2026-06-12,04:40,12,"neoclassical","Classical","Homes",2018-10-19,56,92,87,50,0,10,-25,G#/A♭ minor,4,74QxAYzKHM9hNtTvmKnHt0,"130701",GBDCA1803416,no
1720,"So Real","Jeff Buckley",77,9A,63,2026-06-12,04:43,69,"","","Grace",1994-00-00,47,1,0,33,0,0,-5,E minor,4,6PBzdsMi6YNdYAevzozBRi,"Columbia/Legacy",USSM19400143,no
1721,"North East Trade Winds","Elektro Robotic Dub Orchestra",77,9A,33,2026-06-12,03:21,2,"dub, lovers rock","Electronic, Reggae","Strictly Automatic",1984-00-00,73,11,43,82,0,30,-16,E minor,4,5WSI1FceCITCtkvYdvDLRr,"Ariwa Sounds",USA370660095,no
1722,"Cantar das Kandakinhas","Pedro Ricardo",77,10A,38,2026-06-12,02:05,38,"","","Soprem Bons Ventos",2023-02-17,72,73,75,55,0,10,-14,B minor,4,2wmls4AG00GFwZCk62yTKg,"Soundway Records Ltd",GBUQH2200043,no
1723,"Cocain","John Martyn",77,7B,26,2026-06-12,02:54,40,"folk rock, folk","Folk, Rock","London Conversation",1967-00-00,60,90,0,54,0,10,-12,F,4,1NB3lExUgq1rzDCr0nynUE,"Universal-Island Records Ltd.",GBAAN6700027,no
1724,"Love On A Two Way Street","Grant Green",77,10B,46,2026-06-12,04:47,28,"hard bop, jazz, jazz funk, soul jazz, bebop, jazz ballads, cool jazz","Jazz, Easy Listening, R&B","Visions",1971-05-21,59,84,77,50,0,10,-13,D,4,2NF1nbpz15lOjKKLm9jMb0,"CM BLUE NOTE (A92)",USBN20400771,no
1725,"Help Me - Live 1983","Joni Mitchell",77,8B,83,2026-06-12,04:24,0,"folk, folk rock, singer-songwriter","Folk, Rock","Walkabout (Live 1983)",2023-09-15,47,42,0,54,0,90,-9,C,4,5JOntut0EzBqYynbLtlfgA,"Firefly",GX5MX2341650,no
1726,"hurtboy error","Isaiah Hull, aloisius",77,7B,69,2026-06-12,02:48,2,"","","hurtboy error",2023-08-27,52,74,0,51,20,20,-5,F,4,3ZQ1mt65y9OGATD7yZG1sH,"life is beautiful records",QZTAT2310856,yes
1727,"Flying Theme (From  E.T. the Extra-Terrestrial )","John Williams, London Symphony Orchestra",77,8B,18,2026-06-12,03:40,38,"soundtrack, score, classical, orchestral, ballet, opera","Classical, Easy Listening","The Hollywood Sound",1997-01-17,19,77,78,7,0,10,-20,C,3,64qrAu1kvvu1uLuI8TP5XU,"Sony Classical",USSM19603560,no
1728,"Now is the Time","Norma Tanega",77,10B,70,2026-06-12,03:56,29,"southern gothic","Folk, Rock","I Don't Think It Will Hurt If You Smile",1971-01-01,48,0,0,80,0,10,-8,D,4,124Ufpwu2knrSTW4b5Wyhi,"Fly Records",GBBWX1900002,no
1729,"Baby","Cosmetics",77,9B,30,2026-06-12,01:25,11,"cold wave, electroclash, darkwave","Electronic, Rock","Baby",2023-10-10,36,39,20,5,20,20,-16,G,3,127QbYyOqNVZqlcKFW6EBm,"Cititrax",QMDA62370630,no
1730,"Life We Live (feat. Namond Lumpkin & Edgar Fletcher)","Project Pat, Namond Lumpkin, Edgar Fletcher",77,3B,63,2026-06-12,04:14,69,"southern hip hop, crunk, gangster rap","Hip Hop","Mista Don't Play: Everythangs Workin",2001-02-27,88,1,0,24,10,10,-6,C♯/D♭,4,3A4S0o95OxSgRbqEnEMsn4,"Columbia/Legacy",USLR50000930,yes
1731,"Himno de Andalucía","Amigos De Gines",77,7B,42,2026-06-12,03:02,7,"flamenco, villancicos","Folk, Traditional Music","Poetas para el Cante (Miguel Hernández, Rafael Alberti, Blas Infante, Rafael de León)",1992-11-24,46,26,0,55,0,10,-11,F,4,6lqgPzapNhdxpGDV2OvOd0,"WM Spain",ES5087805503,no
1732,"Wanna Be Your Man","Prophet",77,10B,54,2026-06-12,03:52,29,"","","Wanna Be Your Man",2018-05-11,56,60,11,95,0,10,-7,D,4,3J9afj7iy1ZF9TFarTFe7F,"Stones Throw Records",US2S71785002,no
1733,"Tree Green","John Martyn, Beverley Martyn",77,7B,19,2026-06-12,03:12,4,"folk rock, folk","Folk, Rock","The Island Years",2013-01-01,36,90,0,25,0,10,-17,F,4,75q1aQoYmFXEiFRCH18tz6,"UMC (Universal Music Catalogue)",GBAAN7000105,no
1734,"All of a Sudden","Laraaji",77,8A,36,2026-06-12,08:32,29,"ambient, new age, drone","Electronic, New Age","Vision Songs, Vol.1",2018-01-19,52,93,26,38,0,10,-18,A minor,4,5ceVogsb0Ybkh9ars0s8y5,"Numero Group",USCW61807909,no
1735,"Dreamer","Dennis Wilson",77,3A,40,2026-06-12,04:22,33,"","","Pacific Ocean Blue & Bambu - 2 CD Deluxe Legacy Edition",1977-00-00,56,7,0,45,0,10,-15,A#/B♭ minor,4,54WlKznadriUurqSZOoDZ2,"Epic",USSM17701170,no
1736,"Silly Wasn't I","Cilla Black",77,9B,56,2026-06-12,02:12,1,"","","Cilla Sings a Rainbow / Day By Day with Cilla",2020-06-26,65,79,5,61,10,10,-10,G,4,08hjH7QkNKT4Q1nFXnYLYY,"Warner Music Group - X5 Music Group",GBAYE7200342,no
1737,"A Sleeping Planet","The Cosmic Tones Research Trio, Roman Norfleet, Harlan Silverman, Kennedy Verrett",77,5B,13,2026-06-12,02:28,15,"ambient jazz","Easy Listening, Jazz","All is Sound",2024-11-01,36,98,89,33,0,10,-14,D#/E♭,4,5jLQFBAtCeSPdtJ6TF7If0,"Mississippi Records",QZSQG2400902,no
1738,"Alzando el trofeo","Titanic, I la Católica, Mabe Fratti",77,12B,66,2026-06-12,03:29,19,"art rock, art pop, experimental jazz, experimental, baroque pop, electroacoustic, latin folk, ambient jazz","Easy Listening, Jazz, Pop, Rock, Classical, Electronic, Folk, Latin","HAGEN",2025-09-05,33,32,87,30,0,30,-8,E,4,2LyxdPhgZn7rtOo3Ol1pgd,"Unheard Of Hope",GBVNV2500093,no
1739,"True, Fine Mama","Little Richard",77,9B,65,2026-06-12,02:40,39,"rockabilly, rock and roll, doo-wop, boogie-woogie","Blues, Jazz, Pop, R&B, Rock","Here's Little Richard (Deluxe Edition)",1957-03,53,69,0,94,0,10,-7,G,4,57xnHICRgvsCs2Ss6TmXWM,"Craft Recordings",USC4R1100479,no
1740,"Practice Twice","Sam Prekop",77,4B,37,2026-06-12,04:06,35,"post-rock","Rock","Sam Prekop",1999-02-09,56,65,82,61,0,0,-19,G#/A♭,4,1vyCaqiutTe1W7UGFzGKQL,"Thrill Jockey",USTJ20306103,no
1741,"Lalo o le Mauga (e mālū ai)","SANGUINE",77,12B,52,2026-06-12,04:25,19,"free jazz","Jazz","Paraíso",2026-04-15,53,2,22,41,0,10,-9,E,4,55P49A0tt1PasDBVklqry5,"Noa Records",NZRI12600415,no
1742,"icl","Babyfather, TYSON",77,9A,90,2026-06-12,02:11,48,"experimental hip hop, uk r&b","Hip Hop, R&B","icl",2026-04-14,52,46,0,44,10,10,-3,E minor,4,10UJH5MIGyFgAIuihlCz2i,"World Music",USYBL2600959,no
1743,"City Lights","DJ Harrison",76,11A,69,2026-06-12,02:51,24,"","","Tales from the Old Dominion",2021-12-03,41,69,11,73,0,0,-9,F#/G♭ minor,4,03f7C0fndlZANGItBaUuP5,"Stones Throw Records",US2S72157004,no
1744,"Prototype","Outkast",76,11B,38,2026-06-12,05:26,61,"southern hip hop, hip hop","Hip Hop","Speakerboxxx/The Love Below",2003-00-00,64,35,0,19,0,10,-7,A,4,1QJb6LWvPXZpTMiqqODqkH,"Arista",USAR10300998,no
1745,"Hello It's Me","Nazz",76,12A,23,2026-06-12,03:57,26,"power pop, psychedelic rock, garage rock, acid rock, proto-punk, baroque pop","Rock, Classical, Pop","Nazz (Bonus Track Version)",1968-07-01,41,13,0,40,0,10,-13,C♯/D♭ minor,4,3maplYZcXwQwPcfHHBayk1,"Purple Pyramid Records",QM6XS1807186,no
1746,"The Tuning Meditation","Pauline Oliveros, Guy Klucevsek",76,10A,0,2026-06-12,17:11,1,"musique concrète, electroacoustic, drone, minimalism, avant-garde, ambient, experimental, contemporary classical, polka","Electronic, New Age, Classical, Jazz, Rock, Traditional Music","Sounding / Way",2019-00-00,6,92,37,3,0,10,-17,B minor,3,7og45P78QTfoA6ipqhnFAt,"Important Records",QMQQH2110340,no
1747,"Kriminel","Mach-Hommy",76,9B,48,2026-06-12,02:36,41,"boom bap, experimental hip hop, alternative hip hop, jazz rap","Hip Hop, Jazz","Pray For Haiti",2021-05-21,52,74,0,69,0,10,-11,G,1,6SP0QBGknpFuSXX4Lk8h5T,"Griselda Records",USUYG1371034,yes
1748,"DASH SNOW","Dean Blunt",76,9A,41,2026-06-12,02:00,54,"","","BLACK METAL 2",2021-06-11,72,38,6,33,0,10,-15,E minor,4,6XXZVVmYESJJKigExJBEPN,"Rough Trade",GBCVZ2100111,yes
1749,"Sometimes Dancin'","Brownstone",76,3B,57,2026-06-12,05:01,31,"new jack swing","R&B","From The Bottom Up",1993-06-01,66,7,0,78,0,0,-9,C♯/D♭,4,10yCqBhJHRSApHAOcI5RtM,"MJJ Music",USSM10022131,no
1750,"Arising","Bill Nelson",76,8B,5,2026-06-12,02:21,0,"bebop, art rock, synthpop, new wave","Rock, Jazz, Pop, Electronic","Chance Encounters in the Garden of Lights",1987-01-01,20,72,96,3,0,10,-25,C,4,5BFDhLofOe1z1j6NcOj6YO,"Esoteric",GBBLY1705175,no
1751,"Nobody But Me","The Human Beinz",76,10B,75,2026-06-12,02:20,58,"","","Nobody But Me",1968-01-01,57,7,0,41,0,10,-9,D,4,4QkvD53COA5qLA7rQ1Pa7D,"Capitol Records",USCA28800113,no
1752,"Alternative Strategies","Turquoise Days",76,11B,48,2026-06-12,03:18,16,"cold wave, darkwave, post-punk, synthpop, new wave","Electronic, Rock, Pop","Alternative Strategies",2009-00-00,47,40,94,30,0,60,-12,A,4,4nd4ENA176CYynxlNtZNld,"Minimal Wave",US8YW1010027,no
1753,"White Sands","Alessandro Alessandroni",76,6B,48,2026-06-12,02:58,50,"exotica","Easy Listening","Panoramic Feelings (Mellow Carefree Lounge Music)",2013-01-11,53,45,86,57,0,10,-10,A#/B♭,4,5xLzGWWwVcIzFb5bL8eU84,"Deneb Records",IT7151071606,no
1754,"Cowboy Movie","David Crosby",76,10B,63,2026-06-12,08:11,45,"folk rock, singer-songwriter","Folk, Rock","If I Could Only Remember My Name",1971-02-22,31,1,0,51,0,10,-12,D,4,5ZoI4tXPZzcN7PIVmxO7kF,"Rhino Atlantic",USAT20105332,no
1755,"Brothers & Sisters","Bongmaster inc",76,4B,45,2026-06-12,06:23,42,"nz reggae","Reggae","Happy Cones",2006-08-14,46,31,24,75,0,10,-12,G#/A♭,4,3FgmWzMd8cTTRPQGyDjuLT,"Kartel",GBGLW0300003,no
1756,"Nazo Nazo","Kikagaku Moyo",76,10B,50,2026-06-12,03:07,44,"neo-psychedelic, psychedelic rock, space rock, krautrock","Electronic, Rock","Masana Temples",2018-10-05,68,63,52,88,0,10,-8,D,4,14sxXdbbkR7obJA6g3qbrr,"Guruguru Brain",TCADT1851281,no
1757,"They Can't Hear Me","Oklou",76,4B,32,2026-06-12,03:58,37,"art pop, hyperpop","Pop, Electronic","They Can't Hear Me",2018-02-21,37,79,0,18,0,10,-12,G#/A♭,4,1zp8GiEkFM5puTg51kEtTi,"NUXXE",US23A1500716,no
1758,"The Makings of You","Curtis Mayfield",76,7B,43,2026-06-12,03:43,49,"classic soul, soul, motown, funk","R&B, Pop, Blues","Curtis (Expanded Edition)",1970-00-00,37,76,0,57,0,10,-11,F,4,1Mq4vRRox3bcruJA75M4D9,"Rhino",USRH10401527,no
1759,"Didn't I","Cornell Campbell",76,1B,39,2026-06-12,03:49,16,"rocksteady, roots reggae, lovers rock, reggae, dub","Electronic, Reggae","Soul Jazz Records Presents STUDIO ONE Lovers Rock",2018-11-09,70,17,0,85,0,20,-13,B,4,66bHNCmPtJ4f7qFrmtAS8b,"Soul Jazz Records",JMA020601234,no
1760,"Mystique","Laura Groves",76,9B,29,2026-06-12,05:14,18,"","","Committed Language",2015-02-19,52,90,0,23,0,0,-11,G,4,6diVcxCYvt4SrP29cRGBWf,"DEEK Recordings",GBGLW1500014,no
1761,"A Long Walk (2020 Remastered)","Jill Scott",76,9A,63,2026-06-12,04:40,57,"neo soul, quiet storm","R&B","Who Is Jill Scott?: Words and Sounds, Vol. 1 (2020 Remastered)",2000-07-18,73,8,0,30,20,10,-7,E minor,4,3jCb9JZx9J3N8sRgKRLRY0,"Hidden Beach Records, LLC",USHBR2007007,no
1762,"A Wave","Woo",76,4A,22,2026-06-12,04:12,13,"","","Which Ever Way",1981-03-04,38,33,0,18,0,0,-18,F minor,1,3zGPAHYDF1uXbwtxCw5DFd,"Published By Cherry Red Records, Previously Released By Independ",ushm21229393,no
1763,"Fleur tropicale","Francis Bebey",76,9B,61,2026-06-12,03:54,20,"bikutsi","Traditional Music","African Electronic Music (1975-1982)",2012-03-01,62,59,75,65,0,10,-7,G,4,69J41tE3ohFaNJ42PceV18,"Born Bad Records",FR0Q10900164,no
1764,"Crushing","Eartheater",76,8B,81,2026-06-12,04:31,49,"art pop, experimental","Pop, Classical, Electronic, Rock","Powders",2023-09-20,53,21,0,44,0,10,-8,C,4,6BPwBHxjmavFAyMrLQgQYd,"Chemical X",USZ4V2300188,no
1765,"Diamond Day","Vashti Bunyan",76,10B,12,2026-06-12,01:47,48,"folk","Folk","Just Another Diamond Day",1970-00-00,49,98,39,72,0,30,-18,D,4,6jaT3wEcPJSVkkGcEEp7s6,"Spinney Records",GBMZV0600051,no
1766,"Love Me Forever","Carlton & The Shoes",76,11B,48,2026-06-12,03:54,34,"rocksteady, lovers rock, roots reggae, reggae, soul jazz","Reggae, Jazz, R&B","Soul Jazz Records presents STUDIO ONE CLASSICS",2004-01-01,68,4,0,96,0,10,-11,A,4,0j9uTlaM3SGKb2I1y79ee0,"Soul Jazz Records",GBHWT0500198,no
1767,"Where's My Money","Busta Rhymes",76,1B,90,2026-06-12,02:44,34,"east coast hip hop","Hip Hop","The Music of Grand Theft Auto IV",2008-04-29,47,19,0,93,40,10,-3,B,4,08gWJQEAez94MBkIEPRtQN,"Rockstar Games",USTC50808964,yes
1768,"Dance Of The Prophets","Sunstroke",76,1B,19,2026-06-12,12:56,1,"","","Nothing's Wrong in Paradise",2021-11-05,10,92,86,4,0,0,-18,B,4,5QTw4U6hnEJoIPXX02ez03,"Libreville Records",QMDA62169889,no
1769,"Iambic 5 Poetry","Squarepusher",76,12B,54,2026-06-12,05:31,38,"idm, breakcore, glitch","Electronic","Budakhan Mindphone",1999-03-01,45,2,88,50,0,10,-11,E,4,5vVcIRe4juoDAaXvYGMFT8,"Warp Records",GBBPW9900031,no
1770,"Txt (MSGS)","Mndsgn",76,2B,57,2026-06-12,02:26,24,"","","Yawn Zen",2014-08-26,42,11,77,62,10,10,-10,F#/G♭,4,4FRe1FgUOoUhaHUzlaqKd5,"Stones Throw Records",US2S71438009,no
1771,"Jennie Lee","Shuggie Otis",76,6B,35,2026-06-12,02:12,29,"afrobeat, funk, psychedelic soul, soul","R&B, Traditional Music, Blues","Here Comes Shuggie Otis",1970-00-00,57,72,0,41,0,0,-14,A#/B♭,4,3zbWu0mY4d8QyTkPkz9Gvi,"Epic/Legacy",USSM10308770,no
1772,"The Bounce","Qendresa",76,1B,80,2026-06-12,02:57,55,"alternative r&b","Pop, R&B","Londra",2024-11-28,61,25,0,69,0,10,-8,B,4,0nYYKcUcjOqg21Di98ubDc,"dream city discs",QZZ7L2422281,yes
1773,"flowers","dreamcastmoe, NAPPYNAPPA",76,8A,61,2026-06-12,03:22,18,"","","flowers",2025-03-27,62,19,0,73,0,10,-8,A minor,1,60HRM00HEtqwHEDKlFvxyW,"Rhythm Section International",DEG932501235,yes
1774,"Happiness - Single Version","Elliott Smith",76,11B,55,2026-06-12,05:15,26,"singer-songwriter","Folk","Heaven Adores You Soundtrack",2015-02-05,46,1,0,18,0,30,-8,A,4,1BOT8FgM3guYKukbPOMerI,"Elliott Smith Documentary - Heaven Adores You",USDW19950256,no
1775,"Bo Meets The Monster","Bo Diddley",76,8B,62,2026-06-12,03:07,9,"blues, classic blues, rock and roll, rockabilly","Blues, Rock","I'm A Man: The Chess Masters, 1955-1958",2007-09-01,66,91,0,70,0,10,-8,C,4,09wunm3ZM1MZcaXugoVAdd,"Geffen",USUM70747778,no
1776,"Secret Garden","Madonna",76,9A,47,2026-06-12,05:32,42,"","","Erotica (PA Version)",1992-10-20,34,2,77,56,0,0,-12,E minor,5,3ePcudSYfHiT7ODODbzKfg,"Sire/Warner Records",USWB19200071,no
1777,"Trick-Green","John W.G.",76,2B,23,2026-06-12,03:18,6,"","","Rays Binding",2026-03-12,54,99,94,7,0,30,-21,F#/G♭,4,6gHq40y5ktu2TK4djJAIqj,"John W.G.",GBMJG2602263,no
1778,"Sitting in the Park","Slim Smith",75,9A,64,2026-06-12,02:39,0,"rocksteady, lovers rock, reggae, ska, roots reggae, dub","Electronic, Reggae","Slim Smith Essentials",2014-10-20,64,17,0,74,0,10,-13,E minor,4,0SLAlwWVzX6cHgyYcYY4dX,"Gorgon Music / VPAL Music",GBQXA1111672,no
1779,"Morning Glory","Jamiroquai",75,1A,33,2026-06-12,06:23,50,"acid jazz","Jazz","The Return of the Space Cowboy (Remastered)",1994-10-17,62,71,34,70,0,10,-13,G#/A♭ minor,4,4YBs74uWL6J9zpmaFL9LXt,"Sony Music UK",GBARL1201215,no
1780,"Pinball","Brian Protheroe",75,5B,48,2026-06-12,03:13,0,"","","Pinball",1974-06-15,63,65,1,38,10,0,-12,D#/E♭,4,6xe3iovLb0xJPlFCATowgp,"Chrysalis Records",GBAYK7400059,no
1781,"V Rose","Carter Tanton",75,9B,19,2026-06-12,01:29,1,"","","Carter Tanton",2021-05-07,34,67,91,4,0,0,-23,G,4,7iChIUON8V7AhbzI4pCZJe,"Western Vinyl",US78L1913903,no
1782,"I wanna mode this yah know [151 BPM]","Vegyn",75,3B,41,2026-06-12,02:18,0,"idm, experimental hip hop","Hip Hop, Electronic","Don't Follow Me Because I'm Lost Too!!",2022-01-26,66,67,73,24,20,50,-13,C♯/D♭,4,1ZSlP9IxvNxBMYoSAfkRYP,"PLZ Make It Ruins",GB5P52200054,no
1783,"Piano chop Dez [75 BPM]","Vegyn",75,7A,22,2026-06-12,02:11,0,"idm, experimental hip hop","Hip Hop, Electronic","Don't Follow Me Because I'm Lost Too!!",2022-01-26,58,98,99,9,0,10,-18,D minor,4,5n0idWZ2ipnIPciEYBGy2F,"PLZ Make It Ruins",GB5P52200080,no
1784,"A Woman's Worth","Alicia Keys",75,9A,41,2026-06-12,05:03,0,"r&b, neo soul","R&B","Songs In A Minor (Expanded Edition)",2001-06-26,65,33,0,50,10,0,-8,E minor,4,1NRorokmYEtr1koWybvaE4,"J Records/Legacy",USJAY0100060,no
1785,"Ghost Town","Eddie Miller & His Band",75,12B,45,2026-06-12,03:16,9,"","","Savage Kick Vol.9, Early Black R&B Hipshakers",2016-06-21,53,77,37,39,0,10,-12,E,4,4tEkY81FvmDCHYONQ3qLip,"MOJO WORKIN´",QMFMF1562444,no
1786,"Pinball","Brian Protheroe",75,5B,48,2026-06-12,03:13,51,"","","Pinball",1974-06-15,63,65,1,38,10,0,-12,D#/E♭,4,0A449X6twasfhYiCQVoOgA,"Chrysalis Records",GBAYK7400059,no
1787,"Didn't I","Darondo",75,7B,38,2026-06-12,03:29,29,"","","Let My People Go",2005-01-24,46,90,26,64,0,10,-12,F,4,6Dq2LzijkY9WNPwBGDah4L,"Luv N' Haight",USLNH0604803,no
1788,"It's Not Just Me, It's Everybody","Weyes Blood",75,8B,34,2026-06-12,06:16,0,"art pop, baroque pop","Pop, Classical","It's Not Just Me, It's Everybody",2022-09-12,43,86,2,15,0,20,-12,C,4,2OcLJRW0pTyYAxT43N5ccm,"Sub Pop Records",USSUB2248501,no
1789,"Da Da - Fender Rhodes","The Beach Boys",75,1B,14,2026-06-12,01:24,6,"baroque pop","Classical, Pop","The Smile Sessions",2011-01-01,53,99,96,23,0,30,-26,B,4,3AyJORAIzss6X62bmdGs8M,"Capitol Records",USCA21102005,no
1790,"marcescent","cktrl, Chelsea Bowen-Evans, Georgia Bowen-Evans, Roxanne Tataei, Matthew Jamal",75,8B,9,2026-06-12,09:39,0,"ambient jazz, contemporary classical, experimental jazz","Easy Listening, Jazz, Classical","yield",2022-10-28,24,84,76,12,0,10,-18,C,3,6PIunF1Vs8Upk7errimJYE,"cktrl",QZAKB2172963,no
1791,"Building Something Beautiful For Me (Holy Presence of Joan d'Arc)","Loraine James",75,9B,37,2026-06-12,02:46,6,"idm, experimental","Classical, Electronic, Rock","Building Something Beautiful For Me",2022-10-07,23,93,95,24,0,20,-10,G,4,4udiRdJM4EyF0Xvt0MtqZ0,"Phantom Limb",UK9AV2200819,no
1792,"Make It With You","Ralfi Pagan",75,11B,31,2026-06-12,04:45,56,"classic soul","R&B","With Love",1971-01-01,61,62,2,53,0,0,-15,A,4,1MTjPvCioj81IsSX66IB2a,"Fania",USDBB0600938,no
1793,"Getaway Sun","Mary Spender",75,10B,16,2026-06-12,04:06,2,"","","Songbook, Vol. 2",2022-02-01,52,90,0,30,0,10,-12,D,4,7dtaP8ostYloap00dYh1Lp,"Mary Spender",QZNWY2130478,no
1794,"Trust Me","Maria Kozic, The MK Sound",75,12B,58,2026-06-12,04:32,8,"","","Midnite Spares",2016-09-09,57,15,23,75,0,20,-10,E,4,3Ea6wf9HvnHl5tHqMl3HOC,"Efficient Space",DETB31640031,no
1795,"The Realization Of Greta","Brian Ralston",75,7A,5,2026-06-12,06:40,1,"","","Silent River: Original Motion Picture Soundtrack",2022-11-18,7,67,88,4,0,10,-25,D minor,3,0jhbKJKDS2Ri8J2QH5Vcio,"Harmonic Design Records",QZQHT2200014,no
1796,"Heaven Knows","Lesley Duncan",75,9A,45,2026-06-12,04:47,21,"","","Lesley Step Lightly: The Gm Recordings Plus 1974-1982",2019-02-19,46,70,0,54,0,10,-12,E minor,4,0dWpmkJrBmnFRfGUvgQZiV,"RPM",GBBLY1902666,no
1797,"Wings For Sale","Mike Midnight",75,9A,16,2026-06-12,03:22,25,"trip hop","Electronic, Hip Hop","Angel Hours",2022-11-11,31,97,88,34,0,0,-24,E minor,4,5WGUsL1YcrbYIkUeVVDd3J,"4585957 Records DK",QZTAZ2202628,no
1798,"Te Laat","Elias Mazian",75,5A,60,2026-06-12,04:59,0,"lo-fi house, nederpop","Electronic, Pop","Alleen Bij Mij",2023-06-02,64,44,67,94,0,0,-13,C minor,4,0fNMdNFGk9Tac5FrydkRyq,"De Vlieger",NL3AA2350024,yes
1799,"Twisted","The Quick",75,3B,54,2026-06-12,04:45,5,"disco","Pop","Fascinating Rhythm",1982-01-01,68,3,0,72,0,0,-10,C♯/D♭,4,6sErTU3xo31RAJGgFGmMYz,"Sony Music CG",GBBBM8202058,no
1800,"Storm Crystals","Four Tet",75,3A,31,2026-06-12,06:40,29,"idm, electronica","Electronic","Three",2024-03-15,69,83,89,32,0,10,-10,A#/B♭ minor,3,3J42xcu8GE5D0kAYfRu4WK,"Text Records",GBXNG2456003,no
1801,"Let's Go","Key Glock",75,4B,64,2026-06-12,02:20,73,"","","Glockoma 2 (Deluxe)",2023-06-23,65,0,0,27,0,40,-7,G#/A♭,4,5GCU2LJWPzoP8Q6nexs61z,"Paper Route EMPIRE",USUYG1494308,yes
1802,"I Like to Stay Home","R. Stevie Moore",75,6A,62,2026-06-12,04:06,13,"power pop, jangle pop","Pop, Rock","Glad Music",1986-02-21,70,24,2,38,10,20,-15,G minor,4,4zjsZ8oGAObR0TbkGu1AAB,"Spunky Monkey Music",USCXG0800149,no
1803,"All Come to Meet Her","Alexander 'Skip' Spence",75,10B,44,2026-06-12,02:01,21,"acid rock, psychedelic rock","Rock","Oar",1969-00-00,46,76,1,48,0,10,-12,D,4,7tQyJts7IDmBnnvRr5bXyS,"Columbia/Legacy",USSM16801050,no
1804,"A Woman's Worth","Alicia Keys",75,9A,41,2026-06-12,05:03,61,"r&b, neo soul","R&B","Songs In A Minor",2001-06-05,65,33,0,50,10,0,-8,E minor,4,0rimetBQIYXE3uMCbuXBUa,"J Records",USJAY0100060,no
1805,"Cruisin'","D'Angelo",75,12A,53,2026-06-12,06:24,63,"neo soul","R&B","Brown Sugar",1995-07-03,37,38,0,33,10,0,-13,C♯/D♭ minor,4,2voXNGgRrosxCJA6foTVau,"Virgin Records",USEM39500203,no
1806,"Mr. Magic","Roberta Flack",75,6A,34,2026-06-12,03:58,46,"adult standards, classic soul","Easy Listening, R&B","Feel Like Makin' Love",1975-00-00,48,74,13,23,0,10,-16,G minor,4,64grNxhhW3VOIMPjkqw7R0,"Rhino Atlantic",USAT20101394,no
1807,"CAROLINE, NO","DOOPEES",75,10A,27,2026-06-12,06:07,23,"shibuya-kei, plunderphonics, art pop","Pop, Electronic","DOOPEE TIME",1995-10-20,56,90,11,36,0,10,-12,B minor,4,29qnVwXRMW8WSeUIr1vLm7,"FOR LIFE MUSIC ENTERTAINMENT, INC.",JPFL09503480,no
1808,"Lying Has To Stop","Soft Hair, LA Priest, Connan Mockasin",75,7A,50,2026-06-12,05:56,45,"","","Soft Hair",2016-00-00,55,92,5,53,0,20,-8,D minor,4,2dGXDL8P7ibb3uPdQ4ybuM,"Weird World",GBCEL1600369,no
1809,"From A Whisper To A Scream","Robert Palmer",75,3B,25,2026-06-12,03:37,28,"yacht rock","Pop, Rock","Sneakin' Sally Through The Alley",1974-01-01,30,79,4,38,0,0,-17,C♯/D♭,4,6D5q1bLcM0fK8wmImSlvMC,"Universal-Island Records Ltd.",GBAAN7400115,no
1810,"Halfmoon","Ben Bondy, Lovefear, Nick León",75,10B,37,2026-06-12,02:51,12,"ambient, bedroom pop, alternative r&b, neoperreo, uk funky","Pop, R&B, Electronic, New Age, Latin","XO Salt Llif3",2025-08-29,48,59,83,24,0,10,-11,D,4,3omX4cgiiBxD8JuPtnqt1a,"3XL",USYBL2510363,no
1811,"Breakfast in Bed","Big Walter, Big Walter feat. Dave Allen",75,8B,38,2026-06-12,02:24,3,"acid rock, garage rock","Rock","Color Blind",2010-00-00,63,10,34,81,10,10,-15,C,4,1wSHCbRi59EBFzcp6LTnyo,"Charly",GBAWA0347308,no
1812,"Ship Of Fools","John Cale",75,9B,40,2026-06-12,04:37,33,"art rock, baroque pop, proto-punk, singer-songwriter","Rock, Classical, Pop, Folk","Fear",1974-01-01,52,26,0,19,0,10,-13,G,4,3ZaAPXPDOqLhaRHMAqm7Ji,"Universal-Island Records Ltd.",GBAAN7400063,no
1813,"Little Nut Tree","The Melodians",75,3B,29,2026-06-12,02:27,29,"rocksteady, reggae, ska, roots reggae, lovers rock","Reggae","Super Best",2012-04-04,84,30,0,67,10,10,-12,C♯/D♭,4,1uxRX8f4oZFBsztoLZbIc3,"Ackee Dist",EGA130004601,no
1814,"For the Roses","Joni Mitchell",75,5B,20,2026-06-12,03:43,34,"folk, folk rock, singer-songwriter","Folk, Rock","For the Roses",1972-11-01,43,98,0,39,0,10,-14,D#/E♭,3,4I5vSTy4Du2SSfWqb8K69l,"Rhino",USEE10170350,no
1815,"In Heaven (Lady in the Radiator Song)","David Lynch, Alan R. Splet",75,3B,45,2026-06-12,01:38,41,"dark ambient","Electronic, New Age","Eraserhead Soundtrack",2012-08-07,16,73,69,16,0,10,-11,C♯/D♭,4,3FDjGNaoVTcOCWogC6BULo,"Sacred Bones Records",US5NR1257703,no
1816,"Theres no such thing as england","Pollyfromthedirt",75,10B,33,2026-06-12,03:53,30,"","","Theres no such thing as england",2025-03-25,49,8,0,33,0,30,-11,D,4,6qwLKkyK51PTc4sDWftgcK,"Pollyfromthedirt",QZK6N2505437,no
1817,"This Guy's In Love With You","Burt Bacharach",75,8B,14,2026-06-12,04:45,44,"adult standards, easy listening, baroque pop","Easy Listening, Classical, Pop","Make It Easy On Yourself",1969-00-00,37,72,79,15,0,10,-15,C,4,3IQyHILT5sNcFwlyPr7Gsb,"A&M",USAM16900349,no
1818,"Commercial Suicide","Colin Newman",74,8B,23,2026-06-12,03:59,7,"post-punk, cold wave","Electronic, Rock","Commercial Suicide",1986-01-01,28,56,0,27,0,10,-14,C,5,4VIqqaksgYqbnWiy5yrwgF,"Crammed Discs",BE6F50301250,no
1819,"Four Folks","Jeff Parker",74,11B,8,2026-06-12,05:34,24,"ambient jazz, experimental jazz, free jazz","Easy Listening, Jazz","Forfolks",2021-12-10,36,99,92,4,0,10,-19,A,4,0RTBtv5xLDVU4al3zf2dmC,"International Anthem",QM84B2152002,no
1820,"Debris","Faces",74,7B,63,2026-06-12,04:36,57,"glam rock, proto-punk","Rock","A Nod Is as Good as a Wink... to a Blind Horse",1971-00-00,57,57,1,80,0,0,-10,F,4,2gFXQQ7dDY4lquHpUNeDTM,"Rhino",USWB10103856,no
1821,"Oraison","Olivier Messiaen",74,12B,1,2026-06-12,07:42,15,"contemporary classical, avant-garde, musique concrète, electroacoustic, expressionism, classical","Classical, Jazz, Electronic","An anthology of noise and electronic music vol.4",1944-00-00,10,100,94,3,0,0,-25,E,3,54xMEzTrUUAHqpikO9SVqf,"Sub rosa",FR6V83700199,no
1822,"The Sun Rising - Gentle Night","The Beloved",74,11A,35,2026-06-12,02:46,28,"madchester","Rock","Café del Mar 40th Anniversary",2020-08-21,19,30,0,18,0,10,-12,F#/G♭ minor,5,1IsqstZfK48WiNOykaNOC3,"Cafe del Mar Music",GBDLM1800271,no
1823,"Cool Cat - Remastered 2011","Queen",74,11B,40,2026-06-12,03:29,73,"classic rock, rock, glam rock","Rock","Hot Space (2011 Remaster)",1982-05-03,82,30,0,84,10,10,-10,A,4,7nhWtCc3v6Vem80gYPlppQ,"EMI",GBUM71103440,no
1824,"This Love","Bobby Oroza, Cold Diamond & Mink",74,9A,66,2026-06-12,04:45,41,"retro soul","R&B","This Love",2019-05-03,55,59,13,83,0,20,-6,E minor,4,43QbUYHz5yBgv76F4l68av,"Big Crown Records",QZ2L61800020,no
1825,"King Pharoah - Remastered","Yabby You, King Tubby",74,3B,26,2026-06-12,03:13,0,"dub, roots reggae, reggae, rocksteady, christian reggae","Christian, Reggae, Electronic","Yabby You Chant Down Babylon Kingdom (Remastered Deluxe)",1977-00-00,76,31,84,32,0,10,-16,C♯/D♭,4,49GIrkFKv4vnoARzWnYMDs,"Shaklow",QM6MZ1824613,no
1826,"When the Morning Comes","Daryl Hall & John Oates",74,9B,42,2026-06-12,03:11,62,"yacht rock, soft rock","Rock, Pop","Abandoned Luncheonette",1973-01-01,45,53,0,82,0,10,-14,G,4,75XQk1ewCddGnDuFMYg2iL,"Rhino Atlantic",USAT20614603,no
1827,"All Flowers in Time","Gloria de Oliveira, Dean Hurley",74,9B,56,2026-06-12,03:35,25,"drone, dark ambient, ambient","Electronic, New Age","Oceans of Time",2022-09-16,39,11,20,18,0,10,-10,G,4,3Q6SbTqlTBkEqDy2647OVG,"Sacred Bones Records",US5NR2231108,no
1828,"Love Has Got Me","Wendy Waldman",74,7A,33,2026-06-12,04:22,9,"singer-songwriter","Folk","Love Has Got Me",1973-00-00,43,76,0,39,0,10,-11,D minor,4,1OCN41QgthXFtpnkm67UGO,"Rhino/Warner Records",USWB17200002,no
1829,"Finite Jest","Baba Stiltz",74,8B,15,2026-06-12,01:09,18,"lo-fi house","Electronic","Paid Testimony",2023-07-07,38,99,77,29,0,10,-21,C,3,6TJWJF7bfXjIxOll4g7Orl,"Public Possession",DEVH21800540,no
1830,"Abertura","Arthur Verocai",74,7B,39,2026-06-12,02:07,44,"brazilian jazz, bossa nova, mpb","Jazz, Latin","Encore",2012-02-17,30,15,85,10,0,10,-9,F,4,76KYGgMnhRHik7moyA17jj,"Far Out Recordings",GBDCR0600090,no
1831,"Forever","The Little Dippers",74,8B,23,2026-06-12,02:18,69,"","","Forever",1960-08-15,52,95,58,48,0,20,-12,C,4,6KknhggJ4EgpzlEDy19yWv,"University Records",QMBZ92260949,no
1832,"Everybody's Got To Learn Sometime","The Korgis",74,12A,24,2026-06-12,04:18,0,"","","Don't Look Back: The Very Best of The Korgis",2003-08-05,37,55,4,6,0,10,-15,C♯/D♭ minor,4,3aXuXjIXG5B2jtlsWKLd1l,"Castle Communications",GBAJE8000325,no
1833,"Ghost Town","The Specials",74,3A,77,2026-06-12,03:39,63,"ska, rocksteady, ska punk","Reggae, Rock","Stereo-Typical: A's, B's & Rarities",2000-08-21,66,5,33,91,0,10,-9,A#/B♭ minor,4,6ewN9MaFbi78oDLT9wYDgn,"Chrysalis Records",GBAYK8100051,no
1834,"A Message Especially from God","Robert Vanderbilt, the Foundation of Souls",74,1B,27,2026-06-12,03:48,21,"","","Late Night Tales: Floating Points",2019-03-29,68,73,1,38,10,0,-15,B,4,6XO7lG1ZCm1GwpklJlIdTx,"Late Night Tales",USCW61304001,no
1835,"Me Dá Um Beijo","Alceu Valença, Geraldo Azevedo",74,3A,41,2026-06-12,02:39,32,"mpb, forró tradicional, forró","Latin","Quadrafônico",1972-07-01,52,76,1,56,0,0,-9,A#/B♭ minor,4,5TPtN58SvcgqsNNomdNiDC,"EMI",BREMI7200692,no
1836,"I See Red - 2003 Remaster","Clannad",74,10A,62,2026-06-12,04:27,32,"celtic, new age, celtic rock","Folk, Traditional Music, Rock, New Age","Magical Ring (2003 Remaster)",1983-03-21,59,20,0,60,0,0,-12,B minor,4,4DzVhstfBjJoWwl3GPjphx,"BMG Rights Management (UK) Ltd.",GBARL0300396,no
1837,"Lost in Space","Warren Doris",74,11A,77,2026-06-12,06:44,3,"","","Lost In Space",2024-05-24,44,30,0,59,0,70,-8,F#/G♭ minor,4,2yI7WdI36wcHZCY96AkGBA,"Dial-Up Connection",QZMHK2461907,no
1838,"Static Gravity","Chrome",74,8B,73,2026-06-12,03:21,24,"noise rock, post-punk, industrial, industrial rock, space rock, avant-garde, krautrock, deathrock, cold wave, proto-punk","Classical, Jazz, Electronic, Rock","Red Exposure (Bonus Track Version)",2014-10-14,71,9,33,66,20,20,-10,C,4,1Pk1Bde8NZXROgnehsXnve,"Cleopatra Records",USV291420674,no
1839,"Tell Me Something Good","Rufus & Chaka Khan, Chaka Khan",74,3B,58,2026-06-12,04:37,58,"funk","R&B","Rags To Rufus",1974-01-01,67,66,0,78,20,50,-8,C♯/D♭,4,1OO2Fp9PsnaayiekeXuGJX,"Geffen*",USMC17448846,no
1840,"Voyage to Atlantis","The Isley Brothers",74,10A,37,2026-06-12,04:32,54,"motown, quiet storm, soul, classic soul, funk, northern soul","R&B, Pop, Blues","Go for Your Guns",1977-08-21,56,10,0,47,0,10,-12,B minor,4,7r1gEyIhacXnvLriLjmp3c,"Epic/Legacy",USSM10016348,no
1841,"In My Room","The Beach Boys",74,12A,38,2026-06-12,02:13,39,"baroque pop","Classical, Pop","50 Big Ones: Greatest Hits",2012-01-01,26,3,0,52,0,0,-12,C♯/D♭ minor,4,69bCYoIEp1mZatfkS87Fv3,"Capitol Records",USCA21201985,no
1842,"From the stars","Detente",74,12B,23,2026-06-12,03:00,30,"","","Ghosts",2024-05-28,49,82,93,18,0,10,-15,E,4,1PJebQFXj58SQG9bFdVljY,"Halo",QZMEQ2448641,no
1843,"You Gotta Make It Through The World","Van Morrison",74,7B,33,2026-06-12,03:23,0,"classic rock, folk, folk rock, mellow gold, rock, singer-songwriter, soft rock","Rock, Folk","New Arrangements And Duets",2024-09-27,64,62,0,69,0,30,-10,F,4,3PPonjU0yCMGT1MdOroBqb,"Exile Productions Ltd.",USZXT2454221,no
1844,"My Sweet Lord","George Harrison, Waldemar Grab",74,8B,44,2026-06-12,00:42,12,"","","Tasten berühren Seele",2017-09-01,35,84,90,33,0,10,-9,C,5,71lKyMJtSi4rRPzDTwJ868,"Eurofonia",DERR11701042,no
1845,"Blood on the Dollar","Water From Your Eyes",74,10B,81,2026-06-12,02:40,40,"","","It's a Beautiful Place",2025-08-22,49,8,87,30,0,50,-9,D,4,4G7XLyW2cwua5MP5EZEXLl,"Matador",USMTD2400680,no
1846,"You Only Live Twice - Main Theme - From  You Only Live Twice ","John Barry, The City of Prague Philharmonic Orchestra, Nic Raine",74,1B,23,2026-06-12,02:55,20,"orchestral, classical","Classical","Film Music Masterworks - John Barry",2008-09-12,15,65,82,7,0,30,-16,B,4,0tezD0rF63YOLUGKpmUhkf,"Decca (UMO) (Classics)",GBAJC9700511,no
1847,"Meaning Business","Wendy Eisenberg",74,8A,39,2026-06-12,04:18,17,"free jazz","Jazz","Meaning Business",2026-01-21,42,26,0,36,0,10,-9,A minor,4,2NlsCmQjDF6MtFdcXOQZE2,"Joyful Noise Recordings",USJZA2651402,no
1848,"Meaning Business","Wendy Eisenberg",74,8A,39,2026-06-12,04:18,43,"free jazz","Jazz","Wendy Eisenberg",2026-04-03,42,26,0,36,0,10,-9,A minor,4,7b8Q7CPNLqnsHj8jwJKQ2x,"Joyful Noise Recordings",USJZA2651402,no
1849,"Dirty Work","Steely Dan",73,3B,35,2026-06-12,03:07,1,"yacht rock, classic rock","Rock, Pop","Can't Buy A Thrill",1972-01-01,63,80,0,52,0,0,-11,C♯/D♭,4,0s1aSsYlLIEiy16LjFWbdp,"Geffen*",USMC17347180,no
1850,"Strangers","RIP Swirl",73,4B,7,2026-06-12,02:44,6,"shoegaze","Rock","Blurry",2022-02-25,35,96,94,14,0,10,-20,G#/A♭,4,0C9MlaLAcGB9tKUZo4ePAq,"Public Possession",DEVH21800432,no
1851,"When the Morning Comes","Daryl Hall & John Oates",73,9B,59,2026-06-12,03:13,3,"yacht rock, soft rock","Rock, Pop","Cozy Acoustic Morning",2022-05-06,39,40,0,81,0,0,-8,G,4,1yumDyoKSj0VVt0DuoLv4l,"Warner Music Group - X5 Music Group",USAT20614599,no
1852,"When the Morning Comes","Daryl Hall & John Oates",73,9B,59,2026-06-12,03:13,1,"yacht rock, soft rock","Rock, Pop","Retro Acoustic",2022-05-06,39,40,0,81,0,0,-8,G,4,2h8kjGcTpKQ01PTPQTmCmj,"Warner Music Group - X5 Music Group",USAT20614599,no
1853,"Headboard","Lil Ugly Mane",73,6B,91,2026-06-12,03:43,0,"experimental hip hop, cloud rap, plunderphonics, neo-psychedelic, southern hip hop, horrorcore","Hip Hop, Metal, Rock, Electronic","Three Sided Tape Volume ONE",2013-08-07,34,65,90,40,0,30,-4,A#/B♭,4,03dLyk1vg2J1RtCCzChn50,"579218 Records DK2",QZMEQ2040176,yes
1854,"Could I Be Falling in Love","Syl Johnson",73,7A,33,2026-06-12,03:08,41,"soul, northern soul, soul blues, classic soul","R&B, Blues","Diamond in the Rough",1974-00-00,55,63,0,40,0,10,-12,D minor,4,0SlBjQHEfRaVhqZ5SB1SRZ,"Fat Possum",US2HK0917904,no
1855,"Earth Angel","The Penguins",73,4B,19,2026-06-12,02:58,45,"doo-wop","Pop, R&B","Earth Angel - 1954-1960",2011-10-14,51,92,0,49,0,10,-12,G#/A♭,4,3iQaSx6G50ptbEnzgsaQQy,"Jasmine Records",GBDAG1104023,no
1856,"Heaven and Paradise","Don Julian & The Meadowlarks",73,4B,15,2026-06-12,02:52,0,"doo-wop","Pop, R&B","Heaven and Paradise",2018-01-19,46,97,0,55,0,10,-10,G#/A♭,4,7qgGGvF9axzAY5zrWsYHKN,"Hitstown",USBT21610969,no
1857,"Steamboat Gwine 'Round De Bend","John Fahey",73,9B,30,2026-06-12,04:14,11,"folk","Folk","Of Rivers And Religion",1972-00-00,36,66,73,37,0,0,-12,G,4,4ZNljtJiTXNdWnwnAfgDeq,"Rhino/Warner Records",USRE10300378,no
1858,"Have You Ever Been (To Electric Ladyland)","Jimi Hendrix",73,3A,50,2026-06-12,02:10,50,"psychedelic rock, classic rock, acid rock, blues rock","Rock, Blues","Electric Ladyland",1968-10-25,43,23,0,66,0,10,-9,A#/B♭ minor,4,3Yh64aiu2ANBwDFztyPDkT,"Legacy Recordings",USQX90900736,no
1859,"Dirty Work","Steely Dan",73,3B,21,2026-06-12,03:10,78,"yacht rock, classic rock","Rock, Pop","Can't Buy A Thrill",1972-11-01,58,77,0,52,0,10,-18,C♯/D♭,4,3IvTwPCCjfZczCN2k4qPiH,"Geffen",USMC17347180,no
1860,"If You Think You're Lonely Now","Bobby Womack",73,5A,52,2026-06-12,05:33,60,"soul, classic soul","R&B, Blues","The Poet",1981-00-00,65,51,0,65,0,10,-12,C minor,4,6BSHpKBd2pc3A9WQfRWzyM,"ABKCO Music & Records, Inc.",USA172080406,no
1861,"Heaven and Paradise","Don Julian & The Meadowlarks",73,4B,15,2026-06-12,02:52,10,"doo-wop","Pop, R&B","Heaven and Paradise",2018-01-19,46,97,0,55,0,10,-10,G#/A♭,4,7stCK2gl2d9OjprSxdqWtd,"Hitstown",USBT21610969,no
1862,"You Know You Want to Be Loved","Keith Barrow",73,10B,57,2026-06-12,03:38,33,"philly soul","R&B","Physical Attraction",2014-12-12,55,4,0,84,0,10,-10,D,4,2i245t7Dpihw0pQbIOgGQg,"SMCMG",USSM11306834,no
1863,"Il est tout pour moi - Stereo Mix","Françoise Hardy",73,7A,51,2026-06-12,01:57,37,"chanson, french pop, variété française, french jazz","Folk, Traditional Music, Jazz, Pop","Tous les garçons et les filles",1962-06-30,59,78,0,96,0,10,-10,D minor,4,3GGnrPooitgHfLzzaiJW9F,"Vogue",FRZ196200200,no
1864,"You Gotta Make It Through The World","Van Morrison",73,7B,32,2026-06-12,03:23,0,"classic rock, folk, folk rock, mellow gold, rock, singer-songwriter, soft rock","Rock, Folk","You Gotta Make It Through The World",2024-08-22,60,64,0,66,0,30,-10,F,4,5a2OX49gGzFEtK3GSbAWaz,"Exile Productions Ltd.",USZXT2454221,no
1865,"Hold On","Shane-O, Damage Musiq",73,9B,52,2026-06-12,03:38,0,"dancehall, riddim","Reggae, Electronic","Conquest Paradise",2019-02-15,73,22,0,39,30,10,-8,G,5,0iJoIBToB0pIOTZuZSIU68,"Damage Musiq",QM6P42301631,yes
1866,"Borelesyow Bleujyowa","Daisy Rickman",73,12B,20,2026-06-12,06:03,25,"","","Donsya A'n Loryow",2022-08-13,50,92,85,10,0,0,-21,E,4,1uuPRoT7sE7A6tcDrim8vb,"Independent",GBLFP2277528,no
1867,"Summer Of Synesthesia","Jimi Tenor, Cold Diamond & Mink",73,8A,36,2026-06-12,04:44,16,"retro soul","R&B","Summer Of Synesthesia",2025-01-03,47,2,64,63,0,0,-11,A minor,4,5wew02slQckjiz7OcDeAzg,"Timmion Records",FITI32400015,no
1868,"headboard","Lil Ugly Mane",73,6B,91,2026-06-12,03:43,40,"experimental hip hop, cloud rap, plunderphonics, neo-psychedelic, southern hip hop, horrorcore","Hip Hop, Metal, Rock, Electronic","headboard",2021-07-27,34,64,90,41,0,20,-4,A#/B♭,4,52DsWUCHuXcRASsfnCCNgR,"blormskweezium",QZMEQ2040176,no
1869,"Forever","The Beach Boys",73,5A,29,2026-06-12,02:43,47,"baroque pop","Classical, Pop","Made In California",2013-01-01,43,53,0,27,0,0,-12,C minor,4,74WNO0b2GHqhdBsn7l1NG1,"Capitol Records (CAP)",USGJP1300212,no
1870,"Run","Fine",73,3B,49,2026-06-12,03:36,40,"","","Run",2025-06-25,22,6,46,10,0,20,-9,C♯/D♭,4,29YCXYGQo3YU7lx3g2EgLI,"Escho",FRX282585484,no
1871,"The Blessing Song","Michael White",73,4B,35,2026-06-12,06:14,38,"free jazz, experimental jazz","Jazz","Pneuma",1972-01-01,48,80,46,65,0,0,-15,G#/A♭,4,1tO5IV6beNuuSTAVVZuI0N,"Verve Reissues",USUM70603212,no
1872,"Summer Of Synesthesia","Jimi Tenor, Cold Diamond & Mink",73,8A,36,2026-06-12,04:44,17,"retro soul","R&B","July Blue Skies",2025-04-25,47,2,64,63,0,0,-11,A minor,4,3QxbwqhYH12BZw43ByO4r5,"Timmion Records",FITI32400015,no
1873,"I've Got Your Number","Ned Doheny",73,11A,51,2026-06-12,03:15,36,"yacht rock, aor","Rock, Pop","Hard Candy",1976-12-02,72,62,4,91,0,10,-13,F#/G♭ minor,4,41l5dqHlRgWfjr79pCzoLe,"Legacy Recordings",USSM10502904,no
1874,"Soul Love - 2012 Remaster","David Bowie",73,10B,40,2026-06-12,03:34,58,"glam rock, art rock","Rock","The Rise and Fall of Ziggy Stardust and the Spiders from Mars (2012 Remaster)",1972-06-06,57,6,0,71,0,20,-12,D,4,1bo6xzrCrK7ocEirC5rrZk,"Parlophone UK",USJT11200002,no
1875,"FORETOLD","Gyeongsu",73,11A,73,2026-06-12,03:34,22,"","","FORETOLD",2026-05-11,64,21,59,61,0,0,-9,F#/G♭ minor,4,2cA4MXDsqXJYdddnIGHfdX,"Gyeongsu",SE6QE2635197,no
1876,"Hangin' Downtown","Cameo",72,3A,41,2026-06-12,05:07,36,"funk","R&B","She's Strange",1984-00-00,60,32,0,56,0,30,-14,A#/B♭ minor,4,7zLJawuzuYQDmzUen1unZv,"Island Mercury",USMR18487028,no
1877,"Child Of Nature - Esher Demo","The Beatles",72,2B,32,2026-06-12,02:37,37,"classic rock, psychedelic rock","Rock","The Beatles",2018-11-09,48,67,0,44,0,10,-11,F#/G♭,3,1MQhdLXEHmUWLF0bu7uVff,"UMC (Universal Music Catalogue)",GBUM71802753,no
1878,"Time","Otis the 3rd",72,1B,34,2026-06-12,03:47,23,"","","Time b/w Walk On By",1971-01-01,47,68,0,52,0,10,-11,B,4,69isaB56OB57sPDKoucYym,"Numero Group",USCW60701616,no
1879,"Cascata di Malbacco","John Carroll Kirby",72,3B,0,2026-06-12,18:08,31,"ambient jazz","Easy Listening, Jazz","Tuscany",2019-10-28,19,99,91,4,0,10,-30,C♯/D♭,3,3sCaGhYUT0HytB06FG9M23,"Patience",USLZJ1993126,no
1880,"Katarina, Katarina","Jorge Ben Jor",72,11B,55,2026-06-12,04:04,40,"mpb, bossa nova, samba, brazilian jazz","Jazz, Latin","Bem-Vinda Amizade",1981-00-00,77,22,0,94,0,0,-14,A,4,3P6tp78NKjhldcTAdKlEKs,"Som Livre",BRSGL0400074,no
1881,"Mother's Love","Emahoy Tsege Mariam Gebru",72,9B,4,2026-06-12,03:39,46,"ethiopian jazz","Jazz","Ethiopiques, vol. 21: Emahoy (Piano Solo)",2006-00-00,42,100,95,28,0,0,-25,G,3,5SnYnqM27WNCTN8siQqtbv,"Buda musique",FR6V86300016,no
1882,"Lovin' You","Minnie Riperton",72,11B,16,2026-06-12,03:43,67,"","","Perfect Angel",1974-00-00,39,96,0,41,0,0,-15,A,4,3ebYtLVuV4HzEZUDcpZB9p,"Capitol Records",USCA28800360,no
1883,"CIS1","Bo Khat Eternal Troof Family Band",72,7A,14,2026-06-12,02:01,37,"","","Ireland",2019-08-09,50,87,93,23,0,10,-20,D minor,4,3VnRlQIzFELVisTEWwAM7Q,"World Music",USYBL1901449,no
1884,"Six Pack","ESG",72,10B,49,2026-06-12,04:16,28,"post-punk, post-disco","Pop, R&B, Rock","Step Off",2002-10-08,44,20,0,74,10,10,-10,D,4,0ftRuaehGfrQes3rLQ7Fdz,"Fire Records",GBCKK1123204,no
1885,"The Legend Of Haziz - Cover of Shabtai by Haziz","The Zenmenn, Farao",72,11A,38,2026-06-12,05:42,24,"norwegian pop","Pop","10",2023-12-15,44,69,5,23,0,0,-11,F#/G♭ minor,4,1F2jefhJxDUnEdMGnHEgIb,"Music From Memory",NLD7H2300048,no
1886,"born again freestyle (shed a tear).mp3","Samba Jean-Baptiste",72,12A,60,2026-06-12,02:33,51,"","","born again freestyle (shed a tear).mp3",2025-07-04,54,56,50,39,0,10,-13,C♯/D♭ minor,4,3lwQeU821bQqCTVbZYAfZ4,"AM Radio",QZTB72555206,no
1887,"HOWWEFLOW","GENA, Liv.e, Karriem Riggins",72,10B,72,2026-06-12,02:41,21,"neo soul, alternative r&b, experimental hip hop","Pop, R&B, Hip Hop","HOWWEFLOW",2025-12-11,57,34,0,72,10,10,-7,D,4,3MuINx2FrgmTWKk9yWMiHj,"Lex Records",GBMYF2500109,no
1888,"Dear Money","Josephine Network",72,9B,43,2026-06-12,02:45,3,"power pop","Pop, Rock","Music is Easy",2020-01-10,64,53,0,95,0,30,-10,G,4,6ngHYAH47gSRL2mU8d9eja,"DIG!",USA2Z1901455,no
1889,"I Never Want To Be Without You","AIR",72,3B,14,2026-06-12,03:22,18,"","","In Need of You featuring Googie",2009-08-08,58,84,0,45,0,10,-16,C♯/D♭,4,0j5XRIuOKp6Nsx6FRan8Z9,"AIR",USNQH0800082,no
1890,"Down Where The Valleys Are Low - Remastered Version","Judee Sill",71,8B,28,2026-06-12,03:52,33,"singer-songwriter, baroque pop, folk","Classical, Pop, Folk","Heart Food",1973-00-00,22,82,0,31,0,0,-12,C,3,4emSg7vaZSfiwnJF0BVFhK,"Rhino",USEE10300704,no
1891,"Another Life","D'Angelo",71,11B,61,2026-06-12,05:58,48,"neo soul","R&B","Black Messiah",2014-12-15,57,13,3,36,0,10,-8,A,4,2f9mmR37OEceYERbXml0Nj,"RCA Records Label",USRC11403109,no
1892,"I Have Met Miss Jones","Salenta + Topu",71,12B,17,2026-06-12,06:40,5,"","","Moon Set, Moon Rise",2021-05-06,35,99,93,7,0,10,-18,E,3,65s4zG4Epf6sVlLob7KprN,"2988864 Records DK",QZHN52197742,no
1893,"Not In the Band","Peel Dream Magazine",71,2A,9,2026-06-12,02:15,10,"shoegaze, dream pop","Pop, Rock","Pad",2022-10-07,48,99,91,32,0,10,-22,D#/E♭ minor,3,1oz5JWd2phQDyuQwARFU9z,"Tough Love Records",US4TA2200102,no
1894,"Once-Upon-A-Time","Jamilah Barry",71,8A,49,2026-06-12,02:44,38,"uk r&b, alternative r&b","Pop, R&B, Hip Hop","Romance Me",2020-11-20,58,38,0,17,0,0,-7,A minor,4,0ruXlI2lrBoSApcBbjtRE4,"Independent",FR26V2038333,no
1895,"Kurd Shepherd Dance","Thomas de Hartmann",71,8A,9,2026-06-12,01:54,10,"sufi","Traditional Music","The Music of Gurdjieff / De Hartmann",1989-00-00,60,100,96,57,0,10,-23,A minor,4,6UQWelQNwqLUkDFYK8s2ot,"G-H Records",USDHM0702678,no
1896,"Flor do Real","Sessa",71,4A,38,2026-06-12,03:34,45,"new mpb","Latin, Traditional Music","Grandeza",2019-06-04,42,90,5,60,0,10,-10,F minor,4,6GwSTzPQnwMiWMkwTyN0tK,"Mexican Summer",GBKPL1949130,no
1897,"Can't We Smile?","Johnny  Hammond  Smith",71,10A,61,2026-06-12,04:35,45,"jazz funk, soul jazz, jazz fusion, acid jazz","Jazz, R&B, Electronic, Rock","Gears",1975-09-01,53,31,1,43,0,10,-9,B minor,4,4ICujrlyR5rxhLGmM7idBb,"Craft Recordings",USC4R2004439,no
1898,"Little Wing","Jimi Hendrix",71,2B,53,2026-06-12,02:25,71,"psychedelic rock, classic rock, acid rock, blues rock","Rock, Blues","Axis: Bold As Love",1967-12-01,52,18,0,43,0,0,-8,F#/G♭,4,1Eolhana7nKHYpcYpdVcT5,"Legacy Recordings",USQX90900757,no
1899,"May","Anthony Naples",71,12A,29,2026-06-12,06:22,11,"dub techno, lo-fi house, idm, ambient","Electronic, New Age","In Studio Magic",2025-12-12,54,91,50,30,0,10,-13,C♯/D♭ minor,4,1D6V33YqxElNDBDtbKse3B,"ANS",QZZEB2528367,no
1900,"Fearless - 2011 Remastered Version","Pink Floyd",70,9B,28,2026-06-12,06:07,0,"progressive rock, psychedelic rock, classic rock, art rock, rock","Rock","Meddle (2011 Remastered Version)",1971-11-05,32,19,5,18,0,30,-19,G,4,5WEOx4ZXcfX3wvbfxsAoDO,"Pink Floyd Records",GBN9Y1100062,no
1901,"Washed Away","Kelela",70,9A,42,2026-06-12,03:36,0,"alternative r&b","Pop, R&B","Washed Away",2022-09-13,23,98,97,14,0,20,-10,E minor,3,4Ci2V1PsULUIdpcd4YVlLg,"Warp Records",GBBPW2200061,no
1902,"Feeling Dizzy","Everything But The Girl",70,8B,13,2026-06-12,04:14,28,"new wave pop, sophisti-pop, trip hop","Pop, Electronic, Hip Hop","Night and Day",1982-11-01,36,94,2,13,0,0,-18,C,4,31pfOGCRJ4YHib8pur9G7X,"Cherry Red Records",GBBLY8200009,no
1903,"Heaven Must Have Sent You","The Elgins",70,7A,61,2026-06-12,03:09,46,"northern soul, motown, classic soul","R&B, Pop","SoulBoy - Original Motion Picture Soundtrack",2010-01-01,62,31,0,62,0,10,-4,D minor,4,1MpSJECFG0zMGSNrdbvmQ4,"UMC (Universal Music Catalogue)",USUM70501395,no
1904,"Walk On By","Isaac Hayes",70,2B,60,2026-06-12,12:00,47,"soul, classic soul, funk","R&B, Blues","Hot Buttered Soul",1969-06,26,7,14,51,0,0,-11,F#/G♭,4,1jwKdqb7OindD204ocIryP,"Stax",USC4R1605492,no
1905,"E Preciso Perdoar","Ryuichi Sakamoto, Cesária Evora, Caetano Veloso",70,4A,50,2026-06-12,06:02,34,"japanese classical, ambient, fado, mpb, bossa nova, samba","Electronic, New Age, Jazz, Latin, Folk, Traditional Music, Classical","Red Hot & Rio",1996-01-01,61,26,0,39,0,20,-11,F minor,4,4BUaH8RQ7Gn0w5UCrUP1Kd,"Verve Reissues",USUG10701086,no
1906,"Pardon","Yu Su",70,8B,1,2026-06-12,03:48,26,"","","I Want an Earth",2023-07-28,28,99,94,13,0,10,-26,C,1,1nBA4QinIbQyRzVgG0UJGy,"Pinchy & Friends",UKU932380384,no
1907,"Italy","Rain Dogs",70,8B,52,2026-06-12,03:34,40,"cold wave, darkwave, post-punk","Electronic, Rock","Rain Dogs",2021-01-27,58,40,95,46,0,10,-10,C,4,60bZAVBK98Y0SFt2XHHK8k,".jpeg Artefacts",QZ5FN2114230,no
1908,"You're so Fine","Papa Bear & His Cubs",69,10B,37,2026-06-12,02:53,51,"","","You're so Fine",2019-06-28,52,84,16,68,0,10,-13,D,4,3xBWfh0s2XgT65AGgMPsj6,"Athens Of The North",GBRH31200513,no
1909,"Can I Tell You Tomorrow?","Nourished by Time",69,5A,36,2026-06-12,03:16,16,"indie electronic","Electronic, Pop, Rock","The News",2020-11-23,68,70,28,55,0,10,-8,C minor,4,0FRmzXVylMfuTy19ehZlCd,"2229024 Records DK",QZNWU2042088,no
1910,"Sea Fireflies","Masahiro Takahashi",69,11B,13,2026-06-12,03:39,0,"ambient jazz, ambient","Electronic, New Age, Easy Listening, Jazz","Humid Sun",2023-03-31,13,98,91,4,0,10,-17,A,5,5W4br9Z0FSKrxbxZQxp0eK,"Telephone Explosion Records",USA2B2204904,no
1911,"Carol Ann","Soft Machine",69,7B,0,2026-06-12,03:44,0,"progressive rock, jazz fusion, krautrock, psychedelic rock, art rock, acid rock, space rock","Rock, Electronic, Jazz","Seven",1973-01-25,12,99,85,11,0,10,-36,F,4,5qxcxP2eJz5AoJ1Z70FUZb,"Sony Music Media",USSM10210728,no
1912,"Mystery","Turnstile, BADBADNOTGOOD",69,9A,31,2026-06-12,02:21,45,"hardcore punk, hardcore","Electronic, Rock","New Heart Designs",2023-08-11,29,67,43,21,0,10,-11,E minor,4,0IZonFIeRHblWsP0pFieyS,"Roadrunner Records",NLA322300133,no
1913,"Heaven","Cleo Sol",69,4B,16,2026-06-12,02:42,46,"neo soul, alternative r&b, uk r&b","Pop, R&B, Hip Hop","Heaven",2023-09-15,61,83,0,43,10,0,-14,G#/A♭,4,7a8PhNagyGpyzbmAsAg76b,"Forever Living Originals",UKMEH2300193,no
1914,"What Are You Trying To Do","Irma Thomas",69,8A,46,2026-06-12,02:12,21,"classic soul","R&B","Take A Look",1966-01-01,39,53,0,75,0,40,-9,A minor,4,2U1nX7CF8390THUqj9TkHe,"Capitol Records",USCA26500179,no
1915,"A Noite Do Meu Bem - Ao Vivo","Milton Nascimento",69,6A,33,2026-06-12,03:40,22,"mpb, bossa nova, brazilian jazz","Jazz, Latin","Milton Nascimento Ao Vivo",1983-12-05,18,51,0,12,0,80,-15,G minor,4,0j9kT6IzwlqWpY4hIJZLW4,"Universal Music Ltda.",BRMCA8300201,no
1916,"Theme from Western Sky Music","Jeffrey Silverstein",69,8B,38,2026-06-12,03:35,0,"","","Theme from Western Sky Music",2023-04-19,47,10,85,17,0,0,-9,C,3,46xxB57gUxcSxSqJa621gO,"Arrowhawk Records",USA2B2307039,no
1917,"Dreams","Cindy Mbando",69,8B,52,2026-06-12,03:36,0,"","","Stainless",2025-08-01,59,25,0,20,20,10,-7,C,3,5VKHdiaigpvTtrpuAsnUI9,"BGC Melody",QZWFL2589316,no
1918,"Magic in the Air","Badly Drawn Boy",69,8B,31,2026-06-12,03:43,35,"britpop","Pop, Rock","The Hour of Bewilderbeast",1999-09-06,32,98,37,29,0,10,-11,C,3,3CAuBe4iBim8OVLVGqBq14,"XL Recordings",GBBKS0000016,no
1919,"A Love of Your Own","Average White Band",68,8A,48,2026-06-12,07:05,14,"funk","R&B","AWB R&B",2016-02-26,56,6,0,57,0,70,-10,A minor,4,3jSu7QrPj4UROxD3RtQGhC,"AWB Records",QMEU31519628,no
1920,"Blink","Hiroshi Yoshimura",68,8B,5,2026-06-12,04:44,0,"ambient, minimalism, drone","Electronic, New Age, Classical","Kankyō Ongaku: Japanese Ambient, Environmental & New Age Music 1980-1990",2019-02-15,23,98,94,30,0,0,-20,C,5,0E8qgLWWmNHDp7Z8nUf68z,"Light In The Attic",USDEA1759903,no
1921,"Video Life","Chris Spedding",68,12B,68,2026-06-12,03:12,52,"rockabilly, glam rock, power pop","Rock, Pop","Guitar Graffiti (Expanded Edition)",1978-01-01,53,16,0,64,0,60,-6,E,4,64bWAl2OJFilKBf8bl5rXx,"Rhino",GBAYE7900156,no
1922,"Portrait of Tracy","Jaco Pastorius",68,8B,5,2026-06-12,02:22,48,"jazz fusion, jazz funk, jazz","Jazz, R&B, Electronic, Rock","Jaco Pastorius",1976-00-00,24,97,95,12,0,10,-28,C,3,5NBAy2oiS9OIWyAZhklsH2,"Epic/Legacy",USSM19910104,no
1923,"Japura River","Philip Glass, Kristjan Järvi, Charles Coleman, MDR Leipzig Radio Symphony Orchestra, Absolute Ensemble",68,4A,28,2026-06-12,04:05,25,"minimalism, contemporary classical, classical, neoclassical","Classical","Glass: Aguas da Amazonia",2017-03-19,29,97,92,52,0,10,-17,F minor,4,19pDFXMewAsp2xMCArTWem,"Orange Mountain Music",US65R1611502,no
1924,"LONDONDERRY","Phil Cordell",68,10B,76,2026-06-12,03:10,0,"","","Hearts On Fire Anthology",2008-00-00,24,43,49,56,0,30,-7,D,4,3G0bupXw3cxJeBwr8miF5g,"Angel Air",GBHMX0823906,no
1925,"First Exposure","Roy Montgomery",68,4B,6,2026-06-12,02:28,0,"post-rock, drone, space rock, neo-psychedelic","New Age, Rock","Camera Melancholia",2022-11-25,56,97,87,4,0,10,-20,G#/A♭,4,6j12icjtNgJDelZbi4gX2I,"Grapefruit",USCPT2212601,no
1926,"Sea Fireflies","Masahiro Takahashi",68,11A,13,2026-06-12,03:39,34,"ambient jazz, ambient","Electronic, New Age, Easy Listening, Jazz","Humid Sun",2023-03-31,17,98,91,4,0,10,-17,F#/G♭ minor,5,5IjYxgctZUauYxYopFyEBv,"Telephone Explosion Records",USA2B2204904,no
1927,"Imperial","Robin Guthrie",68,10A,16,2026-06-12,06:14,20,"ambient, drone, space music, dream pop","Electronic, New Age, Pop, Rock","Imperial",2003-00-00,16,70,88,12,0,10,-23,B minor,3,5b4yxogwlFR6gwz6Jq7eJn,"Soleil Après Minuit",GBBRP0348001,no
1928,"Phoenix At Desert","Akio / Okihide",68,11B,38,2026-06-12,05:51,18,"ambient","Electronic, New Age","Virtual Dreams II - Ambient Explorations In The House & Techno Age, Japan 1993-1999",2024-10-18,19,99,97,4,0,10,-16,A,3,2hy0Pz1yWFs8WyK5AUT0mT,"Music From Memory",NLD7H2400057,no
1929,"Blush","Wilson Tanner",68,11A,10,2026-06-12,03:50,0,"ambient jazz, ambient","Electronic, New Age, Easy Listening, Jazz","Blush",2025-03-11,67,94,56,21,0,10,-17,F#/G♭ minor,4,6PXXyLYTDjKeTu5iWI2GA5,"Efficient Space",QM4TW2506428,no
1930,"Blush","Wilson Tanner",68,11A,10,2026-06-12,03:50,45,"ambient jazz, ambient","Electronic, New Age, Easy Listening, Jazz","Legends",2025-05-09,67,94,56,21,0,10,-17,F#/G♭ minor,4,12WC6MUmETeDLzoQoVaCp5,"Efficient Space",QM4TW2506428,no
1931,"Monster Mash","Bobby  Boris  Pickett, The Crypt-Kickers",68,10A,50,2026-06-12,03:12,57,"","","The Original Monster Mash",1962-00-00,54,38,0,71,40,40,-14,B minor,4,0xxZY5C9xxij3D1HkzbnfC,"Decca Music Group Ltd.",GBBBA7360050,no
1932,"Fool To Cry - Remastered 2009","The Rolling Stones",68,7B,45,2026-06-12,05:05,57,"classic rock, rock","Rock","Black And Blue (Remastered 2009)",1976-04-23,44,89,5,24,0,10,-7,F,4,3T8dfE0azJUmXJA3QlmiZ5,"Polydor Records",GBUM70909347,no
1933,"Solo Guitar With Tin Foil","Brian Eno, David Byrne",67,8A,0,2026-06-12,03:00,15,"ambient, krautrock, art rock, minimalism, drone, glam rock, space music, art pop","Electronic, New Age, Pop, Rock, Classical","My Life In The Bush Of Ghosts",1981-02-01,32,99,33,6,0,10,-24,A minor,3,7IB57Sj4dwlO4iSSumkugN,"Virgin Catalogue",GBAAA0500596,no
1934,"Robyn","cktrl",67,9A,15,2026-06-12,05:30,0,"ambient jazz","Easy Listening, Jazz","Robyn",2020-10-30,28,98,90,7,0,10,-12,E minor,3,40BvDslaoDBzqKjexjlFXr,"Touching Bass",GBKPL2026229,no
1935,"Song of Abayi","Emahoy Tsege Mariam Gebru",67,4B,10,2026-06-12,03:13,49,"ethiopian jazz","Jazz","Ethiopiques, vol. 21: Emahoy (Piano Solo)",2006-00-00,35,100,86,13,0,10,-18,G#/A♭,3,185EiYT58r61hdnHxjKVzT,"Buda musique",FR6V86300023,no
1936,"Robyn","cktrl",67,9A,15,2026-06-12,05:30,32,"ambient jazz","Easy Listening, Jazz","Robyn",2020-10-30,28,98,90,7,0,10,-12,E minor,3,2QUXnZuZYqc5RAgSJILpb6,"Touching Bass",GBKPL2026229,no
1937,"Evening Breeze","Emahoy Tsege Mariam Gebru",67,11B,12,2026-06-12,02:51,43,"ethiopian jazz","Jazz","Ethiopiques, vol. 21: Emahoy (Piano Solo)",2006-00-00,29,99,89,23,0,10,-21,A,3,4eGHUzBXywhXqv6QS9kC2h,"Buda musique",FR6V86300025,no
1938,"The Known Unknown","KHAN JAMAL",67,9A,54,2026-06-12,08:53,18,"free jazz, ambient jazz","Easy Listening, Jazz","Infinity",2021-08-20,45,36,1,43,0,10,-12,E minor,4,1Pw1wGb42T6VqRsepROdZP,"JAZZ ROOM RECORDS",GX3Q92016317,no
1939,"Chuva Da Montanha","Lô Borges",67,9B,52,2026-06-12,02:45,40,"mpb, brazilian jazz","Jazz, Latin","A Via-Láctea",1979-03-09,47,56,0,41,0,10,-8,G,5,3ABQnERMh5FrAlh35ZPIYM,"EMI Brazil",BREMI7900148,no
1940,"I Wanna Be Loved","Sam Wilkes, Dylan Day, Thom Gill, Chris Fishman, Craig Weinrib",67,9B,22,2026-06-12,03:51,38,"ambient jazz, nu jazz, indie jazz, experimental jazz","Easy Listening, Jazz, Pop, Electronic","iiyo iiyo iiyo",2024-10-11,63,88,89,13,0,10,-10,G,4,1akh9vSmB1ZD55NsqEMPkP,"WILKES RECORDS",USYBL2401707,no
1941,"Burning Candle","Cindy Lee",67,12B,11,2026-06-12,02:18,0,"","","Model Express",2018-11-09,24,87,95,6,0,10,-19,E,4,0OJVwRxR9y40Q0Wu29bDJY,"W.25TH / Superior Viaduct",USA2Z1811919,no
1942,"O Grande Lance É Fazer Romance","Fernanda",67,4B,38,2026-06-12,03:46,13,"","","Fera",1980-08-20,57,61,0,64,0,30,-15,G#/A♭,4,6zI6Se8bnLGzNwASl7BpcI,"Som Livre",BRRGE8100281,no
1943,"Mexican Summer","Connan Mockasin",67,10B,37,2026-06-12,02:28,33,"","","Mexican Summer",2025-08-15,75,58,75,53,0,20,-13,D,3,3gTTiF7Ju0hcg7KiD8iSLU,"Mexican Summer",QMV8L2538305,no
1944,"Diagonal","The Motifs",67,9B,54,2026-06-12,01:45,4,"","","Away",2007-04-25,59,57,0,62,0,0,-12,G,4,18Y1HRvIA5OgybW0cqvBmg,"3013674 Records DK",QZTBC2457808,no
1945,"miro todo","Juana Molina",67,8B,41,2026-06-12,08:52,14,"","","DOGA",2025-11-05,29,86,92,11,0,10,-15,C,4,0ZNigFlUBFGuvKB3Q40fxX,"RGS Music bajo licencia exclusiva de Sonamos",AR4PD2500008,no
1946,"Valsa","Fabiano do Nascimento, Vittor Santos e Orquestra",67,8A,27,2026-06-12,03:45,42,"brazilian jazz","Jazz","Vila",2026-02-27,38,95,85,15,0,10,-13,A minor,3,2gHR5q97zJDWThbaNfVqOZ,"Far Out Recordings",GBDCR2500113,no
1947,"Closer","Blastah, DRVGジラ",66,9A,39,2026-06-12,02:30,2,"neoperreo","Electronic, Latin","Forever",2022-04-01,62,22,87,6,0,10,-10,E minor,5,0R301qdSDaF2BTPiCE0XyT,"worldwide unlimited",UK8261900877,no
1948,"Love Is For Always","Sun Ra",66,7B,27,2026-06-12,06:48,15,"free jazz, experimental jazz, jazz, avant-garde, hard bop","Classical, Jazz","Sub Underground #1",1974-00-00,26,97,69,25,0,10,-18,F,4,5bqnqbBiS1ElcjBkp85WIv,"Enterplanetary Koncepts",USCXG1401152,no
1949,"Girls Are Out To Get You - Original","The Fascinations",66,3B,63,2026-06-12,02:09,7,"northern soul, motown, doo-wop","Pop, R&B","The Fascinations' Just Another Reason",2006-06-24,59,16,1,93,0,0,-10,C♯/D♭,4,3JDmqJDMxlzx0W34n1EQZM,"Charly Records",USFB20658217,no
1950,"Sivaya","Sam Wilkes",66,8A,62,2026-06-12,05:16,15,"ambient jazz, nu jazz, indie jazz, experimental jazz","Easy Listening, Jazz, Pop, Electronic","Live on The Green",2019-11-08,48,90,95,50,0,10,-10,A minor,4,4qE56286FaztwrVHt1zE67,"Leaving Records",QMHG41961006,no
1951,"Earl Gray","Car Culture",65,3B,13,2026-06-12,02:39,0,"","","Dead Rock",2021-05-04,33,90,91,35,0,10,-18,C♯/D♭,3,6RfBsVeAJVkdP3FSk3FSP5,"Lighthead Records",USLZJ2146541,no
1952,"The Homeless Wanderer","Emahoy Tsege Mariam Gebru",65,5A,7,2026-06-12,07:07,42,"ethiopian jazz","Jazz","Ethiopiques, vol. 21: Emahoy (Piano Solo)",2006-00-00,43,99,89,21,0,0,-22,C minor,3,1NUdV2Lc7e2sbC14T7kG4q,"Buda musique",FR6V86300011,no
1953,"Seventy Cherrys","TWIN COSMOS",65,12A,5,2026-06-12,03:48,7,"","","Double Action",2022-10-20,9,69,23,4,0,30,-29,C♯/D♭ minor,4,4PuafigNybDivccEgfCAoI,"Left Ear Records",AUIPZ2200030,no
1954,"Nine Out Of Ten","Caetano Veloso",65,7A,41,2026-06-12,04:55,45,"mpb, bossa nova, samba","Jazz, Latin","Transa",1972-01-01,50,87,30,62,10,10,-16,D minor,4,2JNNbg38OtPLFoc66isKPQ,"Universal Music Ltda.",BRMCA7200153,no
1955,"el prado freestyle","untitled (halo)",65,11B,64,2026-06-12,02:28,1,"shoegaze","Rock","el prado freestyle",2023-02-09,43,16,87,21,0,20,-6,A,3,2SM2dnkNkwcXXPgprjpxW4,"2860527 Records DK2",QZDA42371711,no
1956,"Silky Lake","Masahiro Takahashi",65,7B,4,2026-06-12,03:44,0,"ambient jazz, ambient","Electronic, New Age, Easy Listening, Jazz","Humid Sun",2023-03-31,29,99,89,4,0,10,-19,F,5,2CqMO6TKMl4vuOjVWenHYt,"Telephone Explosion Records",USA2B2204901,no
1957,"On to Everafter","Acid King",64,9B,68,2026-06-12,06:19,20,"stoner metal, sludge metal, doom metal, drone metal, space rock, acid rock","Rock, Metal","III",2005-06-21,16,0,75,25,0,10,-9,G,4,7qD2WGvXGDXRxO5vXgXhAu,"Acid King",TCABW1445137,no
1958,"Inside A Ruin","John Carroll Kirby",64,5A,8,2026-06-12,06:06,16,"ambient jazz","Easy Listening, Jazz","Conflict",2020-04-02,61,99,94,35,0,10,-22,C minor,4,03s5Sh8hg8vnVcztGuPXyl,"Stones Throw Records",US2S72041007,no
1959,"Mr. Brew","El Michels Affair",64,8B,35,2026-06-12,02:47,12,"","","Kodak",2025-03-18,64,77,91,24,0,10,-9,C,4,35QGwSeZYlsZFxFgSZt268,"Big Crown Records",QZ2L62400123,no
1960,"Something Keeps Me Real Quiet","Youandewan",64,3B,57,2026-06-12,05:47,39,"lo-fi house","Electronic","There Is No Right Time",2016-10-14,62,4,79,33,0,0,-11,C♯/D♭,4,2rtfLVvKbTOPTf2gHrZ8DY,"Aus Music",GBJPB1600647,no
1961,"Tangitangi o te Ata","SANGUINE",64,11B,8,2026-06-12,00:58,13,"free jazz","Jazz","Paraíso",2026-04-15,72,84,55,25,0,10,-18,A,4,1BkDvnamAT0N36KkagXpeY,"Noa Records",NZRI12600414,no
1962,"Joined-Up Writing","Blueboy",63,9B,52,2026-06-12,05:01,0,"jangle pop, indie pop, dream pop","Pop, Rock","Lights on a Darkening Shore: a Shinkansen Compilation",2000-07-03,16,25,0,19,0,30,-13,G,4,2SYW5p0FZKmKd8kBG3VWol,"SHINKANSEN RECORDINGS",GBMZG0600029,no
1963,"Sola Sistim","Underworld",63,4A,49,2026-06-12,06:26,55,"big beat, electronica","Electronic","A Hundred Days Off",2002-00-00,64,53,85,67,0,10,-10,F minor,4,4hWuNTCyQeQkzBPjjVE9rX,"Smith Hyde Productions",GBBLK0200121,no
1964,"Runner Up","Okonski",63,7A,31,2026-06-12,05:37,41,"ambient jazz","Easy Listening, Jazz","Magnolia",2023-02-24,52,63,95,29,0,10,-13,D minor,4,4GUMlES23RLZAjZFDWCYVl,"Colemine Records",QZDMQ2250107,no
1965,"This Is the Day","Mamas Gun",63,7A,30,2026-06-12,02:51,18,"retro soul","R&B","Golden Days",2018-02-23,27,99,8,46,0,40,-15,D minor,3,2whnpAWEeqFttNx9xPCtYe,"Légère Recordings",GB3ZD1800020,no
1966,"Playground Love - Vibraphone Version","Air",63,12A,27,2026-06-12,03:48,39,"trip hop, downtempo","Electronic, Hip Hop","The Virgin Suicides Redux",2025-09-26,51,72,93,6,0,10,-10,C♯/D♭ minor,4,6pHYSYEGL2f9ySehE3RD7L,"Aircheology",FR71S9900015,no
1967,"String Quartet No. 14 in C-Sharp Minor, Op. 131: VI. Adagio quasi un poco andante","Ludwig van Beethoven, Alban Berg Quartett",62,1A,9,2026-06-12,01:23,0,"classical, classical piano, chamber music","Classical","Chamber Music - Mozart, Haydn & Beethoven",2022-05-07,17,98,90,7,0,20,-26,G#/A♭ minor,3,1Jg7Zr7GOKP6uIhyHX4ikD,"Warner Music Group - X5 Music Group",GBAYC8902986,no
1968,"Sanity","Tony Bontana",62,3A,71,2026-06-12,03:15,4,"experimental hip hop","Hip Hop","P.O.V (Deluxe)",2022-02-14,47,17,0,70,10,30,-8,A#/B♭ minor,5,2kPFEaJS6fu3iXwvIN72vf,"Everything Is Perfect Records",QZTAT2137910,yes
1969,"Until The Rain Comes","Don Cherry",62,6A,36,2026-06-12,12:21,12,"free jazz, experimental jazz, avant-garde, jazz","Classical, Jazz","Multikulti",1990-01-01,48,55,22,36,0,10,-19,G minor,4,1MhzTdBTV0nG2fcVOMlbdR,"A&M",USUM72112756,no
1970,"Fine Anyway","Rogér Fakhr",62,9A,39,2026-06-12,02:43,0,"","","Fine Anyway (Habibi Funk 016)",2021-04-09,60,85,0,48,0,10,-9,E minor,4,1CvYa7uK1o1YU9k8liIdRB,"HABIBI Funk Records",DESY21401225,no
1971,"Pink Shoes [Part II]","Jack J",62,5B,14,2026-06-12,01:25,21,"jazz house","Electronic, Jazz","Blue Desert",2024-11-01,49,75,93,49,0,10,-21,D#/E♭,4,2l51dqTwQkz0um6bhBlds3,"Mood Hut",USYBL2401941,no
1972,"I Wish It Would Rain","Mayer Hawthorne",61,6B,26,2026-06-12,03:58,24,"retro soul, pop soul","Pop, R&B","A Strange Arrangement",2009-00-00,77,86,2,57,0,10,-13,A#/B♭,4,0CTm1ae7buuBnWYtBxiECH,"Unknown",US2S70919006,no
1973,"Joined-Up Writing","Blueboy",61,9B,57,2026-06-12,05:03,14,"jangle pop, indie pop, dream pop","Pop, Rock","The Bank Of England",1998-06-01,16,23,0,16,0,30,-11,G,4,0blf8Wrp64PCwuInK5X2Mg,"SHINKANSEN RECORDINGS",GBMZG0600029,no
1974,"Rendez-Vous","Zhané",61,12A,34,2026-06-12,05:02,46,"new jack swing","R&B","Saturday Night",1997-04-22,54,55,0,20,0,0,-11,C♯/D♭ minor,4,2mYOqnBfDk2baqoWlmRiwd,"UNI/MOTOWN",USMO19700051,no
1975,"Kodak","El Michels Affair",61,6B,57,2026-06-12,02:56,35,"","","Kodak",2025-03-18,37,75,90,25,10,20,-7,A#/B♭,4,61JId4cKxT37dAx8Ugy49k,"Big Crown Records",QZ2L62400124,no
1976,"Don't Talk (Put Your Head On My Shoulder)","The Beach Boys",61,2B,18,2026-06-12,02:58,54,"baroque pop","Classical, Pop","Pet Sounds",1966-05-16,25,25,1,7,0,0,-12,F#/G♭,4,6BWZ4BPsftc9v7sUMFOAr4,"Capitol Records",USCA29600661,no
1977,"A Young Girl's Complaint","Emahoy Tsege Mariam Gebru",60,5B,14,2026-06-12,06:10,33,"ethiopian jazz","Jazz","Ethiopiques, vol. 21: Emahoy (Piano Solo)",2006-00-00,48,99,92,15,0,10,-20,D#/E♭,4,47crGzdCxVt3SjluOfQrdm,"Buda musique",FR6V86300013,no
1978,"Dedicada a ela","Arthur Verocai",60,9A,32,2026-06-12,03:33,59,"brazilian jazz, bossa nova, mpb","Jazz, Latin","Arthur Verocai",1972-00-00,32,46,47,50,0,0,-15,E minor,4,0eVnhQNFTRZXOIhHZNLX85,"WM Brazil",BRWMB0201050,no
1979,"Crystal Silence","Gary Burton, Chick Corea",60,8A,2,2026-06-12,09:01,31,"jazz, jazz fusion, latin jazz, free jazz","Jazz, Electronic, Rock, Latin","Crystal Silence",1973-04-16,38,99,87,11,0,0,-24,A minor,4,1Hq8J28icckPCfVBH1kSJD,"ECM Records",DEB337202405,no
1980,"...And The Sea...","Bill Ryder-Jones",60,11A,64,2026-06-12,02:10,19,"","","Iechyd Da",2024-01-12,32,36,99,20,0,0,-9,F#/G♭ minor,4,28N0XrmeR5vLGHiOMl8BpN,"Domino Recording Co",GBCEL2300159,no
1981,"Heaven","Pere Ubu",60,9B,42,2026-06-12,03:05,13,"post-punk, proto-punk, art rock, noise rock, new wave, avant-garde","Rock, Classical, Jazz, Pop","Terminal Tower",2018-04-21,74,9,0,76,0,0,-12,G,4,7iosx1qHHn5Pi5r05CSFNG,"Call Of The Void",GBCKK1837907,no
1982,"She's Alive","Bremer/McCoy",59,7A,3,2026-06-12,02:11,40,"ambient jazz","Easy Listening, Jazz","Forsvinder",2016-09-17,51,99,93,25,0,10,-28,D minor,4,1GLnM2xHIG9DdLGESEEA6n,"Raske Plader",USAR10301004,no
1983,"Don't Believe What They Say","Vashti Bunyan",58,9A,16,2026-06-12,02:12,20,"folk","Folk","Some Things Just Stick In Your Mind",2015-00-00,43,99,1,51,30,10,-20,E minor,4,6IEsFWLbJB0raefLEXEooH,"Branch Music Ltd.",GBDCA0700990,no
1984,"run","Florence Sinclair",58,2B,77,2026-06-12,01:25,19,"experimental hip hop","Hip Hop","departures, wonders & tears",2023-07-20,41,0,1,63,0,20,-9,F#/G♭,4,5SGyOIaaeSd7X18J0E1jIO,"Free Money",QZNWU2374549,no
1985,"NIUEANS OF ARIKI STREET - ARIKI STREET - 04","HANISI GARUE",52,7B,1,2026-06-12,01:36,14,"free jazz","Jazz","STILL HERE SEASON 2",2024-07-04,23,98,96,10,0,10,-26,F,3,3BUywxesZHeIyk3kAZwjlS,"Noa Records",QZPLS2486582,no
1986,"El Acabose","TRISTÁN!",51,3B,61,2026-06-12,03:31,38,"","","El Acabose/Ah! Ah! Ah!",2026-04-30,28,8,42,47,0,30,-14,C♯/D♭,4,1mAkDhcYUHRv9eNVKDCiPe,"Rusia IDK",BK4DA2631631,no
1987,"Ālibek’agnimi","Tilaye Gebre, Dahlak Band",50,3B,43,2026-06-12,06:04,23,"ethiopian jazz","Jazz","Ālibek’agnimi",2025-12-05,31,46,86,77,0,10,-11,C♯/D♭,4,59uvxq0XS7T1FrPthcCXrd,"Muzikawi",SEWXX2500201,no