 #,Song,Artist,BPM,Camelot,Energy,Added At,Duration,Popularity,Genres,Parent Genres,Album,Album Date,Dance,Acoustic,Instrumental,Valence,Speech,Live,Loud (Db),Key,Time Signature,Spotify Track Id,Label,ISRC,Explicit
1,"Love Song for Someone","Labi Siffre",139,11B,19,2026-06-12,02:47,48,"classic uk pop","Pop","Labi Siffre (Deluxe Edition)",1970-00-00,46,82,5,53,0,10,-16,A,4,6agbRiKOPcWFy7ooUX5L9L,"Edsel",GB01A0600004,no
2,"Sweet Romance","Brenda Ray",139,11B,69,2026-06-12,03:18,16,"lovers rock","Reggae","Walatta",2006-01-01,65,2,25,85,0,10,-7,A,4,73j5PJs2yoIkD54r4FUgeG,"Tamoki Wambesi Dove",FRIDO2112774,no
3,"dad","Duval Timothy",139,2B,40,2026-06-12,02:23,26,"ambient jazz","Easy Listening, Jazz","wishful thinking",2025-05-09,50,85,96,46,0,10,-12,F#/G♭,4,2kYLAEAIj873L4Zl5QfXa1,"Carrying Colour",QZNWV2500311,no
4,"All Roads Lead To Rome","The Stranglers",139,8A,81,2026-06-12,03:50,22,"proto-punk, new wave","Pop, Rock","Feline",1983-00-00,72,1,78,97,0,10,-12,A minor,4,0cEGf3SL2usils5LvW6Hkv,"Epic",GBBBM8202012,no
5,"Portal","Fine",139,12A,33,2026-06-12,02:23,44,"","","Portal",2025-09-03,42,38,0,44,0,10,-14,C♯/D♭ minor,4,7LYCoMFe1ciXBMdwZLmvG2,"Escho",FRX872536625,no
6,"Heaven's Child","Dwain Vigil",139,10A,67,2026-06-12,03:44,10,"yacht rock, aor","Rock, Pop","WTNG 89.9FM: Solid Bronze",2012-04-24,36,3,0,85,0,20,-10,B minor,4,2oCJRIsPZUDomGFrEcZDWF,"Numero Group",USCW61200209,no
7,"Just Like in the Movies","Bloodstone",139,7B,39,2026-06-12,03:26,24,"classic soul","R&B","Do You Wanna Do A Thing",1976-00-00,51,77,0,59,0,40,-15,F,4,4xn7IxDM9lgiOpcgXtrI3U,"Rhino",USRH10721794,no
8,"Time Million","Feater, Vilja Larjosto",139,6B,59,2026-06-12,04:49,41,"","","Socialo Blanco",2019-05-03,75,3,10,75,0,0,-12,A#/B♭,4,6qMhpDgWAubisGyfTmLEUO,"Running Back",DEVY91800055,no
9,"Senza di lei","Flavia Fortunato",139,6A,41,2026-06-12,04:07,3,"italo disco","Electronic, Pop","Flavia",2012-07-26,71,56,0,63,0,10,-13,G minor,4,5szCsBiDZ3Hs744bYtEbRa,"Mint Records",DEP068400107,no
10,"Sitting Room Dub","Mad Professor, Sane Inmates",139,8A,53,2026-06-12,05:43,6,"dub, reggae, roots reggae, electrocumbia, lovers rock","Electronic, Reggae, Latin","Ariwa Sounds: The Early Sessions",2023-09-01,78,1,92,68,0,20,-9,A minor,4,6Coa9ssJv653XVLCqKB06E,"Melodies International",UK9AV2301578,no
11,"If You Don't Cry","The Magnetic Fields",139,3B,82,2026-06-12,03:06,0,"anti-folk","Folk","69 Love Songs",1999-09-14,69,75,0,39,0,80,-11,C♯/D♭,4,7rFvsLCHSpfbdQWiP8SAc9,"Merge Records",USMRG0345098,no
12,"spike lee","Isaiah Hull, aloisius",139,1A,55,2026-06-12,02:25,10,"","","hurtboy error",2023-08-27,43,58,0,53,10,10,-7,G#/A♭ minor,4,0UuMjr6YJ5FORekgbmXgpo,"life is beautiful records",QZTAT2310857,yes
13,"Brakhage","Stereolab",139,11A,62,2026-06-12,05:30,48,"art pop, krautrock, neo-psychedelic, post-rock","Pop, Electronic, Rock","Dots And Loops (Expanded Edition)",1997-00-00,71,30,42,67,0,0,-11,F#/G♭ minor,4,6Wi3gizHOtRi7DSsX3XWZA,"Duophonic / Warp Records",USEE19792076,no
14,"Dourado Dourado","Bala Desejo, Dora Morelenbaum, Julia Mestre, Lucas Nunes, Zé Ibarra",139,9B,55,2026-06-12,05:41,35,"new mpb, bossa nova, mpb","Jazz, Latin, Traditional Music","SIM SIM SIM",2022-04-13,51,49,0,53,0,0,-10,G,4,3WeS5eKt7kf4t9o92QJIoH,"Mr Bongo",BXJXT2200003,no
15,"Gee Baby","Al Campbell",139,2A,48,2026-06-12,02:30,44,"lovers rock, roots reggae, rocksteady, reggae, dub","Electronic, Reggae","No More Running + Gee Baby",1977-00-00,78,59,0,74,0,0,-10,D#/E♭ minor,4,7FJdARE4491PCvDZx0BImj,"Burning Sounds",GBFDB1700401,no
16,"Time Million - Blood Shanti Main Version","Feater, Vilja Larjosto, Blood Shanti",139,8A,62,2026-06-12,04:35,4,"","","Time Million Dubs",2019-05-31,86,21,85,82,0,10,-10,A minor,4,2tiRhpvU5qsyQSmczobmQR,"Running Back",DEVY91900004,no
17,"Losin' End","The Doobie Brothers",139,9B,46,2026-06-12,03:46,48,"yacht rock, classic rock, soft rock, southern rock","Rock, Pop","Takin' It to the Streets",1976-03-12,72,6,0,97,0,0,-12,G,4,3gdkPP2mYy1X6Otb03Zbb8,"Warner Records",USWB10105081,no
18,"My Love for You","ESG",139,2B,64,2026-06-12,02:57,48,"post-punk, post-disco","Pop, R&B, Rock","Come Away with ESG",1983-00-00,70,0,53,90,0,10,-10,F#/G♭,4,7mgaHZBHLNlxBnJ5uR64bf,"Fire Records",GBCKK1014011,no
19,"Danaus","Jon Iverson",139,6A,33,2026-06-12,03:08,6,"","","Many Worlds Interpretation",2022-11-25,54,19,95,20,0,10,-15,G minor,4,2Iu1mAkbFwUHIPo9dzSEKu,"Séance Centre",QMBZ92273525,no
20,"Meaning of Life","The Heptones",139,9B,67,2026-06-12,03:17,0,"rocksteady, roots reggae, reggae, dub, lovers rock, ska","Electronic, Reggae","Trojan Suedehead Box Set",2004-01-01,84,47,0,84,10,0,-6,G,4,4OUcvSbijBJyqlqQ8vFHMv,"Trojan Records",GBAJE7300118,no
21,"Drum Song","Earth, Wind & Fire",139,2B,75,2026-06-12,05:10,23,"funk, disco","Pop, R&B","Open Our Eyes",1974-03-25,67,52,83,62,0,0,-12,F#/G♭,4,1MbIiINcF2KPIHvEPoEz7m,"Legacy Recordings",USSM10013036,no
22,"Punish Me With Kisses","The Glove",139,10B,71,2026-06-12,03:40,16,"post-punk, gothic rock, deathrock, new wave, darkwave, cold wave","Electronic, Rock, Pop","Blue Sunshine",1990-01-01,52,27,0,50,0,10,-9,D,4,61e1Hve6zi0W2Ex7SMxO5L,"Polydor Records",GBF068325270,no
23,"Gentle Persuasion","Doug Hream Blunt",139,12A,64,2026-06-12,06:45,32,"rare groove","Jazz, R&B","My Name Is Doug Hream Blunt",2015-10-16,59,5,81,69,0,0,-8,C♯/D♭ minor,4,4ZwQ1QuIs43sekpZpsTeo6,"Luaka Bop",USLB11410001,no
24,"Taurus","Spirit",139,11B,11,2026-06-12,02:37,18,"acid rock, psychedelic rock, progressive rock","Rock","Spirit",1968-00-00,22,58,78,4,0,10,-21,A,4,6SFuAN6efD4z0Grhy9sd9N,"Ode/Epic/Legacy",USSM16700048,no
25,"Brakhage","Stereolab",139,11A,65,2026-06-12,05:30,0,"art pop, krautrock, neo-psychedelic, post-rock","Pop, Electronic, Rock","Dots And Loops (Expanded Edition)",1997-00-00,72,30,46,63,0,0,-9,F#/G♭ minor,4,2iEY46ga4p2CKYUWmzn9oO,"Duophonic / Warp Records",USEE19792076,no
26,"Mood 1  L.O.V.E. Love ","Sunbear",139,3A,86,2026-06-12,02:34,37,"jazz funk","Jazz, R&B","Sunbear",1977-01-01,63,5,56,93,0,10,-9,A#/B♭ minor,4,3sNkGOx637PKg11gSz3ngY,"UNIDISC MUSIC INC.",CAU117709810,no
27,"Christine - Demo Version","Siouxsie and the Banshees",139,10A,35,2026-06-12,01:59,20,"gothic rock, post-punk, deathrock, darkwave, new wave, cold wave","Electronic, Rock, Pop","Kaleidoscope (Remastered & Expanded)",1980-08-01,92,30,0,89,20,10,-15,B minor,4,0ZoXaWjYBLENuoiInPGYNT,"UMC (Universal Music Catalogue)",GBUM70500828,no
28,"Home Business","The GN Band",139,3B,78,2026-06-12,02:58,0,"jangle pop","Pop, Rock","Home Business",2020-12-14,77,5,39,96,0,0,-6,C♯/D♭,4,2vezV31AWR9au99yAlL5Q2,"Prefect Records",GBHLW2004449,no
29,"Just Like in the Movies","Bloodstone",139,7B,59,2026-06-12,03:24,11,"classic soul, philly soul","R&B","The Essentials: Bloodstone",2002-00-00,51,57,0,57,0,50,-8,F,4,32ISmPcgheGUPJ9IXyihN0,"Rhino",USRH10200202,no
30,"Go Oli Go!","Oli XL",139,4B,53,2026-06-12,04:22,0,"idm, experimental","Classical, Electronic, Rock","Go Oli Go! / Cartoon Smile",2021-11-30,55,24,0,48,20,10,-12,G#/A♭,4,2sDQP7g2tR7opPnkjxXy6Y,"Warp Records",GBBPW2100216,no
31,"3 Gedichte, Op. 29: No. 3, Zigeunerleben","Robert Schumann, Horst Neumann, Rolf-Dieter Ahrens, Margot Brendel, Liane Breuer, Ingrid Wandelt, Ekkehard Wagner, Reinhart Ginzel, KLaus Henkel",139,8B,18,2026-06-12,03:09,2,"classical piano, classical, chamber music, choral, opera, expressionism","Classical","Robert Schumann: Choral Music (Leipzig Radio Chorus, Leipzig Radio Symphony, Neumann)",1979-00-00,43,99,1,23,0,10,-19,C,4,3E2j4roF3C56hhqO0zUKlK,"Berlin Classics",DES380010016,no
32,"Being It","Arthur Russell",139,8B,25,2026-06-12,05:16,30,"art pop, minimalism","Pop, Classical","World Of Echo",1986-00-00,26,5,1,6,0,20,-16,C,4,07NFhHNydJHQFj41TlcF6A,"Audika Records",USAK20400019,no
33,"Roadrunner (Once)","Jonathan Richman & The Modern Lovers",139,11B,79,2026-06-12,04:44,0,"proto-punk","Rock","Jonathan Richman & The Modern Lovers (Expanded Edition)",1976-01-01,68,35,0,40,20,30,-8,A,4,48iefvWUrp8dYGciSt4oz5,"Sanctuary Records",GBAJE7600006,no
34,"Streets On Lock","Prodigalkidd, childish kyle, Dante, Crete Mason",139,3B,61,2026-06-12,03:27,0,"turkish hip hop","Hip Hop","Streets On Lock",2021-07-21,77,39,0,49,30,10,-8,C♯/D♭,4,5OW3c9j4fEW4dnXFiomAY4,"3041357 Records DK",QZK6L2197435,yes
35,"Frozen In Time ((Kamikaze)","Thompson Twins",139,1A,38,2026-06-12,06:28,0,"new wave, synthpop","Pop, Rock, Electronic","Box Set",2010-12-06,69,1,28,65,0,40,-14,G#/A♭ minor,4,4LokPp0lJg16muUJPQ2MpO,"Sony Music Entertainment",GBARK0700050,no
36,"Jericho","Robert Lester Folsom",138,7B,64,2026-06-12,03:43,36,"cosmic american, psychedelic folk rock","Rock, Folk","Music and Dreams",2014-10-21,41,23,2,71,0,10,-11,F,4,3ZY5mie9HJBYF6ThTvUZvv,"Anthology Recordings",QMV8L1400711,no
37,"Lucy In The Sky With Diamonds","The Beatles",138,10B,39,2026-06-12,03:28,47,"classic rock, psychedelic rock","Rock","Yellow Submarine Songtrack",1999-09-13,42,1,0,65,0,30,-8,D,3,5wLkhxwU7B9DNglfZAIrQ8,"EMI Catalogue",GBAYE9901222,no
38,"Number One","Joni Mitchell",138,3A,43,2026-06-12,03:47,21,"folk, folk rock, singer-songwriter","Folk, Rock","Chalk Mark In A Rain Storm",1988-03-23,77,70,0,97,0,10,-17,A#/B♭ minor,3,51JUcdbLyP5JoOPP4yxwbi,"Geffen",USGF19917202,no
39,"Glad All Over","The Dave Clark Five",138,10B,88,2026-06-12,02:46,32,"british invasion, merseybeat","Rock, Pop","Glad All Over",2014-03-06,47,33,0,89,0,0,-6,D,4,2xvDWGaZDw4Cnp5N3vrCZe,"Redwood Records",QMDA71491594,no
40,"Round the World","General Echo",138,8B,43,2026-06-12,03:32,5,"reggae, dancehall, roots reggae, dub, ragga, rocksteady","Reggae, Electronic, Hip Hop","Teacher Fe Di Class 1979-1980",2020-05-22,79,17,0,53,0,10,-12,C,4,0nPsJMwLdbcy12Vt3fDryG,"Manzie",QM6N22003252,no
41,"Paraty","Mia Doi Todd",138,8A,22,2026-06-12,03:56,49,"indie folk","Folk, Rock","Cosmic Ocean Ship",2011-05-17,79,90,43,38,0,10,-16,A minor,4,0ePmVXS0s51XzlJ0tlz1pF,"City Zen Records",QMY2N1100001,no
42,"I Wanna Smoke","Gangsta Pat, Psycho",138,11B,47,2026-06-12,05:10,59,"horrorcore, southern hip hop, g-funk, latin rock","Hip Hop, R&B, Metal, Latin, Rock","Deadly Verses",1995-01-18,70,34,0,19,0,0,-14,A,4,6aSpOtfzxFZ7hy0Bom7c1k,"Power Entertainment, Inc.",US25T9920792,yes
43,"'Till Forever","Labi Siffre",138,5A,17,2026-06-12,01:15,51,"classic uk pop","Pop","Crying Laughing Loving Lying",1972-00-00,60,98,4,57,0,10,-18,C minor,4,7vVywc6HuOtPzwdMkSxhI2,"Edsel",GB01A0600036,no
44,"Manhattan","Cat Power",138,9B,62,2026-06-12,05:16,53,"slowcore, singer-songwriter","Folk, Rock","Sun",2012-09-03,71,17,2,10,0,10,-8,G,4,5T4Bf4aKOR4ewZBPJCYGVB,"Matador",USMTD1202702,no
45,"Upside Down in an Empty Room","The Reds, Pinks and Purples",138,6B,45,2026-06-12,03:14,4,"jangle pop","Pop, Rock","Summer at Land's End",2022-02-04,52,64,93,91,0,10,-13,A#/B♭,4,6rgPkDiiUyattouIyqksur,"Tough Love Records",QMDA62138949,no
46,"First Night","Diana Rutherford",138,9A,49,2026-06-12,03:43,5,"pop soul","Pop, R&B","Fatis Presents Xterminator Friends Vol 5",2009-11-10,81,75,0,91,10,10,-9,E minor,4,1vc00weGNdog9hNtfd7q4N,"Xterminator Productions Ltd.",US4R30919858,no
47,"Just Like Arcadia","Psychic TV",138,11B,63,2026-06-12,03:59,36,"industrial, acid house, neofolk, post-punk, avant-garde","Electronic, Classical, Jazz, Rock, Folk","Allegory & Self",2017-07-14,68,45,2,74,10,20,-9,A,4,7EgS2aiZikJqTQp6B2pUB8,"Sacred Bones Records / Dais Records",US5NR1702002,no
48,"Menina estás à janela","Vitorino",138,10B,18,2026-06-12,02:07,29,"fado, traditional music","Folk, Traditional Music","Leitaria Garrett",1993-00-00,35,99,42,37,0,10,-20,D,4,31YSkUGSh1fpsjgDaWwXgW,"Parlophone Portugal",PTEM18400124,no
49,"Moments In Love","The Art Of Noise",138,11B,23,2026-06-12,10:15,57,"synthpop","Electronic, Pop","(Who's Afraid Of) The Art Of Noise? [Remastered]",1984-06-19,70,28,5,49,10,30,-15,A,4,2bsczk82MWGPmTbe6IWYsa,"ZTT Records",GBUM71801125,no
50,"Ja Ja","McNeal & Niles",138,8A,62,2026-06-12,06:31,10,"jazz funk","Jazz, R&B","Thrust",2023-03-31,60,28,61,27,0,0,-8,A minor,4,3OmjfAa3GqBNp80cB9mi8z,"We Are Busy Bodies",CA0WS2314501,no
51,"Morning Sunrise","Swish Jaguar",138,10A,45,2026-06-12,03:35,35,"","","Morning Sunrise",2022-08-24,66,36,74,65,0,10,-8,B minor,4,7FlkDfCBIuUwm8xotBUrQr,"General Principle",SE6XX2202264,no
52,"I've Got Your Number - Demo","Ned Doheny",138,9A,48,2026-06-12,02:30,17,"yacht rock, aor","Rock, Pop","Separate Oceans",2014-05-13,67,46,2,84,0,0,-11,E minor,4,1bdCEtvkxYUqAsPzei497R,"Numero Group",USCW61405207,no
53,"That's Us/Wild Combination","Arthur Russell",138,12A,41,2026-06-12,06:58,51,"art pop, minimalism","Pop, Classical","Calling Out Of Context",2000-02-13,66,44,0,45,0,20,-13,C♯/D♭ minor,4,4Kh2MJAy65AfHFdGqBg1Jw,"Audika Records",USAK20300006,no
54,"Underwater (Dub)","Dregs",138,7B,54,2026-06-12,07:21,20,"trip hop, downtempo","Electronic, Hip Hop","Dregs",2023-10-04,42,48,84,14,0,20,-11,F,4,2qr2XrEpBlJRxkg33ULPYs,"Mud Records",AUL0N2300006,no
55,"Ebb Tide","Houston & Dorsey",138,8B,54,2026-06-12,03:56,33,"","","Ebb Tide",1968-01-01,28,75,86,18,0,10,-10,C,4,2OefX9udhPAUhmiG5EWDs9,"Numero Group",USCW61910316,no
56,"Move on Up - Extended Version","Curtis Mayfield",138,10A,98,2026-06-12,08:55,60,"classic soul, soul, motown, funk","R&B, Pop, Blues","Curtis (Expanded Edition)",1970-00-00,58,14,50,88,0,10,-7,B minor,4,01gDLZsi0j5fWC28FLPNO8,"Rhino",USRH10401528,no
57,"G & T","The Durutti Column",138,5B,30,2026-06-12,01:34,29,"art rock, post-punk","Rock","Fidelity",1996-00-00,60,84,44,19,10,10,-16,D#/E♭,4,6JXTsKRIekpEYoH3OMCdhL,"LTM Recordings",GBHBR0405103,no
58,"Next Year in Asia - Remasterisé en 2018","Octobre",138,11B,77,2026-06-12,05:24,9,"rock québécois, chanson québécoise","Folk, Traditional Music","Next Year in Asia (Remasterisé en 2018)",1982-02-08,48,5,65,39,0,0,-7,A,4,6uXMLAfXacTOJSBDKmYdzs,"Warner (France)",FRZ041800064,no
59,"Acceleration","Bill Nelson",138,1B,67,2026-06-12,03:56,23,"bebop, art rock, synthpop, new wave","Rock, Jazz, Pop, Electronic","Chimera",2005-01-01,64,15,0,88,0,10,-8,B,4,4VUt7wMrbKqPBn5k5mJ5vg,"UMC (Universal Music Catalogue)",GBF080500653,no
60,"Camargue","CJ Bolland",138,4B,81,2026-06-12,06:24,0,"big beat, uk garage, hardcore techno","Electronic","The Sound Of Belgium",2013-00-00,62,4,92,50,0,20,-9,G#/A♭,4,3W6LDkmCTlAktnIt9yQrY3,"La Musique Fait La Force",BEN581300463,no
61,"Opulence","DR MYSTERY",138,7A,65,2026-06-12,04:22,0,"breakbeat","Electronic","Far from Home",2022-05-06,69,21,28,54,0,0,-8,D minor,4,24wgrOsqHdGmErujGLnMBx,"Ono",CACWV2289008,no
62,"Fragrance","Jouska",138,11B,69,2026-06-12,03:19,6,"oslo indie","Rock","Fragrance",2023-01-25,67,11,11,53,0,70,-8,A,4,3S4uq3XY8r1vGj0V5RFa4o,"Koke Plate",NOEPG2304050,yes
63,"Betebki Leh","Al Massrieen",138,7A,70,2026-06-12,03:13,0,"arab groove","R&B","Modern Music (Habibi Funk 006)",2017-04-28,59,3,0,51,0,10,-6,D minor,4,6ZUcDOl21fkQUqhBU3b99j,"HABIBI Funk Records",DESY21400562,no
64,"Fragrance","Jouska",138,11B,69,2026-06-12,03:19,17,"oslo indie","Rock","Suddenly My Mind Is Blank",2023-02-17,67,11,11,53,0,70,-8,A,4,2082vPorTG6ceIWBT0szPp,"Koke Plate",NOEPG2304050,yes
65,"New Attitude","Patti LaBelle",138,10A,72,2026-06-12,04:11,48,"philly soul, quiet storm, classic soul","R&B","Patti LaBelle's Greatest Hits",1996-01-01,81,9,0,96,0,50,-7,B minor,4,71DxDMPiElIeGgvJvtITXR,"Geffen*",USMC18416580,no
66,"Supernatural Mixing Desk","Noda & Wolfers",138,8A,60,2026-06-12,05:49,0,"dub techno, dub","Electronic, Reggae","Tascam Space Season",2022-12-07,68,0,62,74,0,60,-7,A minor,4,6JtN56UEA9uw8zSwjn5Wpb,"L.I.E.S.",USYBL2202185,no
67,"This City Never Sleeps - 2005 Remaster","Eurythmics, Annie Lennox, Dave Stewart",138,8B,54,2026-06-12,06:41,37,"new wave, synthpop, new wave pop, rock keyboard","Pop, Rock, Electronic","Sweet Dreams (Are Made Of This)",1983-01-04,56,26,0,52,0,20,-14,C,4,17eaYO9LrOvXgi1hgxoVzw,"RCA Records Label",GBARL0300593,no
68,"Nikes","Frank Ocean",138,4B,40,2026-06-12,05:14,73,"lgbtq+ hip hop, neo soul","Hip Hop, R&B","Blonde",2016-08-20,63,69,0,12,0,10,-10,G#/A♭,4,19YKaevk2bce4odJkP5L22,"Boys Don't Cry",QZ5C81600001,yes
69,"Living","Patrick Holland",138,10B,12,2026-06-12,04:00,0,"lo-fi house, jazz house","Electronic, Jazz","Reality Picture",2020-03-20,15,88,93,3,0,10,-25,D,3,10knzoWPC1Axaf4QUBTkpT,"Verdicchio Music Publishing",CAGTW2000014,no
70,"Camella","Geoffrey Landers",138,3B,46,2026-06-12,04:21,33,"synth funk","Electronic, R&B","1 By 1",2017-11-10,81,6,1,74,10,0,-9,C♯/D♭,4,7xSOO48lkqNyrpHxK5Eqdz,"Music From Memory",NLD7H1700082,no
71,"Triste","Elis Regina, Antônio Carlos Jobim",138,8B,36,2026-06-12,02:42,60,"mpb, bossa nova, brazilian jazz, samba, latin jazz","Jazz, Latin","Elis & Tom",1974-06-17,70,74,1,54,0,10,-15,C,4,0PHGV9pWYv91WCeCXhdWye,"Universal Music Ltda.",BRMCA7400157,no
72,"Move with the Dawn","Mark Eric",138,8A,66,2026-06-12,02:45,10,"baroque pop","Classical, Pop","A Midsummer's Day Dream",1969-01-01,58,39,0,89,0,10,-7,A minor,4,64au8RBEWaHU7I2H7u8idu,"Cherry Red Records",GBBLY0200391,no
73,"Tiny Revolutions","Vanessa Worm",138,12B,76,2026-06-12,04:10,6,"nz electronic","Electronic","Vanessa 77",2020-07-10,75,0,92,54,0,10,-9,E,4,4O3QAzArj5iZG7Ib3TWZBH,"Optimo Music",DEU672000148,no
74,"Young Jobless (1980)","The Cleaners From Venus",138,10B,93,2026-06-12,03:09,15,"jangle pop","Pop, Rock","A Dawn Chorus",1985-00-00,77,1,0,67,10,10,-8,D,4,1TzdZlOm1hfhcqvauST5NY,"Mr Mule",QMMZN1300233,no
75,"Jericho","Robert Lester Folsom",138,7B,64,2026-06-12,03:43,0,"cosmic american, psychedelic folk rock","Rock, Folk","Music and Dreams",2014-10-20,41,23,2,71,0,0,-11,F,4,2Eszlf17h30yB7beoEYq8X,"Anthology Recordings",QMV8L1400711,no
76,"Coconut Mango","Arrangement",138,1A,14,2026-06-12,05:25,50,"","","Coconut Mango",2018-09-12,43,95,65,19,0,0,-17,G#/A♭ minor,4,6VRgvci0hYokJguaBzGZmj,"ARRANGEMENT ENTERTAINMENT GROUP",QM24S1833735,no
77,"Saigon Bride","Gábor Szabó, The California Dreamers",138,9B,28,2026-06-12,03:11,21,"spiritual jazz","Jazz","Wind, Sky And Diamonds",1967-09-14,40,75,2,26,0,10,-17,G,3,5CDneT67AdFA3PoRABAWT6,"Verve Reissues",USUM71714133,no
78,"Stay With Me","Novelist",138,3B,27,2026-06-12,04:38,26,"grime, uk grime","Electronic, Hip Hop","Stay With Me",2020-05-31,65,80,27,36,0,10,-19,C♯/D♭,4,5dmhSQr30uLpcY2Kxt3CLT,"MMMYEH RECORDS",QZHN52033170,no
79,"Brand New Day","Dizzee Rascal",138,3B,81,2026-06-12,03:59,32,"grime, uk grime","Electronic, Hip Hop","Boy In Da Corner",2003-07-21,70,52,0,69,10,10,-4,C♯/D♭,4,1duDjDMNljGTbQpQ4f2lrc,"XL Recordings",GBBKS0300049,yes
80,"Fuji 5000","Odunsi (The Engine)",138,10A,74,2026-06-12,01:58,23,"alté, afrobeats, afro r&b, afro soul, afroswing, afrobeat","R&B, Traditional Music, Hip Hop, Electronic","Fuji 5000",2020-12-04,77,13,0,73,0,20,-6,B minor,4,6VBJucTiCNnk4NYJyrL9x7,"Not specified",USRC12003924,yes
81,"Tell Me","Ilian",138,9B,40,2026-06-12,04:28,0,"folk pop","Folk, Pop","Love Me Crazy",2016-04-29,56,85,17,58,0,30,-13,G,4,3z4hGC8EamzXp21c2DUjGd,"Anthology Recordings",QMV8L1502608,no
82,"Take Two","L'Rain",138,8B,39,2026-06-12,03:09,0,"neo-psychedelic, art pop","Pop, Rock","Fatigue",2021-06-25,15,94,51,3,0,0,-7,C,4,1UncDF9ezkUigJkh0SnHuQ,"Mexican Summer",QMV8L2030914,no
83,"Serious Shit","Lil Ugly Mane",138,11A,88,2026-06-12,03:36,42,"experimental hip hop, cloud rap, plunderphonics, neo-psychedelic, southern hip hop, horrorcore","Hip Hop, Metal, Rock, Electronic","Mista Thug Isolation",2012-02-11,51,2,0,73,30,10,-8,F#/G♭ minor,4,521qLebnOvsIOtJKhQvGmi,"Self Released",QZ8LD1772504,yes
84,"It's Choade My Dear","Connan Mockasin",138,2B,30,2026-06-12,04:05,30,"experimental pop, kiwi rock, neo-psychedelic, psychedelic pop","Pop, Rock","Forever Dolphin Love",2011-03-28,50,83,1,26,0,10,-11,F#/G♭,4,3oywgoPXVNr4MgGkP8je54,"Phantasy",NZCN10900002,no
85,"Iron Man","The Cardigans",137,7B,38,2026-06-12,04:19,47,"swedish pop","Pop","First Band On The Moon (Remastered)",1996-01-01,58,0,1,63,0,10,-9,F,4,2cpJAVteVpeXFCiOgjcx7m,"Universal Music AB",SEBKB9529310,no
86,"Skylark","Celestial",137,3A,26,2026-06-12,05:23,14,"ambient","Electronic, New Age","I Can Hear The Grass Grow",2025-05-09,28,98,74,4,0,10,-9,A#/B♭ minor,3,2tnOr5zwil4mUuvxnD3wYC,"Ecstatic Recordings",QZNWQ2552199,no
87,"Meridian West","The Waterboys",137,8B,58,2026-06-12,03:34,15,"celtic rock","Rock","1985",2024-02-23,52,13,58,50,0,10,-10,C,4,7IszC3Bs2nfnQ0X4ievEyh,"Chrysalis Records",UKKP22300795,no
88,"99 100","SUWI",137,7B,33,2026-06-12,04:51,7,"","","French with Simona",2021-10-22,64,60,88,49,0,10,-14,F,4,3bAvvYTcUZ4oaIxJ6lYRws,"W.E.R.F.",BEA952119407,no
89,"Gone By Fall","The Shapiros",137,10B,55,2026-06-12,02:14,0,"jangle pop, dream pop","Pop, Rock","Gone By Fall: The Collected Works of The Shapiros",1994-00-00,45,56,77,63,0,0,-11,D,4,3wTb26yObFYBNPCz0ZOG5c,"World of Echo",GBHLW2202491,no
90,"Just for You","Peter Green",137,7A,22,2026-06-12,04:36,39,"blues, blues rock, classic blues","Blues, Rock","In the Skies",1979-01-01,70,47,6,84,0,10,-24,D minor,4,52c6KJgbbSYiH0CiQVP9xp,"Sanctuary Records",GBAJE0500906,no
91,"Endegena","Hailu Mergia, The Walias",137,11A,41,2026-06-12,05:00,37,"ethiopian jazz","Jazz","Tezeta",2021-06-04,55,96,29,70,0,10,-12,F#/G♭ minor,3,2UhfK3AeNzitpOySbMeuVW,"Awesome Tapes From Africa",QMUGB2104102,no
92,"Pink Frost","The Chills",137,3B,56,2026-06-12,04:01,44,"jangle pop","Pop, Rock","Kaleidoscope World",1989-02-07,60,74,38,27,0,0,-12,C♯/D♭,4,6RcbMVH18ReFMHdBzA0sE9,"Fire Records",NZFN00401524,no
93,"Something's Got To Give - Remastered 2009","Beastie Boys",137,3B,53,2026-06-12,03:27,45,"rap rock, old school hip hop, east coast hip hop, hip hop","Hip Hop, Rock","Check Your Head (Deluxe Edition/Remastered/2009)",1992-04-21,71,8,5,41,0,10,-11,C♯/D♭,4,5zds8OwbyEDOKa80iZXBpv,"Capitol Records",USCA20900110,no
94,"Free Will And Testament","Robert Wyatt",137,9A,30,2026-06-12,04:12,25,"art rock, progressive rock, experimental, krautrock","Rock, Classical, Electronic","Shleep",1997-00-00,42,79,0,18,0,10,-13,E minor,4,4TClqSSELqNMmIz4flE2i6,"Domino Recording Co",GBCEL0800660,no
95,"Ballad for Bernt","Krzysztof Komeda, Leszek Możdżer",137,6A,13,2026-06-12,04:19,19,"free jazz, jazz","Jazz","Komeda",2011-06-24,35,98,92,10,0,30,-24,G minor,3,74vSeRb5bIbr8MMCENOPPO,"ACT Music",DEA891101102,no
96,"Incident in a Greatcoat","The Cleaners From Venus",137,7A,68,2026-06-12,03:42,25,"jangle pop","Pop, Rock","My Back Wages",2000-00-00,62,3,31,64,0,10,-8,D minor,4,12q7wlsqmemHAl7hVGh1m7,"Mr Mule",QMMZN1300621,no
97,"Listen Over The Ocean","Violet Eves",137,3B,62,2026-06-12,04:19,40,"italian new wave","Rock","Uneven Paths: Deviant Pop From Europe (1980-1991)",2018-03-29,39,5,0,48,0,0,-8,C♯/D♭,4,3XA4LrcmV9QDAvlPafmHjD,"Music From Memory",NLD7H1700113,no
98,"Twilight","The Verve",137,11B,27,2026-06-12,03:01,22,"britpop, shoegaze","Pop, Rock","No Come Down (B Sides & Outtakes)",1994-01-01,48,61,41,27,0,10,-19,A,4,3N3mi5d56AsuR3J6DScNDF,"Hut",GBAAA9301167,no
99,"Universal Train","Father's Children",137,11B,62,2026-06-12,06:16,26,"traditional soul","R&B, Traditional Music","Who's Gonna Save The World",2011-06-21,60,11,0,42,0,10,-8,A,4,6nPLwPDBGQl7EtKdv9SD03,"Numero Group",USCW61103708,no
100,"Maybe Baby","Buddy Holly & The Crickets",137,11B,48,2026-06-12,02:02,44,"rockabilly","Rock","The  Chirping  Crickets",1957-11-27,61,71,0,89,0,20,-13,A,4,20UjAGdEjVb8DniNXvqHJy,"Geffen",USMC15719982,no
101,"Just for You","Peter Green",137,7A,22,2026-06-12,04:36,0,"blues, blues rock, classic blues","Blues, Rock","In the Skies",1979-01-01,70,47,6,84,0,10,-24,D minor,4,3ideOFeJoAq4d60mRAjDTI,"Sanctuary Records",GBAJE0500906,no
102,"The Best Things In Life Are Free - Live","Sam Cooke",137,3B,69,2026-06-12,01:31,41,"motown, soul, classic soul","R&B, Pop, Blues","Sam Cooke At The Copa (Live From Copacabana, New York City/July 7 & 8, 1964)",1964-01-01,60,16,0,80,40,30,-8,C♯/D♭,4,6jF3FFsAvliEqH0mWrkOla,"ABKCO Music & Records, Inc.",USA171520034,no
103,"My Ever Changing Moods - Single Version","The Style Council",137,1B,75,2026-06-12,04:02,41,"new romantic, new wave, new wave pop, sophisti-pop","Pop, Rock","Greatest Hits",2000-01-01,63,23,0,96,0,10,-11,B,4,2m7aKowx98tNGpySgAD3hS,"Polydor Records",GBAKW8400527,no
104,"Is It Any Wonder?","Durand Jones & The Indications, Aaron Frazer",137,7A,38,2026-06-12,04:36,0,"retro soul","R&B","Durand Jones & The Indications (Deluxe Edition)",2016-03-16,55,63,59,41,0,0,-6,D minor,4,6kle4XS7gyiUIb0tmsyCf4,"Dead Oceans",QMFME1589849,no
105,"¿Quién? (Suite)","Juana Molina",137,11B,32,2026-06-12,07:22,16,"argentine indie, electronica argentina, experimental pop, folktronica, latin folk","Rock, Electronic, Pop, Folk, Latin","Un día",2008-09-01,58,89,92,17,0,10,-14,A,4,6dzGSD7bxB3wgOSwUErr68,"Crammed Discs",ARF990800060,no
106,"Lucky Penny","Maxine Funke",137,1B,6,2026-06-12,03:20,19,"","","Seance",2021-07-16,46,98,33,16,0,10,-23,B,4,0XOMhU4WJq9XjEreQ5teMR,"A Colourful Storm",DECY52100775,no
107,"Second Love","Peter Finger",137,4B,11,2026-06-12,02:39,2,"traditional folk","Folk, Traditional Music","Second Love",2023-12-07,41,71,85,5,0,10,-24,G#/A♭,3,6XUPU8q31QEBtCbcTOCbnB,"NTS",QMFMG2302729,no
108,"Don't Pretend","The Belles",137,5B,63,2026-06-12,02:19,13,"northern soul","R&B","The Mirwood Soul Story",2005-02-28,62,9,0,94,0,10,-10,D#/E♭,4,2IGFL9Ws1vC13jlWBXrX9k,"Ace Records",GBBHN0500021,no
109,"That Way","Andy Bole",137,4B,11,2026-06-12,02:39,3,"","","European Primitive Guitar (1974-1987)",2024-01-26,41,71,85,5,0,10,-24,G#/A♭,3,5Hgl7ZHc6buNC41Vj1Kn0k,"NTS",QMFMG2302730,no
110,"Spring's Near","Parsley Sound",137,10B,42,2026-06-12,03:19,28,"indietronica","Electronic, Pop, Rock","Parsley Sounds",2003-09-08,53,71,97,84,0,10,-13,D,4,2cgXxjObgOq5IuBb2Fiy8k,"Mo Wax",GBCPY0300001,no
111,"Fire","The Crazy World Of Arthur Brown",137,4A,93,2026-06-12,02:55,29,"psychedelic rock, acid rock","Rock","Music For Sixties",2007-01-01,43,15,29,27,10,60,-7,F minor,4,3Md57Z53QPr1KfdF6eCqdI,"UMC (Universal Music Catalogue)",GBAKW6801003,no
112,"Almost Cut My Hair","Crosby, Stills, Nash & Young",137,9B,47,2026-06-12,04:29,65,"folk rock, classic rock","Rock, Folk","Deja Vu",1970-03-11,47,19,1,57,0,10,-10,G,4,0gCJkpD0RhF2rjiALLHBQL,"Rhino Atlantic",USAT20901931,no
113,"Life Is a Miracle - Original","Jax Transit Authority",137,5A,66,2026-06-12,03:34,16,"","","Life Is a Miracle",2016-09-23,62,7,1,96,0,10,-9,C minor,4,2fMfNfoBmsv8khWzCS23kk,"Athens Of The North",GBRH31200239,no
114,"Keep on Movin' On","Shirley Scott",137,6B,39,2026-06-12,09:52,9,"soul jazz, hard bop, jazz, acid jazz","Jazz, R&B","One for Me",2020-05-22,54,80,88,51,0,10,-12,A#/B♭,4,19zjDIgMPaHGA2MhOpB962,"Arc Records",GBMEF2001322,no
115,"You Know, You Know","John McLaughlin, Mahavishnu Orchestra",137,11B,20,2026-06-12,05:07,29,"jazz fusion, flamenco, jazz, progressive rock","Folk, Traditional Music, Jazz, Electronic, Rock","The Inner Mounting Flame",1971-06-23,48,23,69,13,0,10,-21,A,4,0KBjFrKkWhJMjdLX1wBgzg,"Columbia/Legacy",USSM17100310,no
116,"tragic (FREESTYLE)","JXMESC",137,9B,51,2026-06-12,02:06,35,"uk alternative hip hop","Hip Hop","tragic (FREESTYLE)",2021-03-14,78,29,35,35,10,10,-11,G,4,0KDvG8EXIFXKkyxHCsrflD,"FIIVE TV",SEYOK2110468,yes
117,"Pink Frost","The Chills",137,3B,46,2026-06-12,04:01,0,"jangle pop","Pop, Rock","Kaleidoscope World",1986-11-11,60,64,35,28,0,0,-15,C♯/D♭,4,70edK8hEu22TwodGaahjdO,"Flying Nun Records",NZFN00401524,no
118,"Dancing","Bron Area",137,9A,42,2026-06-12,04:01,0,"drone, post-punk, art pop","Pop, New Age, Rock","The Trees and The Villages",2016-00-00,47,63,32,25,0,90,-13,E minor,4,4cHeQLVCYe6J9gRj5QpAyI,"Glass Redux",GBETY1590305,no
119,"New Age","Chrome",137,12B,66,2026-06-12,03:07,18,"noise rock, post-punk, industrial, industrial rock, space rock, avant-garde, krautrock, deathrock, cold wave, proto-punk","Classical, Jazz, Electronic, Rock","Red Exposure (Bonus Track Version)",2014-10-14,67,0,50,62,0,20,-11,E,4,5fFUDncmn77IDGU7tXvEQ7,"Cleopatra Records",USV291420669,no
120,"Black Gold","Phil Upchurch",137,1A,77,2026-06-12,04:16,14,"jazz funk, soul jazz","Jazz, R&B","Upchurch",1969-01-01,55,79,71,89,0,20,-9,G#/A♭ minor,4,5A9631OUs76xh7s5BsxUD4,"Verve Reissues",USUM71603170,no
121,"Red dress","Alex Oriental Experience",137,6B,58,2026-06-12,07:15,0,"krautrock, free jazz, space rock","Jazz, Electronic, Rock","Anthology More Than 40 Years Of Rock",2007-00-00,64,5,2,69,0,90,-13,A#/B♭,4,1pQUIOGTxeOSvNiXQzVHRe,"Meyer Records",DEQ121011154,no
122,"The Redeemer","Dean Blunt, Inga Copeland",137,7A,48,2026-06-12,03:32,0,"art pop, collage pop, hypnagogic pop, uk experimental electronic, gauze pop, outsider house","Pop, Electronic","The Redeemer",2013-05-01,52,25,80,59,0,60,-12,D minor,4,3bz572SUai4Nq5zsFuCw06,"Hippos In Tanks / World Music",GBGCA1300170,yes
123,"25 Reasons","Nivea",137,3A,36,2026-06-12,04:07,0,"atl hip hop, contemporary r&b, hip pop, r&b, urban contemporary","Hip Hop, R&B, Pop","Nivea",2001-09-25,59,22,0,57,20,0,-10,A#/B♭ minor,4,0jbYXPsuDIZfMCKyahkCSP,"Jive",USJI10100123,no
124,"Queen Bitch - 2015 Remaster","David Bowie",137,8B,64,2026-06-12,03:20,56,"glam rock, art rock","Rock","Hunky Dory (2015 Remaster)",1971-12-17,60,2,0,97,0,0,-13,C,4,2RDXq7AwoEpvrjsXe4zlUc,"Parlophone UK",USJT11500137,no
125,"Better Off Alone","Alice Deejay",137,1A,88,2026-06-12,03:34,12,"eurodance, europop","Electronic, Pop","Who Needs Guitars Anyway?",2000-00-00,67,0,69,78,0,20,-6,G#/A♭ minor,4,0pMUR7Uvp6vxlbG0qBFvgM,"Violent Music",NLC529811119,no
126,"Earthquake Dub","The Revolutionaries",137,4B,47,2026-06-12,02:40,30,"dub, roots reggae, rocksteady, reggae","Electronic, Reggae","Earthquake Dub",1976-00-00,78,6,90,74,0,10,-10,G#/A♭,4,7D5JCjHGeNuiUyQiXiJ3UO,"Greensleeves",GBBZV1053758,no
127,"Energy B Thru [136.759 BPM]","Vegyn",137,11A,69,2026-06-12,03:23,0,"idm, experimental hip hop","Hip Hop, Electronic","Don't Follow Me Because I'm Lost Too!!",2022-01-26,65,91,86,22,0,10,-10,F#/G♭ minor,4,1YcQ2hbXIunoh1BNAWwllZ,"PLZ Make It Ruins",GB5P52200041,no
128,"Love Plus One","Haircut 100",137,8B,52,2026-06-12,03:32,0,"new wave","Pop, Rock","Pelican West Plus",1982-00-00,79,3,55,96,0,10,-15,C,4,0WLkA0mFv7qaLvezawHXsd,"RCA Camden",GBARK8200002,no
129,"Our Tune","Dolly Mixture",137,7B,77,2026-06-12,02:25,46,"jangle pop, riot grrrl, queercore","Pop, Rock","Other Music",2019-00-00,68,30,0,96,0,0,-8,F,4,2wFmUUjNYOYN8WMPLVcCeR,"Spa Green",GBC6E1020050,no
130,"Two Strange Hands On My Favorite Door","Karel",136,8A,77,2026-06-12,04:20,4,"dutch indie rock","Rock","Denouncing The Hypocrisy Of Our Time",2022-09-22,72,52,45,65,0,10,-10,A minor,4,4UCHQzpLw5Z2hUKkJhY932,"Karel",NL5CY2100044,no
131,"In the Front","Vegyn, John Glacier",136,12B,69,2026-06-12,03:47,40,"idm, experimental hip hop","Hip Hop, Electronic","The Road To Hell Is Paved With Good Intentions",2024-04-05,50,17,0,16,10,80,-7,E,4,5TH7kcmgdMUDpUiinmZbDl,"PLZ Make It Ruins",GB5952300273,no
132,"Garden Botanum","These Trails",136,12B,26,2026-06-12,03:27,35,"psychedelic folk","Folk","These Trails",2011-06-21,43,78,48,36,0,0,-12,E,4,5ds7ACWtKF0jgUf41o3sDs,"Drag City Records",US58L1146312,no
133,"Mersey Paradise - Remastered","The Stone Roses",136,9B,96,2026-06-12,02:46,56,"madchester, britpop, jangle pop","Pop, Rock","The Stone Roses (20th Anniversary Collector's Edition)",1989-05-03,41,0,0,85,0,20,-3,G,4,3bnOXBkSxfSSCioTw1LcVc,"Silvertone",GBAHJ0900017,no
134,"Ile De Gorée","Jess Sah Bi",136,7B,31,2026-06-12,04:44,7,"","","Ile De Gorée",1991-01-01,38,70,0,37,0,10,-11,F,5,5lh1NEQn7COz62cTGFkBhu,"Awesome Tapes From Africa",QMUGB2505101,no
135,"America's Boy","Broadcast",136,10A,70,2026-06-12,03:34,41,"dream pop, neo-psychedelic","Pop, Rock","Tender Buttons",2005-09-19,43,19,96,65,0,50,-6,B minor,4,31cQKr1hxHfIWVfcnuNzrQ,"Warp Records",GBBPW0500074,no
136,"Carbonara","Spliff",136,9B,53,2026-06-12,04:19,45,"neue deutsche welle","Pop, Rock","The Best Of",2005-07-11,85,0,3,80,10,0,-14,G,4,5rlyDu27vOh33QgxVcPh8N,"Ariola Express",DEE868200104,no
137,"Why Do I Cry","The Remains",136,8A,64,2026-06-12,02:48,36,"garage rock, proto-punk","Rock","The Remains",1966-00-00,60,61,0,91,0,10,-9,A minor,4,0kHTfgJADmA81Wt25s3f98,"Epic/Legacy",USSM16601114,no
138,"New Orbits","Misha Panfilov",136,5A,39,2026-06-12,16:02,7,"experimental jazz, ambient jazz","Easy Listening, Jazz","To the Mesosphere and Beyond",2024-06-14,40,56,53,55,0,50,-11,C minor,3,31Fjkk4NaDP2uiDK7w64ri,"Funk Night Records",QZNWU2438595,no
139,"a furrow","sugar plant",136,10B,20,2026-06-12,05:52,31,"shibuya-kei, dream pop, shoegaze, japanese indie, slowcore","Pop, Rock, Electronic","DRY FRUIT",2000-02-02,65,78,96,86,0,10,-20,D,4,66nQnHutkwb90VqTj2hYyy,"HOT-CHA",JPB531300396,no
140,"Melodia das Flores","Green Catani",136,7B,35,2026-06-12,03:10,0,"","","J'arrose mes plaintes",2021-05-28,61,70,0,23,0,0,-11,F,4,5cDYwmVizM3pvMKETnkhvH,"Tobizin",FR9W12113722,no
141,"Mulberry Jam","Allah-Las, Peaking Lights",136,6B,84,2026-06-12,03:17,0,"neo-psychedelic, surf rock, psychedelic rock, space rock","Rock","Mulberry Jam (Peaking Lights Dub)",2024-07-31,56,0,84,90,0,10,-8,A#/B♭,4,1dE8IFWlCFimtJgRn8sRoN,"Mexican Summer",QMV8L1725502,no
142,"I Can't Stop (Holding On)","The Cleaners From Venus",136,3B,77,2026-06-12,02:20,44,"jangle pop","Pop, Rock","On Any Normal Monday",1982-00-00,59,6,81,46,0,0,-5,C♯/D♭,4,0gXzWoMLtkiXMM5ORUO3go,"Mr Mule",US8YA1200084,no
143,"Strawberries Are Growing In My Garden (And It's Wintertime)","The Dentists",136,12B,79,2026-06-12,03:18,14,"jangle pop, power pop, neo-psychedelic","Pop, Rock","Cherry Red Indie Hits: 1985-1986",1990-01-01,24,1,0,79,0,20,-4,E,4,0NKrJrqwB4ubM4QpKWIuUL,"Cherry Red Records",GBBLY0501437,no
144,"Jasmine","Sulah Jordan",136,6A,13,2026-06-12,07:41,38,"ambient jazz","Easy Listening, Jazz","Lady Bug",2023-06-18,77,92,92,86,0,30,-23,G minor,4,25qr68yJWIKJmePAgUrpZi,"Sulah Jordan",ushm22374656,no
145,"Flimsier","King Krule",136,9B,29,2026-06-12,03:59,47,"uk alternative pop","Pop","Space Heavy",2023-06-09,51,45,72,16,0,10,-11,G,4,6IXan50zp9ZEdtkF0vsFAj,"XL Recordings",GBBKS2200287,no
146,"Mulberry Jam","Allah-Las",136,6B,84,2026-06-12,03:17,0,"neo-psychedelic, surf rock, psychedelic rock","Rock","Self Discovery for Social Survival",2019-06-14,56,0,84,90,0,10,-8,A#/B♭,4,6m2SmGBvn5k7taVGXfhxv5,"Mexican Summer",QMV8L1725502,no
147,"Bless the Telephone","Labi Siffre",136,7A,18,2026-06-12,01:40,77,"classic uk pop","Pop","The Singer and the Song",1971-00-00,57,98,0,23,0,10,-17,D minor,4,0620OecAlwJQxWieRW4L9s,"Edsel",GB01A0600023,no
148,"Chito's Song","Cochemea",136,3B,36,2026-06-12,05:05,39,"experimental jazz","Jazz","Vol. II: Baca Sewa",2021-07-16,72,60,1,84,0,0,-15,C♯/D♭,4,4A61gZNrkkkHknRjtFESxr,"Daptone Records",USA2B2056988,no
149,"AmlaBerries","Angel Hunt, Lou Venturini",136,8A,46,2026-06-12,07:18,16,"","","GBOOI",2022-11-04,70,54,91,38,20,10,-14,A minor,4,3cV581oWHPNGOIDZpGk21X,"GreenBelt",UKN6K2201866,no
150,"Daybreak","Pat Metheny",136,6B,3,2026-06-12,08:38,23,"jazz fusion, jazz, jazz ballads","Jazz, Easy Listening, Electronic, Rock","New Chautauqua",1979-03-01,46,97,91,11,0,0,-22,A#/B♭,4,6bRVBElkdBN0m50pcJRlqu,"ECM Records",DEB337813106,no
151,"Get into the Party Life","Little Beaver",136,6A,44,2026-06-12,04:08,49,"classic soul, soul, traditional funk, traditional soul","R&B, Blues, Traditional Music","Party Down",1974-00-00,78,4,0,92,0,20,-15,G minor,4,3rZrK0m6FsVwNBS0SFpivX,"Rhino",USRH10551865,no
152,"Never Let Your Love Grow Cold","The Vontastics",136,8B,77,2026-06-12,02:44,7,"northern soul","R&B","The Best of Northern Soul, Vol. 6 (Edited Version)",2023-03-31,61,62,0,83,0,10,-7,C,4,2pjqg22Zc7TcSFJtjg2id0,"Malibu Public Library",QM6N22116781,no
153,"Everyday","Buddy Holly, The Crickets",136,5B,22,2026-06-12,02:09,66,"rockabilly, rock and roll, doo-wop","Pop, R&B, Rock","Buddy Holly",1958-00-00,75,58,0,50,0,10,-13,D#/E♭,4,39lnzOIUCSNaQmgBHoz7rt,"Geffen",USMC15703105,no
154,"Things We Never Did","Sad Lovers & Giants",136,9A,56,2026-06-12,04:08,50,"post-punk, cold wave, darkwave, gothic rock, deathrock, new wave","Electronic, Rock, Pop","Epic Garden Music",1981-01-01,58,1,60,90,0,0,-13,E minor,4,2zQt8dSCFA95mVfuJlw5Lv,"Cherry Red Records",GBBLY9600015,no
155,"The Lady With The Braid","Dory Previn",136,4B,29,2026-06-12,03:58,41,"singer-songwriter","Folk","Mythical Kings And Iguanas",1971-01-01,49,65,0,49,0,10,-15,G#/A♭,4,0hEzjfDoRFMrGHuugZbclR,"Zonophone",USCA20703710,no
156,"Gotta Have Your Love","The Sapphires",136,4B,48,2026-06-12,02:16,29,"northern soul, philly soul, doo-wop","Pop, R&B","Best Of The Sapphires",1999-01-01,55,0,0,45,0,20,-11,G#/A♭,4,4BkHHw26fIlHEdcUqeCkgv,"Heritage Records",uscgh0560985,no
157,"Drifting","Jimi Hendrix",136,1B,26,2026-06-12,03:49,42,"psychedelic rock, classic rock, acid rock, blues rock","Rock, Blues","The Cry of Love",1971-00-00,39,8,42,16,0,20,-16,B,4,4xmlBI4xprNK78GSoTtkxp,"Legacy Recordings",USQX90900725,no
158,"Only a Shadow","The Cleaners From Venus",136,7A,67,2026-06-12,03:31,54,"jangle pop","Pop, Rock","Midnight Cleaners",1982-00-00,57,5,0,31,0,10,-6,D minor,4,5hokd9FpZOTtsOK9XW8sFD,"Mr Mule",US8YA1200094,no
159,"Mashita","Mansur Brown",136,11B,21,2026-06-12,02:52,0,"nu jazz","Electronic, Jazz","Shiroi",2018-09-28,52,81,89,34,0,10,-18,A,4,49Rz605It8O5mahpEFwH7e,"Black Focus",GB5P51800313,no
160,"Touch","Mansur Brown",136,2A,30,2026-06-12,03:51,25,"nu jazz","Electronic, Jazz","Touch",2022-11-09,51,81,81,18,0,10,-10,D#/E♭ minor,4,77cH6h4qYNqsQWiFDOo3Zk,"AMAI Records",GB5P52200421,no
161,"Moto Verse","Anthony Naples",136,5A,58,2026-06-12,02:56,23,"dub techno, lo-fi house, idm, ambient","Electronic, New Age","orbs",2023-06-02,73,18,87,61,0,10,-10,C minor,4,2mAi1hi14o15lmBLAMwcgS,"ANS Recordings (EU)",USYBL2300038,no
162,"Ambivalence","Pin Group",136,10A,76,2026-06-12,03:28,13,"post-punk","Rock","The Pin Group",1997-00-00,54,32,2,54,0,0,-14,B minor,3,3UCXMIXHsHyH624M3J1xZ8,"Siltbreeze",USELN0600127,no
163,"Treasure Hunt","Dolly Mixture",136,9A,84,2026-06-12,02:49,28,"jangle pop, riot grrrl, queercore","Pop, Rock","Demonstration Tapes",1983-00-00,63,1,0,78,0,10,-6,E minor,4,7m7aTMeSi6N54SJvpN8VjY,"Spa Green",GBC6E1020010,no
164,"Essence","Donald Byrd",136,10B,25,2026-06-12,10:42,14,"hard bop, jazz funk, jazz, soul jazz, jazz fusion, acid jazz, bebop","Jazz, R&B, Electronic, Rock","Electric Byrd",1970-01-01,41,24,51,28,0,10,-18,D,3,4ALcklS5ETJNcKoSxOmKjN,"Blue Note Records",USBN29500509,no
165,"Lookin' At Tomorrow (A Welfare Song) - Remastered 2009","The Beach Boys",136,4A,15,2026-06-12,01:58,38,"baroque pop","Classical, Pop","Surf's Up",1971-08-30,49,80,0,13,0,10,-20,F minor,4,2lkwyf1LLKLyWP0kVmxf5e,"Capitol Records",USGJP1300221,no
166,"Skywalker","Babyfather",136,9B,80,2026-06-12,03:33,49,"experimental hip hop","Hip Hop","419 (Remastered)",2016-11-26,35,0,0,52,0,30,-2,G,4,6idIUL2E6rk9LlQAvg3eqM,"World Music",USYBL1700937,yes
167,"One Who Cares (feat. Sofia Rubina)","Uku Kuut, Sofia Rubina",136,7B,38,2026-06-12,03:55,0,"post-disco, estonian jazz","Jazz, Pop, R&B","Smooth Funk",2013-06-19,41,37,0,14,0,0,-8,F,4,1fUz3XhO9KeDBsi0PYawT9,"Bigtree Studios",ushm21362967,no
168,"White Science","John FM, Zelooperz",136,8B,78,2026-06-12,04:13,20,"detroit house, indie electronic, experimental hip hop, alternative hip hop","Hip Hop, Electronic, Pop, Rock","White Science",2022-08-30,84,20,0,74,0,10,-8,C,4,20uWNggVIdMpdFNVXZi9iR,"XL Recordings",GBBKS2200160,yes
169,"Cidade a arder","Pilar",136,9A,28,2026-06-12,05:50,6,"","","Pilar",1989-03-23,58,56,1,16,0,30,-19,E minor,4,3tTxXffqTF9by87HQZfW7F,"Parlophone Portugal",PTEM18900171,no
170,"No Dark Things","Echo & the Bunnymen",136,12B,71,2026-06-12,04:28,23,"new wave, post-punk, gothic rock","Rock, Pop","Heaven up Here (Expanded; 2006 Remaster)",1981-05-30,32,0,1,75,0,10,-12,E,4,0AjvDcOpZRBK4ux2fymutH,"WM UK",GBAHT0005198,no
171,"I Thought You Knew","Eva Noxious",136,8A,58,2026-06-12,02:53,13,"g-funk","Hip Hop, R&B","Chingona Soy",2019-02-23,75,14,0,37,0,0,-13,A minor,4,4aPZBTabsSuzhcSixVAajM,"1652053 Records DK2",QZHN32064421,yes
172,"Share A Little Love With Me (Somebody)","The Monitors",136,4A,71,2026-06-12,02:22,8,"motown, northern soul","Pop, R&B","Essential Motown - Northern Soul",2018-09-21,67,11,0,97,0,10,-7,F minor,4,5vkxOGLEIAdY0AQRYNMgGK,"UMC (Universal Music Catalogue)",USMO10201022,no
173,"There Are More Snakes Than Ladders","Captain Sensible",136,5B,88,2026-06-12,03:38,9,"","","The Collection",2003-05-03,68,2,0,45,0,10,-12,D#/E♭,4,7zvCxb17wbSCnzlGz833aU,"Spectrum",GBAAM0300001,no
174,"Chito's Song","Cochemea",136,3B,36,2026-06-12,05:05,0,"experimental jazz","Jazz","Vol. II: Baca Sewa",2021-07-16,72,60,1,84,0,0,-15,C♯/D♭,4,0oJFXOMkBmAKqMjT3xCBrZ,"Daptone Records",USA2B2056988,no
175,"Yasmeen","Jeff Majors",136,3B,38,2026-06-12,05:31,18,"ambient jazz","Easy Listening, Jazz","For Us All (Yoka Boka)",2018-10-26,52,44,81,4,0,10,-12,C♯/D♭,4,6coR2mfusJPrAOrDtlijtk,"Invisible City Editions",QM6N21871395,no
176,"Hey, Little Girl","ICEHOUSE",136,8A,89,2026-06-12,04:24,57,"synthpop","Electronic, Pop","Primitive Man (Bonus Track Edition)",1982-09-06,74,15,52,87,0,0,-6,A minor,4,5VYB1J9aXyYxjE5Z8kXRgK,"Diva",AUC441100023,no
177,"America's Boy","Broadcast",136,10A,70,2026-06-12,03:34,0,"dream pop, neo-psychedelic","Pop, Rock","Tender Buttons",2005-09-19,43,17,94,68,0,40,-7,B minor,4,4yXuupcnn4IuZ4d8MVaCW2,"Warp Records",GBBPW0500074,no
178,"Everything Is Alright","Handsome Ghost",136,4B,39,2026-06-12,03:35,0,"hopebeat, indie poptimism, nyc pop","Electronic, Pop, Rock","Everything Is Alright",2021-01-15,46,75,0,21,0,10,-8,G#/A♭,4,6lxfpVwMv4wIyaxrlZccJO,"Photo Finish Records",QZ47A2000013,no
179,"Julie Profumo","The Cleaners From Venus",136,11A,86,2026-06-12,03:16,3,"jangle pop","Pop, Rock","The Wayward Genius Of Martin Newell",1996-01-01,56,10,0,88,0,40,-9,F#/G♭ minor,4,5XI5sKer7VAJIbuRwMr83a,"Right Honourable Records",GBBLY9900239,no
180,"Strawberries Are Growing in My Garden (And It's Wintertime)","The Dentists",136,12B,79,2026-06-12,03:18,1,"jangle pop, power pop, neo-psychedelic","Pop, Rock","Cherry Red Indie Hits: 1985-1986",2014-07-17,24,1,0,78,0,20,-4,E,4,2bhN3do9CmL08DQSumUb4s,"Cherry Red Records",GBBLY0501437,no
181,"Us Alone","Jabu",136,12A,21,2026-06-12,03:05,31,"bristol electronic","Electronic","Sweet Company",2020-11-13,68,97,62,19,0,10,-19,C♯/D♭ minor,4,2QntFcZmlbmUQ3nIZjP6oM,"do you have peace?",UKY332000008,no
182,"Can't Stand Without You","Imagination",136,5A,59,2026-06-12,09:13,20,"","","Shake It",1980-07-17,70,11,0,71,0,30,-9,C minor,4,5VDR6mGEAuws01DaE0EZYA,"The Artless Cuckoo",DEFU32030042,no
183,"Wall Street","Jackie Mittoo",135,9B,36,2026-06-12,07:14,31,"rocksteady, dub, roots reggae, reggae, ska, soul jazz","Electronic, Reggae, Jazz, R&B","The Keyboard King at Studio One",2000-00-00,83,33,70,68,0,0,-13,G,4,1vScxuyEa7X1HSP1HXLqZb,"Observer Music",USQY51706183,no
184,"Soul Heaven","Syl Johnson",135,1A,58,2026-06-12,02:35,56,"soul, northern soul, soul blues, classic soul","R&B, Blues","Complete Mythology",2010-11-09,72,31,81,96,0,20,-9,G#/A♭ minor,4,2mIx5zFpu1mrFExepZ0xJG,"Numero Group",USCW61003281,no
185,"It Feels So Good","Sonique",135,4A,68,2026-06-12,04:00,7,"eurodance","Electronic, Pop","Hear My Cry",2000-08-24,63,1,0,56,0,10,-7,F minor,4,4Y8q64VnhD0vFYy9g2WFpi,"Altra Moda Music",USUR10300602,no
186,"Flamengo Até Morrer","Marcos Valle",135,11B,45,2026-06-12,03:27,29,"bossa nova, brazilian jazz","Jazz, Latin","Previsão Do Tempo",1973-03-30,74,56,0,80,0,0,-13,A,4,0nSbECk5TlU33HZeVfjzPg,"EMI",BREMI1100012,no
187,"Let You Go","Clara La San",135,8A,18,2026-06-12,02:52,75,"","","Let You Go",2017-11-24,54,71,0,54,0,10,-19,A minor,4,6vwUnlOycgm21T6qKn8jxf,"CLS Music",QZDA42354452,no
188,"As the Sun Goes Down","Everything That Flies",135,12A,57,2026-06-12,03:27,19,"jangle pop","Pop, Rock","As the Sun Goes Down",2012-05-25,52,2,0,70,0,30,-11,C♯/D♭ minor,4,2f9udGD0dgqtqXWFLgHFUq,"GTM",NZAM01200185,no
189,"Aerial Troubles","Stereolab",135,3A,76,2026-06-12,03:20,30,"art pop, krautrock, neo-psychedelic, post-rock","Pop, Electronic, Rock","Aerial Troubles",2025-04-08,67,28,1,64,0,0,-8,A#/B♭ minor,4,6mfJi0SkVeIjyMz0edElJZ,"Duophonic UHF Disks / Warp Records",GBBPW2401398,no
190,"The Equaliser - Remastered","The Clash",135,5A,69,2026-06-12,05:46,31,"punk","Rock","Sandinista! (Remastered)",1980-00-00,60,4,0,62,0,70,-11,C minor,4,6DZcSMUBQxw7bDLPPnFPsz,"Sony Music UK",GBARL1200743,no
191,"Magnetic","Ambient Jazz Ensemble",135,1A,36,2026-06-12,04:01,23,"ambient jazz, nu jazz, indie jazz","Easy Listening, Jazz, Pop, Electronic","Spirit Dance",2024-06-14,22,82,92,6,0,0,-15,G#/A♭ minor,3,1PUuW2WOUn2n8t02DdymqD,"Here & Now Recordings",GBSNU0700411,no
192,"Pash","Kate Ceberano",135,4A,91,2026-06-12,04:20,0,"australian dance, australian pop, australian rock","Electronic, Pop, Rock","Pash",1998-00-00,70,0,2,95,0,0,-5,F minor,4,03Bgy8sbBMxyQ3yYNwhTxR,"WM Australia",AUMU09800122,no
193,"Cross Your Mind","Shelly",135,10B,74,2026-06-12,03:48,67,"lo-fi indie","Electronic, Rock","Shelly 2",2025-07-01,72,51,5,76,0,10,-8,D,4,3a3zDlE4bgI6ZvU00m6o84,"Orange Hill Records",QZTAY2562283,no
194,"Voyager","Slauson Malone 1",135,3B,32,2026-06-12,03:09,22,"experimental hip hop, plunderphonics","Hip Hop, Electronic","EXCELSIOR",2023-10-06,52,70,8,6,0,10,-12,C♯/D♭,4,1vW6WW86NHuWMrLuGsG8WX,"Warp Records",GBBPW9900250,no
195,"Cocaine","J.J. Cale",135,7B,69,2026-06-12,03:07,21,"blues, roots rock, blues rock","Blues, Rock","Live",2001-05-21,55,71,36,55,0,30,-8,F,4,3OPXxHHkiI6fRNluxOo7WH,"Because Music",FRY680107280,no
196,"Your Motion Says","Arthur Russell",135,9A,61,2026-06-12,02:40,39,"art pop, minimalism","Pop, Classical","Love Is Overtaking Me",2004-10-27,61,5,0,46,0,30,-10,E minor,4,7wIJJSLJ6zH2rUAUgb98Q4,"Audika Records",USAK20800117,no
197,"Dreamflower","Tarika Blue",135,2A,25,2026-06-12,04:15,52,"jazz funk, jazz fusion","Jazz, R&B, Electronic, Rock","Tarika Blue",1977-00-00,55,77,72,38,0,0,-18,D#/E♭ minor,4,4iyH37AHAkYK1MVhveeqcm,"DOWNTOWN SOUND",USASQ0511008,no
198,"Wall Street","Jackie Mittoo",135,9B,37,2026-06-12,07:14,34,"rocksteady, dub, roots reggae, reggae, ska, soul jazz","Electronic, Reggae, Jazz, R&B","Keyboard King at Studio One",2000-00-00,83,35,73,67,10,10,-13,G,4,1AqdE3WGQHiHpAnsXQogWK,"Soul Jazz Records",GBHWT0500093,no
199,"Cristo Redentor","The Horus All Stars",135,8B,58,2026-06-12,03:25,16,"dub","Electronic, Reggae","Cristo Redentor",2023-11-27,77,37,49,73,0,0,-6,C,4,0dTJCMULUucApdE3vjnXCn,"Horus Records",UK6G32310001,no
200,"I Can Understand It","Kokomo",135,8A,74,2026-06-12,10:07,7,"smooth soul","R&B","Kokomo (Live At the Venue '81)",2014-08-15,49,23,16,28,0,70,-8,A minor,4,0Y0vRVYQmnE7Jc9O3e4sNw,"Kokomo",ushm81455306,no
201,"Nighthawks","Judie Tzuke",135,2A,58,2026-06-12,05:04,38,"classic uk pop","Pop","Ritmo",1983-09-01,75,10,0,98,0,30,-11,D#/E♭ minor,4,07sVg9zV2FDaeZ4H5SJ2ib,"Chrysalis Records",GBAYK1100021,no
202,"Calm Convergence","Inner Balance - Modern Meditation",135,5A,2,2026-06-12,08:08,2,"","","Transcendental Drift",2017-03-21,16,100,92,8,0,0,-31,C minor,4,79uwrQyVxm07Yjk3dZR9Ra,"Cmmp",uscgj1725593,no
203,"Losalamitoslatinfunklovesong","Gene Harris",135,4A,71,2026-06-12,03:10,54,"jazz funk, soul jazz, hard bop, jazz fusion","Jazz, R&B, Electronic, Rock","Astral Signal",1974-11-21,77,23,1,91,0,0,-12,F minor,4,6fK7vB7NeJCSB4ZaLptgwW,"EMI MUSIC JAPAN INC.",USBN29400150,no
204,"Dreiklangsdimensionen","Rheingold",135,8A,47,2026-06-12,03:34,17,"neue deutsche welle, krautrock, new wave","Electronic, Rock, Pop","Essential: New Wave Vol. 2",2012-06-29,79,74,82,96,0,0,-16,A minor,4,5FpRlddY8yVDBOREb9meUS,"Parlophone Belgium",DEA340401578,no
205,"Can't Help Lovin' Dat Man","Ila Vann",135,9B,65,2026-06-12,02:31,8,"northern soul","R&B","For Northern Soul Collectors: Volume 1",2012-07-30,60,66,47,76,0,20,-7,G,4,0aX70xEjZaH2eJiuVj1pbC,"Parlophone UK",GBAYE6600629,no
206,"Gonadotropic Synthesis","Iko",135,8A,63,2026-06-12,07:18,10,"cold wave, post-punk","Electronic, Rock","'83",2014-11-25,73,12,0,81,0,0,-9,A minor,4,5S2nTM83zYxIeso7t4Do7R,"Medical Records",QMKJE1251706,no
207,"We Free","Gary Marks",135,12B,50,2026-06-12,05:16,0,"yacht rock, aor, acid rock","Rock, Pop","Gathering",1973-00-00,41,85,0,46,0,10,-11,E,4,0tBp3gaLW6RYXhWCJnvLJZ,"MondoTunes",USQY51459527,no
208,"Your Motion Says","Arthur Russell",135,9A,60,2026-06-12,02:42,0,"art pop, minimalism","Pop, Classical","Love Is Overtaking Me",2008-10-27,61,5,0,46,0,30,-10,E minor,4,7IQWCIhLd41PNv4ColvKMO,"Rough Trade",USAK20800117,no
209,"no way to treat a lover","corporate finance",135,7B,33,2026-06-12,03:08,5,"","","forever dreaming",2023-05-19,61,83,89,72,0,10,-15,F,4,6HSNYCKvvvgUnqdtcd54ju,"Calm Recordings",GX8LE2324023,no
210,"Love Me A Little","K-Lone",135,8A,81,2026-06-12,04:20,1,"jazz house, uk garage, uk funky, dub techno","Electronic, Jazz","Swells",2023-07-07,76,9,91,73,0,0,-7,A minor,4,3Mj5x4DRYGYgK6nggCy78t,"Wisdom Teeth",GBHLW2300864,no
211,"I Ain't Got Nobody (For Real)","Sly & The Family Stone",135,8B,50,2026-06-12,04:25,25,"funk, motown, classic soul, funk rock, soul","R&B, Rock, Pop, Blues","Dance To The Music",1968-04-27,40,6,2,62,0,20,-11,C,4,62yuJ7e3ULb6NFvRs13E9u,"Epic/Legacy",USSM10025980,no
212,"Voyager","Slauson Malone 1",135,3B,32,2026-06-12,03:09,13,"experimental hip hop, plunderphonics","Hip Hop, Electronic","Voyager",2023-08-15,55,70,5,7,0,10,-12,C♯/D♭,4,7liCZGCeSyqcDRKhdlglHW,"Warp Records",GBBPW9900250,no
213,"WAIT 4 ME","John Glacier, SURF GANG",135,8A,52,2026-06-12,01:36,8,"experimental hip hop, cloud rap","Hip Hop","WAIT 4 ME",2023-08-22,80,11,0,53,10,20,-10,A minor,4,4aCsMdnFeRTrB6JJ4kfVvN,"Surf Gang Records",USZ4V2300215,no
214,"Sheryl Song Is Gonna Do My Dancing","Synod",135,11B,86,2026-06-12,03:57,1,"album rock","Rock","Anchors Away",2023-09-01,68,74,1,97,0,30,-7,A,4,3oz0xdOmC8NRUjzrp3Up0e,"Tramp Records",DELO20911963,no
215,"Think It Over (Before You Break My Heart) - Stereo Version","Brenda Holloway",135,7B,67,2026-06-12,03:06,28,"northern soul, motown, classic soul","R&B, Pop","The Motown Anthology",2005-01-01,58,6,0,81,0,30,-9,F,4,6OtKggyUTqCYOeB1hmaPpu,"UNI/MOTOWN",USMO10400700,no
216,"Allures (Demo)","Stereolab",135,8B,31,2026-06-12,01:06,23,"art pop, krautrock, neo-psychedelic, post-rock","Pop, Electronic, Rock","Dots And Loops (Expanded Edition)",1997-00-00,61,83,0,20,0,30,-12,C,4,0xIaML2c3qeTwqcpBwytni,"Duophonic / Warp Records",GB5P51900171,no
217,"Stronger Than Her Love","The Flirtations",135,9B,97,2026-06-12,03:42,3,"northern soul, motown","Pop, R&B","Hi-Nrg & Disco Classics",2010-12-13,62,16,0,41,0,0,-5,G,4,44rGlPAW9p4Itq8mHNCcjL,"Vanilla OMP",GBQRF1015448,no
218,"Your Love Is King","Sade",135,11B,42,2026-06-12,03:39,66,"british soul, sophisti-pop","R&B, Pop","The Best of Sade",1994-10-31,74,58,0,60,0,0,-7,A,3,7erXAfnatmoUow8DnbseOY,"Epic",GBBBM8302006,no
219,"Stay","The Cat's Miaow",135,10B,34,2026-06-12,01:48,0,"jangle pop","Pop, Rock","Songs '94-'98",2022-07-15,38,52,57,70,0,30,-12,D,4,7ocJxHzBQqaTVsB8KeRKEw,"World of Echo",GBHLW2200705,no
220,"Thankful For You","Andre Gibson, Universal Togetherness Band",135,11B,61,2026-06-12,03:12,0,"deep funk","R&B","Apart: Demos 1980-1984",2020-04-17,84,80,0,80,0,20,-10,A,4,6PFwp8ENrbfoE5w7J3LLKj,"Numero Group",USCW62015806,no
221,"Doce Vampiro","Rita Lee, Roberto De Carvalho",135,10B,49,2026-06-12,04:28,58,"mpb, brazilian rock","Rock, Latin","Rita Lee",1979-00-00,63,37,0,83,0,0,-15,D,4,5toSzfFqh7gfTLGWW3Z8Zv,"EMI Music Brasil Ltda",BREMI7900076,no
222,"Courtship Caught Fleetingly","Roy Montgomery",135,9B,31,2026-06-12,04:37,0,"post-rock, drone, space rock, neo-psychedelic","New Age, Rock","Camera Melancholia",2022-11-25,47,45,95,32,0,10,-15,G,3,7MkgFknVwGPRKJBpg4wIjU,"Grapefruit",USCPT2212604,no
223,"Can't Help Lovin' Dat Man","Ila Vann",135,9B,65,2026-06-12,02:31,21,"northern soul","R&B","Talcum Soul 5",2005-10-28,60,66,48,76,0,20,-7,G,4,1qT7F1lVWwI0nZte7nryNh,"Parlophone UK",GBAYE6600629,no
224,"Roam - Edit","The B-52's",135,11B,89,2026-06-12,04:06,50,"new wave, post-punk","Pop, Rock","Roam (Edit) / Bushfire [45 Version]",1989-06-27,61,6,0,72,0,10,-9,A,4,0jfONt56vckywtWwm8wjki,"Rhino/Warner Records",USRE10901286,no
225,"NOLA Freestyle","Dean Blunt",135,2B,71,2026-06-12,01:56,0,"art pop, collage pop, hypnagogic pop, uk experimental electronic","Pop, Electronic","NOLA Freestyle",2023-01-18,42,0,39,15,0,30,-6,F#/G♭,4,0vScCLFuoiBvQiHJepJq4e,"WORLD MUSIC",UKQNV2300009,no
226,"Bali Waters","Tamam Shud",135,11B,33,2026-06-12,06:16,18,"psychedelic rock, acid rock","Rock","Morning Of The Earth (50th Anniversary Edition)",1972-02-25,46,69,67,24,0,10,-13,A,4,230wzwaHBxyODQweO4IBnW,"WM Australia",AUWA01000481,no
227,"Coming","mark william lewis",135,1B,49,2026-06-12,03:22,31,"hypnagogic pop","Electronic, Pop","Living",2023-01-23,37,66,12,22,0,10,-10,B,4,5xUtYh3xnorpq2o67JoM1M,"mark william lewis",CAHQJ2306193,no
228,"TAPENGA","Cruel Santino",135,4A,64,2026-06-12,02:37,33,"alté, afrobeats, afroswing, afrobeat, afro r&b, afropop","R&B, Traditional Music, Pop, Hip Hop, Electronic","Subaru Boys : FINAL HEAVEN",2022-03-03,74,39,7,53,0,70,-8,F minor,4,4btWwNotO7Qy4irtp9SIuL,"Monster Boy/Interscope Records",USUG12200582,yes
229,"Roam","The B-52's",135,11B,94,2026-06-12,04:55,64,"new wave, post-punk","Pop, Rock","Cosmic Thing",1989-00-00,64,5,0,69,0,20,-6,A,4,5fqcIHU6DhQtFKVO5XSdQs,"Warner Records",USRE18900031,no
230,"I Cry (Night after Night)","The Egyptian Lover",135,10B,46,2026-06-12,05:04,41,"miami bass, old school hip hop, electro","Electronic, Hip Hop","On the Nile",1984-01-01,71,18,90,48,0,0,-10,D,4,6W03BOggURVJECgPfpz7Gh,"Egyptian Empire Records",USLW78466306,no
231,"Germayne (Like a Catherdral)","The Cleaners From Venus",135,12A,81,2026-06-12,03:22,37,"jangle pop","Pop, Rock","Number Thirteen",1990-00-00,53,8,0,76,0,30,-7,C♯/D♭ minor,4,0QhIsB1QO6H1MhoI9052Es,"Mr Mule",QMMZN1300687,no
232,"redacted fog","Lil Ugly Mane",135,10A,69,2026-06-12,03:09,23,"experimental hip hop, cloud rap, plunderphonics, neo-psychedelic, southern hip hop, horrorcore","Hip Hop, Metal, Rock, Electronic","redacted fog",2022-11-18,53,1,62,48,0,0,-11,B minor,4,318tn1Dljzt0giQ87hvJag,"barn full of horned animals",QZTB22223166,yes
233,"Reelin' In The Years","Steely Dan",135,10B,54,2026-06-12,04:37,78,"yacht rock, classic rock","Rock, Pop","Can't Buy A Thrill",1972-11-01,49,15,0,72,0,0,-17,D,4,1x1XQqhBViz4opcpwc7FVs,"Geffen",USMC17347184,no
234,"Grace","Look Blue Go Purple",135,8A,77,2026-06-12,02:02,19,"jangle pop, riot grrrl","Pop, Rock","Look Blue Go Purple Compilation",1991-11-24,61,6,2,71,0,0,-12,A minor,4,4vncwNjBl9LmVvMf8BHj7b,"Flying Nun Records",NZFN00400358,no
235,"Watch out Sally","Guy Maxwell",135,12A,52,2026-06-12,04:58,9,"aor","Rock","Outside My Window",2021-10-29,77,72,0,89,0,10,-12,C♯/D♭ minor,4,2U3Ck3NerSO4d41iHHesdz,"Growing Bin Records",QMDA62143856,no
236,"I Love the Night","Blue Öyster Cult",135,8B,49,2026-06-12,04:23,47,"classic rock, hard rock","Rock","Spectres",1977-00-00,49,0,0,18,0,50,-11,C,4,4hO1SWYmqJF6X7O5rZaE6R,"Columbia",USSM17700800,no
237,"Your Love Is King","Sade",135,11B,42,2026-06-12,03:39,73,"british soul, sophisti-pop","R&B, Pop","Diamond Life",1984-07-16,74,56,0,59,0,0,-7,A,3,1j2LuIf7mv15ZVug1Xy5qz,"Sony Music CG",GBBBM0002166,no
238,"Exotika (12  Mix)","Chris & Cosey",135,10B,72,2026-06-12,06:13,30,"industrial, cold wave, ebm, synthpop","Electronic, Rock, Pop","Exotika",1987-11-03,79,4,77,97,0,30,-12,D,4,7bAIwe62a4gduMuGmiyT2L,"Conspiracy International",GBHQZ8700009,no
239,"Dirty Back Road","The B-52's",134,8B,55,2026-06-12,03:20,34,"new wave, post-punk","Pop, Rock","Wild Planet",1980-01-01,74,5,7,97,0,10,-14,C,4,7nWkNbltkcfKmCEQEzmsqG,"Island Records",USIR28000028,no
240,"Strangers","Sinking ships",134,11B,67,2026-06-12,02:51,18,"","","Strangers",2023-10-26,65,1,2,67,0,10,-12,A,4,2BHTzPNQRlreY1FB3W35bi,"FreeMusicDistrib",QZZ972312490,no
241,"Untitled 1","Mark Ambrose",134,2B,89,2026-06-12,06:28,10,"","","Lifeforms Volume One",2023-08-04,71,0,89,43,0,0,-8,F#/G♭,4,2RZSWuIRughTy2o6kQM011,"Curated by Time",UKWNJ2300087,no
242,"la pa ti ta - Remastered","800 cherries",134,9B,70,2026-06-12,03:16,49,"shibuya-kei","Electronic, Pop","romantico (2022 Remaster)",1998-11-21,60,4,35,76,0,10,-8,G,4,19lcl3jjpWnGJdnXzYMwo9,"KiliKiliVilla",JP92N2279708,no
243,"Easy","Mata Hari",134,12B,71,2026-06-12,02:39,47,"","","Easy",2017-03-21,70,25,0,94,0,0,-9,E,4,7iPVh8ghyvS1bQny0lQrLq,"Anthology Recordings",QMV8L1401703,no
244,"I Get so Disgusted","The Mystics",134,11B,65,2026-06-12,03:16,5,"doo-wop","Pop, R&B","Now & Then",2015-08-09,38,13,26,55,0,60,-8,A,4,1GVOVY9WH1j86yJQynrURb,"Audio Idaho Records",ushm21517866,no
245,"A flúor - Versión maxi","Derribos Arias",134,7B,51,2026-06-12,05:24,16,"spanish new wave, spanish post-punk","Latin, Pop, Rock","Cd",1996-00-00,79,21,81,73,0,0,-11,F,4,4TtkamawbiMhhBuuiKP6dT,"DRO/EastWest Spain",ES5018285003,no
246,"Easy","Mata Hari",134,12B,71,2026-06-12,02:39,0,"","","Easy",2017-03-21,70,25,0,94,0,0,-9,E,4,5jAlxPJ0WuVXHisDXFnAZR,"Anthology Recordings",QMV8L1401703,no
247,"I Almost Blew My Mind","The Positive Sounds",134,6A,55,2026-06-12,03:38,14,"","","I Almost Blew My Mind b/w You're The One I Need",1971-01-01,40,34,0,63,0,70,-7,G minor,4,2B4Ga5xWxVQIorGkMC9njv,"Numero Group",USCW62144201,no
248,"Love Proceeding - Macroblank Remix","BADBADNOTGOOD, Arthur Verocai, Macroblank",134,11A,58,2026-06-12,05:24,26,"canadian modern jazz, indie soul, brazilian jazz, bossa nova, mpb","Jazz, Latin, R&B","Love Proceeding (Macroblank Remix)",2022-12-14,54,10,64,25,0,0,-9,F#/G♭ minor,4,58C4XgtfeCDVveVJZuuDGG,"XL Recordings",GBBKS2200225,no
249,"Waiting for a Train","Flash and the Pan",134,9B,84,2026-06-12,03:44,39,"new romantic, new wave, new wave pop, synthpop","Pop, Rock, Electronic","Collection",1994-10-04,80,13,21,91,0,0,-9,G,4,2Nui9Fp95uUIUUKZ2434sM,"Albert Productions",AUAP08200012,no
250,"Cement Shoes","DJ Spanish Fly",134,8B,67,2026-06-12,04:37,38,"horrorcore, southern hip hop","Hip Hop, Metal","Unfinished Business 1987",2020-01-12,85,66,87,66,0,0,-8,C,4,0HGIbAW3KQ8ugEY21OQpW4,"Fly Word Music, LLC",USJ3V1875986,yes
251,"Miss Sueter","João Bosco, Aldir Blanc",134,12A,35,2026-06-12,03:16,26,"mpb, samba, bossa nova, brazilian jazz","Jazz, Latin","Galos De Briga",1976-00-00,66,48,0,63,10,10,-17,C♯/D♭ minor,4,6PUs3FgTxoWv46Uc9biAFf,"RCA Records Label",BRBMG7600041,no
252,"In My Life","Lena Horne, Gábor Szabó, Gary McFarland",134,9A,4,2026-06-12,02:55,8,"vocal jazz, spiritual jazz, latin jazz, exotica, afro-cuban jazz","Jazz, Latin, Easy Listening","Lena & Gabor",1970-09-13,35,97,0,9,0,20,-19,E minor,3,7I5Hht9ZqH7kzdMw9e5FPe,"Skye Records",USA560663345,no
253,"Infinitamente Nu - Instrumental","Sessa",134,9A,39,2026-06-12,03:18,12,"new mpb","Latin, Traditional Music","Köln Sessions",2024-10-02,42,91,92,33,0,10,-16,E minor,4,0ez78bGJtTVEbvbilhqC1Z,"Mexican Summer",QMV8L2437502,no
254,"ROCKMAN","Mk.gee",134,5B,50,2026-06-12,02:59,66,"experimental r&b","R&B","ROCKMAN",2024-10-18,78,66,0,96,0,0,-10,D#/E♭,4,63ABAnFKJCp28TAyqf2cGL,"R&R Digital",USA2P2465838,no
255,"She's My Best Friend","The Velvet Underground",134,8B,44,2026-06-12,02:47,34,"proto-punk, art rock","Rock","VU",1985-02-02,58,16,0,90,0,30,-16,C,4,4DU4GFHXVgP5FEdc5WO98C,"Universal Records",USF098400030,no
256,"Love Theme From Spartacus - Rudy Van Gelder Remaster / 2006","Yusef Lateef",134,9A,38,2026-06-12,04:11,0,"jazz, hard bop, free jazz, avant-garde, cool jazz","Classical, Jazz","Eastern Sounds",1961-00-00,52,64,93,45,0,10,-14,E minor,3,7yzM0pEseQUpb6BMViOPEA,"Prestige",USFI86200424,no
257,"You Look Certain (I’m Not So Sure)","Mount Kimbie, Andrea Balency",134,10A,86,2026-06-12,03:22,46,"electra, electronica, future garage, indietronica, wonky, mexican indie, latin indie","Rock, Electronic, Pop, Latin","Love What Survives",2017-09-08,67,8,87,97,0,40,-9,B minor,4,4ZW7w36xfKuH5KndE37s5C,"Warp Records",GBBPW1700107,no
258,"Girls Are Out to Get You","The Andantes",134,2B,69,2026-06-12,03:23,19,"northern soul, motown","Pop, R&B","Northern Soul Sensations",2010-11-22,71,54,0,88,0,10,-13,F#/G♭,4,0JpUdYW1hKU1fGqjy0xvHY,"Motorcity OMP",GBQRF0703810,no
259,"Aweigh With Words","Ward & Johnson",134,8B,57,2026-06-12,04:07,6,"","","Aweigh With Words",1976-04-28,66,74,10,86,0,0,-9,C,4,6nRpbGgHhQo1jatMzScOJh,"Sony Music Entertainment",AUBM02300118,no
260,"Trip To Your Mind","Hudson People",134,4A,67,2026-06-12,09:49,31,"disco, jazz funk","Pop, Jazz, R&B","Trip To Your Mind",2023-02-17,55,1,19,75,0,0,-11,F minor,4,0K2g7kqMdbkqrtJodDhSIT,"Backatcha Records",UKTT72200033,no
261,"The View From Her Room - 7  Version","Weekend",134,9A,52,2026-06-12,08:12,11,"jangle pop","Pop, Rock","La Variete",2006-09-04,55,59,57,33,0,10,-18,E minor,4,4kxVAXTUB2FCDWvd2buSik,"Cherry Red Records",GBBLY0605121,no
262,"Waterloo Sunset (Original)","Affairs Of The Heart",134,12B,57,2026-06-12,05:17,12,"italo disco, hi-nrg","Electronic, Pop","Waterloo Sunset",1983-09-28,61,0,48,48,0,30,-8,E,4,26vhEamgpYiu6wDJZB1BH7,"Celluloid",GBHCD1150298,no
263,"Out Of The Blue","Roxy Music",134,8B,90,2026-06-12,04:46,40,"glam rock, art rock","Rock","Country Life",1974-11-01,40,0,23,51,0,0,-6,C,4,4jPGlxPPQarO9osxGqwGX1,"EG Records",GBAAA9900158,no
264,"Love Theme from Spartacus","Yusef A Lateef",134,9A,41,2026-06-12,04:15,17,"hard bop, bebop, cool jazz","Jazz","Eastern Sounds",1961-00-00,52,22,76,47,0,0,-13,E minor,3,63X9vKgYKyBke5jRFZa1wW,"Grand Avenue",AUXN22337736,no
265,"My Dear Heart","Shawn Robinson",134,11B,70,2026-06-12,02:27,16,"northern soul","R&B","For Northern Soul Collectors: Volume 1",2012-07-30,62,31,0,97,0,10,-8,A,4,4mBqs4mz04dSCd9jiydnjj,"Parlophone UK",USCA20903554,no
266,"I Only Wanted To Love You","Sass",134,3A,76,2026-06-12,03:44,9,"","","Sass",2023-02-03,49,9,0,64,10,0,-10,A#/B♭ minor,4,3MsYZmSzsWAauoMuM7vfOd,"HIGH JAZZ* Records",DECY52300072,no
267,"Easy","Mum Smokes",134,1B,31,2026-06-12,06:50,0,"melbourne indie","Pop, Rock","Easy/House Music",2009-04-25,54,0,87,52,0,30,-16,B,4,5SYBtwz6x7vbkimT0Ut7ko,"Sensory Projects",AUSRP0800116,no
268,"Teardrops","Womack & Womack",134,1A,56,2026-06-12,05:03,63,"disco","Pop","Conscience",1988-06-13,88,27,0,93,0,0,-13,G#/A♭ minor,4,34zDwAdksPXYzGINUT0oW7,"Island Records",USIR28800280,no
269,"Night Flanger - Remastered 2005","Yello",134,11A,80,2026-06-12,04:52,8,"synthpop","Electronic, Pop","Solid Pleasure (Remastered)",2005-01-01,69,0,29,67,0,50,-6,F#/G♭ minor,4,73KOhZQ1rIBP2AHJKZIp36,"Yello",DEUM70500190,no
270,"Bamboo Houses - Remix","Ryuichi Sakamoto, David Sylvian",134,1A,49,2026-06-12,05:28,27,"japanese classical, ambient, art pop, art rock","Electronic, New Age, Pop, Rock, Classical","A Victim Of Stars 1982-2012",2012-02-27,84,58,93,84,0,0,-9,G#/A♭ minor,4,33jrCWtadQOiYzm98ghXHR,"UMC (Universal Music Catalogue)",GBAAA0000730,no
271,"Don't Think I'm Not - Radio Edit","Kandi",134,1B,63,2026-06-12,03:50,2,"contemporary r&b, hip pop, r&b","R&B, Hip Hop, Pop","Don't Think I'm Not",2000-10-16,85,8,0,43,0,0,-8,B,4,4uuVVC9SPXpNi4GBjOAbSQ,"Columbia",USSM10009858,no
272,"Jungle Fever (feat. Genio Bambino & Odunsi (The Engine))","Cruel Santino, Genio Bambino, Odunsi (The Engine)",134,11A,55,2026-06-12,02:15,0,"alté, afrobeats, afroswing, afrobeat, afro r&b, afropop, afro soul","R&B, Traditional Music, Pop, Hip Hop, Electronic","Jungle Fever [feat. Genio Bambino & Odunsi [The Engine])",2017-01-05,70,31,57,80,0,10,-15,F#/G♭ minor,4,4dklRnRQZT9ef8JfgnRbYn,"Immaculate Taste, LLC",GBSMU3316770,yes
273,"punkt","bar italia",134,7A,87,2026-06-12,02:25,14,"lo-fi indie","Electronic, Rock","punkt",2023-04-18,53,0,8,78,0,10,-4,D minor,4,2jZVRBClSWt3Vc9fPkyRCi,"Matador",USMTD2300089,yes
274,"Lovemachine","Supermax",134,8A,63,2026-06-12,08:35,47,"","","World Of Today",1977-00-00,79,0,57,94,0,0,-10,A minor,4,2A9EqW476Cp9z8PqQE4pPN,"WM Germany",DEA629251592,no
275,"Solo","Frank Ocean",134,4A,29,2026-06-12,04:17,74,"lgbtq+ hip hop, neo soul","Hip Hop, R&B","Blonde",2016-08-20,47,85,0,26,0,10,-11,F minor,4,35xSkNIXi504fcEwz9USRB,"Boys Don't Cry",QZ5C81600005,yes
276,"L'Amour Looks Something Like You","Kate Bush",134,6A,31,2026-06-12,02:28,50,"art pop, baroque pop, art rock","Pop, Rock, Classical","The Kick Inside",1978-02-17,54,44,0,29,0,30,-12,G minor,4,5R2Y1z0PEWOYn4FBa01MJd,"Parlophone UK",GBAYE7800112,no
277,"Fix Up","dochi, FELIXCW",134,9A,76,2026-06-12,03:54,26,"uk garage, uk funky","Electronic","Fix Up",2021-02-12,65,19,0,36,10,10,-10,E minor,4,0BcfSiNcZZL6HPJrNSvJ33,"Brighter Days",GBMA22113381,yes
278,"Year of the Tiger","Look Blue Go Purple",134,10B,62,2026-06-12,02:33,6,"jangle pop, riot grrrl","Pop, Rock","Look Blue Go Purple Compilation",1991-11-24,60,0,0,78,0,10,-11,D,4,2XVUDQCHRxDWRHPQIZ2D5p,"Flying Nun Records",NZFN00400365,no
279,"Dead Eyes Opened - Radio Edit","Severed Heads, Robert Racic",134,3B,86,2026-06-12,03:51,22,"industrial, ebm, cold wave, synthpop","Electronic, Rock, Pop","Dead Eyes Reopened",1994-07-01,70,4,24,60,0,10,-9,C♯/D♭,4,0T2ynl622fdmvxUFaqaXcV,"Sevcom",QZCE61870851,no
280,"Filter Dub","Seefeel",134,10A,49,2026-06-12,08:47,26,"idm, shoegaze, post-rock, ambient, drone","Electronic, New Age, Rock","Quique",1993-07-16,51,29,94,62,0,10,-18,B minor,4,6vW3ep9TXmctc4dG09Yre7,"Too Pure",GBBNZ9300056,no
281,"Cement Shoes","DJ Spanish Fly",134,8B,66,2026-06-12,04:38,24,"horrorcore, southern hip hop","Hip Hop, Metal","Cement Shoes",1994-01-16,85,66,88,65,0,10,-8,C,4,4J2gqaHBsVeY0PAf4VraRL,"Fly Word Music",USJ3V1875986,yes
282,"Blue Honda","mark william lewis",134,10A,54,2026-06-12,02:37,41,"hypnagogic pop","Electronic, Pop","God Complex",2022-04-08,65,2,32,40,0,30,-8,B minor,4,2e8k1ZyFvXzoLzd1kvkXGV,"mark william lewis",CACWV2287107,no
283,"Girls Are Out to Get You","The Andantes",134,2B,69,2026-06-12,03:23,1,"northern soul, motown","Pop, R&B","If You Really Love Me - The Best of the Andantes",2012-11-25,71,54,0,88,0,10,-13,F#/G♭,4,1wVCl9Z68doOFs11Un3kIF,"Vanilla OMP",GBQRF0703810,no
284,"Going Up","Echo & the Bunnymen",134,11B,54,2026-06-12,03:59,35,"new wave, post-punk, gothic rock","Rock, Pop","Crocodiles (Expanded; 2007 Remaster)",1980-07-18,39,0,1,41,0,10,-13,A,4,7sO3MetCgc75SWlOyTifgQ,"Rhino",GBAHT0200660,no
285,"Don't Watch My Size","Phil Pratt, The Sunshot Band",134,10B,51,2026-06-12,03:47,0,"dub, roots reggae, rocksteady, reggae","Electronic, Reggae","Dial M For Murder",2012-01-17,71,1,69,93,0,0,-13,D,4,0lNtE6m1SW1T3h8j8wtR2I,"Pressure Sounds",GBMHG1107206,no
286,"Rock & Roll - Mono; 2015 Remaster","The Velvet Underground",134,8B,69,2026-06-12,04:37,32,"proto-punk, art rock","Rock","Loaded: Re-Loaded 45th Anniversary Edition",1970-00-00,48,0,0,61,0,20,-7,C,4,0oJXF6lAJxQ540X6ab4LYS,"Rhino Atlantic",USRH11503117,no
287,"Cement Shoes","Dj Spanish Fly Memphis",134,8B,65,2026-06-12,04:38,0,"","","UNFINISHED BUSINESS",2020-01-07,85,67,87,65,0,10,-9,C,4,7dJ4lZN2b0t1vJJCiZQJxy,"Dj Spanish Fly Memphis",USJ3V1875986,yes
288,"Didn't I","Kofi",134,8B,44,2026-06-12,05:28,35,"lovers rock, reggae, rocksteady","Reggae","Black ... With Sugar",1989-00-00,78,29,0,76,0,0,-14,C,4,6xFHnM5W70RhNzWvtVtB2O,"Ariwa Sounds",USA560538116,no
289,"Filter Dub - 1-01 Mix","Seefeel",134,10A,38,2026-06-12,09:40,6,"idm, shoegaze, post-rock, ambient, drone","Electronic, New Age, Rock","Quique (Redux Edition)",2007-05-14,66,13,92,42,0,10,-16,B minor,4,6LmEomehGkNMquxpFfp3aI,"Too Pure",GBBNZ9300062,no
290,"Give It Up 2 Me","Ojerime",134,8B,41,2026-06-12,02:58,37,"alternative r&b, uk r&b","Pop, R&B, Hip Hop","B4 I Breakdown",2020-03-13,38,63,2,17,10,10,-13,C,4,3X7wVYr4XpzGgoXmQVnrJo,"fang",FRX201955621,no
291,"Smile #4","Slauson Malone 1",134,9B,44,2026-06-12,01:59,18,"experimental hip hop, plunderphonics","Hip Hop, Electronic","A Quiet Farwell, 2016–2018 (Crater Speak)",2019-04-18,36,66,1,34,10,10,-11,G,4,0tGDclngtuTmfLL3b07HwR,"Grand Closing",QZES51921980,yes
292,"Beam On Ya Toes","RXKNephew",134,7B,89,2026-06-12,05:18,30,"cloud rap, experimental hip hop","Hip Hop","Slitherman Activated",2021-05-28,85,19,0,42,20,0,-6,F,4,64lb6l0zgi06wvqmY9f2mi,"Towhead Recordings",USYBL2101208,yes
293,"Lady Of The Lake","Jade Warrior",134,7B,9,2026-06-12,03:19,14,"progressive rock, krautrock, art rock, space rock, psychedelic rock","Rock, Electronic","Last Autumn's Dream",1972-01-01,40,90,1,9,0,10,-20,F,4,4gGXcKT54XBpJWsqjEQWmQ,"Cherry Red Records",DED467100024,no
294,"Waiting For A Train","Flash and the Pan",134,9B,79,2026-06-12,03:44,0,"new romantic, new wave, new wave pop, synthpop","Pop, Rock, Electronic","Collection",1995-01-01,84,14,24,88,0,0,-11,G,4,42B78nSUeYYpdzmeWciyPM,"Albert Productions",AUAP08200012,no
295,"Love Don't Change","Laurene LaVallis",133,8A,66,2026-06-12,03:58,18,"northern soul","R&B","Key to Our Love / Love Don't Change",2021-02-05,46,46,0,76,0,20,-9,A minor,4,5I8LIIuE7hd84qbDKpiUNU,"Symphonical Records",UKQYQ1800039,no
296,"Tall Enough","Raisa K",133,11A,51,2026-06-12,02:50,12,"experimental","Classical, Electronic, Rock","Affectionately",2025-03-07,62,64,12,22,0,10,-10,F#/G♭ minor,3,5hcyRHAQsIXD54TmoYx3s8,"15 love",USYBL2402689,no
297,"Please Fall in Love with Me","John Martyn",133,7A,32,2026-06-12,06:12,26,"folk rock, folk","Folk, Rock","Glorious Fool",1981-00-00,54,54,5,35,0,10,-15,D minor,4,4uFW8sdEip8ieHLZNZWFA8,"Rhino",GBCRL0800184,no
298,"Some People I Know To Lead Fantastic Lives","China Crisis",133,9B,48,2026-06-12,03:33,27,"new wave, synthpop","Pop, Rock, Electronic","Difficult Shapes And Passive Rhythms Some People Think It's Fun To Entertain",1982-01-01,78,38,88,92,0,0,-15,G,4,63j8tBU2MSKpAXHYsnSQad,"Virgin Catalogue",GBAAA9901167,no
299,"Bennie And The Jets - Remastered 2014","Elton John",133,8B,67,2026-06-12,05:22,81,"glam rock, mellow gold, piano rock, rock","Rock","Goodbye Yellow Brick Road (Remastered)",1973-10-05,67,26,0,78,0,50,-8,C,4,5Wj1rJnCLpMHdLaxsFtJLs,"UMC (Universal Music Catalogue)",GBUM71304955,no
300,"Fleeting","Daily Toll",133,4A,76,2026-06-12,02:43,4,"jangle pop","Pop, Rock","Fleeting",2025-04-24,52,15,82,62,0,10,-8,F minor,4,5LPsWN4Gvh6PIq4EsPZOWh,"Tough Love Records",QM4TX2567443,no
301,"If You Want To Sing Out, Sing Out","Yusuf / Cat Stevens",133,8B,41,2026-06-12,02:42,31,"folk rock, folk, singer-songwriter","Folk, Rock","Sing Out!",2025-08-01,67,78,0,89,0,30,-10,C,4,1jRfYxwtVWpwxUIfHFbYda,"UME - Global Clearing House",GBAAN8400009,no
302,"Sincere","MJ Cole",133,3B,81,2026-06-12,05:36,29,"uk garage, uk funky","Electronic","Café New York",2022-08-29,83,16,20,72,10,10,-9,C♯/D♭,4,6m98qKip8540hOYCQkj1DV,"Avatar Records",IL1212211504,no
303,"Old Times Good Times","Stephen Stills",133,7B,80,2026-06-12,03:39,40,"folk rock, country rock, singer-songwriter","Country, Rock, Folk","Stephen Stills",1970-00-00,52,24,28,57,0,10,-10,F,4,6YBb8MGaHj5jC2uMFxWg0L,"Rhino Atlantic",USAT20000044,no
304,"Dreiklangsdimensionen - Remastered 2005","Rheingold",133,10A,47,2026-06-12,05:53,41,"neue deutsche welle, krautrock, new wave","Electronic, Rock, Pop","Rheingold (Remastered 2005)",1980-01-01,79,58,88,83,0,10,-14,B minor,4,6T5M7HGvF8YBh2fxhYDyML,"Polydor",DEA340401568,no
305,"Angel","Madonna",133,9B,62,2026-06-12,03:56,60,"dance pop, pop","Electronic, Pop","Like a Virgin",1984-11-12,75,30,0,84,0,30,-14,G,4,7ov1nZ2QZc3LIuCXXERZP0,"Warner Records",USWB10002747,no
306,"Affected","The Ampersands",133,8B,73,2026-06-12,02:33,5,"","","I Won't Have To Think About You: Compiled by Bayu and Moopie",2017-11-17,37,17,13,65,0,10,-9,C,4,4NZiGhY3UsNQNCktA2VjSk,"A Colourful Storm",DEPL91800882,no
307,"Poeira","Fabiano do Nascimento, Sam Gendel",133,12A,24,2026-06-12,04:12,26,"brazilian jazz, ambient jazz, experimental jazz, nu jazz, indie jazz","Easy Listening, Jazz, Pop, Electronic","The Room",2024-01-26,33,97,94,47,0,10,-18,C♯/D♭ minor,4,11sGFYr1ZufLtnh3LbHqJd,"Real World Records",GBCPA2301918,no
308,"Yewende","Tidiane Thiam",133,5A,68,2026-06-12,03:52,2,"senegalese traditional","Traditional Music","Yewende",2024-04-09,32,61,87,42,0,20,-10,C minor,4,14ddAmVfILwvQDK3oKya00,"Sahel Sounds",QZDZE2407605,no
309,"Love Theme From Spartacus - Remastered 2023","Yusef Lateef",133,9A,30,2026-06-12,04:15,62,"jazz, hard bop, free jazz, avant-garde, cool jazz","Classical, Jazz","Eastern Sounds (Remastered 2023)",2024-02-02,58,60,92,52,0,0,-16,E minor,3,2QHFSR7VUZZfRRwZycKqSa,"Craft Recordings",USC4R2333292,no
310,"Hard to Be in Love","13th Amendment",133,8B,52,2026-06-12,04:17,22,"northern soul","R&B","Eccentric Soul: Omnibus",2012-10-31,26,83,3,56,0,20,-8,C,3,4NPzxSaSQkTlF8BQMtszIr,"Numero Group",USCW61204501,no
311,"The Colours Of Chloë","Eberhard Weber",133,11B,25,2026-06-12,07:51,33,"ambient jazz, jazz fusion, krautrock, jazz, free jazz, experimental jazz","Easy Listening, Jazz, Electronic, Rock","The Colours Of Chloë",1974-04-01,28,92,86,11,0,10,-20,A,3,41IIGbcmsYDgZYsgyyKg6Z,"ECM Records",DEB337304202,no
312,"Mentor","Okokon",133,1A,80,2026-06-12,04:40,1,"electroacoustic","Classical, Electronic","Mentor",2024-09-17,22,20,93,51,0,10,-4,G#/A♭ minor,4,5d8A2ZdJ3CH9Xe8F9ppGr2,"Other People",QM24S2405281,no
313,"Rain & Snow","Sam Wilkes, Dylan Day, Chris Fishman, Thom Gill, Craig Weinrib",133,11A,33,2026-06-12,10:38,25,"ambient jazz, nu jazz, indie jazz, experimental jazz","Easy Listening, Jazz, Pop, Electronic","iiyo iiyo iiyo",2024-10-11,50,80,93,23,0,10,-15,F#/G♭ minor,4,6xesQvBx0a9PwwXA6toOU4,"WILKES RECORDS",USYBL2401864,no
314,"Time Will Pass You By","Tobi Legend",133,7B,68,2026-06-12,03:05,38,"northern soul, motown, classic soul","R&B, Pop","The Northern Soul Story Vol.4: Wigan Casino",2007-07-30,34,67,0,64,0,40,-6,F,4,4N4syZY2CN82yUh8BlNT3L,"Sony Music Entertainment",USAR16800127,no
315,"Nordsee","Die Doraus & Die Marinas",133,5A,46,2026-06-12,04:10,0,"neue deutsche welle, krautrock","Electronic, Rock, Pop","Blumen und Narzissen",1981-00-00,75,64,0,35,0,10,-7,C minor,4,6k0yGmq8ULpzsmfTSwjo5T,"Bureau B",DELI51100633,no
316,"Take Me to Your Heart","Eurythmics, Annie Lennox, Dave Stewart",133,4A,36,2026-06-12,03:33,10,"new wave, synthpop, new wave pop, rock keyboard","Pop, Rock, Electronic","In The Garden",1981-10-16,64,1,8,84,0,10,-18,F minor,4,4rZHNXJBx09C0wNFTuoYC7,"RCA/BMG Heritage",GBARL8100028,no
317,"You've Got Me Hung Up","King Tutt",133,8A,73,2026-06-12,05:24,30,"baltimore club, deathstep","Electronic, Hip Hop, Metal","You've Got Me Hung Up",2014-11-24,72,19,0,89,0,20,-10,A minor,4,3CUQQYGWgt42NAv1XkBlpD,"Record Shack",DEY470935596,no
318,"青い魚","Sachiko Kanenobu",133,10B,31,2026-06-12,03:59,48,"japanese folk, shibuya-kei","Folk, Electronic, Pop","み空",1972-09-01,69,72,0,87,0,10,-11,D,4,1oMRfPV6MpRw0fOhLGbfh6,"Sony Music Labels Inc.",JPS307200014,no
319,"I Felt Love","Blue Hawaii",133,11A,68,2026-06-12,03:12,48,"chillwave, quebec indie","Electronic, Rock","Under 1 House",2020-09-25,79,16,8,58,0,0,-8,F#/G♭ minor,4,3m04gMIUG6HgYHn65fy5Xt,"Arbutus Records",CA21O2008702,no
320,"UPTOWN - Live","Minako Yoshida",133,4B,78,2026-06-12,04:31,14,"city pop, j-r&b, kayōkyoku","Pop, R&B","IN MOTION (Live)",1983-00-00,60,1,32,47,0,30,-7,G#/A♭,4,3m8M2nj8DhFnUDxCcD2u6Q,"Sony Music Direct (Japan) Inc.",JPAL08300010,no
321,"My Seven-String Guitar","Frunk29",133,10B,46,2026-06-12,02:40,3,"ambient","Electronic, New Age","Sequentia",2024-01-05,36,75,80,57,0,0,-11,D,4,5SpJlnosJ0YvvAi4zWzC0n,"Not Not Fun",USA2Z2301542,no
322,"Sunday Morning","Amanaz",133,2B,27,2026-06-12,04:59,56,"acid rock","Rock","Africa",1975-00-00,63,3,75,47,0,10,-16,F#/G♭,4,7rFu5IhLj50r2tNM2d2cat,"Now Again Records",US2S71523003,no
323,"Kakashi","Yasuaki Shimizu",133,8A,83,2026-06-12,04:44,1,"ambient","Electronic, New Age","Kakashi",1982-00-00,56,1,91,69,0,0,-12,A minor,4,2O6bWtHJgPuig3EQVVZpRl,"Palto Flats",QMBZB1788502,no
324,"I'm Goin' Down","Bruce Springsteen",133,7B,95,2026-06-12,03:31,62,"heartland rock, mellow gold, permanent wave, rock, singer-songwriter","Rock, Folk","Born In The U.S.A.",1984-06-04,58,12,0,81,0,10,-6,F,4,0VkDedVtP7TQDlaCMq9QVx,"Columbia",USSM18400414,no
325,"I Wanna Stay Here","Ray Fenwick",133,11B,36,2026-06-12,04:49,2,"","","Keep America Beautiful, Get A Haircut",1971-01-01,48,31,0,28,0,0,-13,A,4,2Jai6sQQGGIbGN8574jtdi,"Cherry Red Records",GBBLY2003951,no
326,"Roundabout - 2003 Remaster","Yes",133,9A,76,2026-06-12,08:30,2,"progressive rock, art rock, aor","Rock","Fragile (Deluxe Edition)",1971-11-26,41,7,1,39,0,0,-9,E minor,4,0YveezON7jpiaHA8fnUHxN,"Rhino/Elektra",USEE10251885,no
327,"Let's Be Happy - Disco Mix","Gyedu-Blay Ambolley, Zantoda MK 3",133,9B,79,2026-06-12,06:58,19,"highlife, champeta, hiplife, afrobeat","R&B, Traditional Music, Latin, Hip Hop","Let's Be Happy (Disco Mix)",2022-06-03,72,41,1,83,0,0,-8,G,4,3vCZmPrfRKj5hAEK8XIT5d,"Mr Bongo",GBCLQ2100364,no
328,"Lady Friend - Single Version","The Byrds",133,12B,62,2026-06-12,02:30,23,"folk rock, country rock, psychedelic rock, acid rock","Rock, Country, Folk","Younger Than Yesterday",1967-02-06,31,30,0,90,0,20,-9,E,4,1qbQ6f75f5GWlhaWESDXkV,"Columbia/Legacy",USSM16700032,no
329,"Dimensional Glide","Transllusion",133,12A,73,2026-06-12,06:59,23,"idm","Electronic","The Opening of the Cerebral Gate",2014-10-27,79,0,92,65,0,10,-10,C♯/D♭ minor,4,2xfza75K6oBXTpKSVFHUi0,"Tresor Records",DEF271427008,no
330,"Lonnie","Godley & Creme",133,7B,79,2026-06-12,04:50,6,"classic uk pop, zolo","Pop, Traditional Music","Ismism",1981-10-19,70,23,0,84,0,0,-5,F,4,40fR26C1VXG0JVIWFjuvGr,"UMC (Universal Music Catalogue)",GBUM70800371,no
331,"Nordsee","Suzanne Kraft",133,6B,33,2026-06-12,04:24,16,"ambient","Electronic, New Age","Covered In Gloria",2017-09-08,82,3,88,90,0,0,-15,A#/B♭,4,6gDOz1aEH4tAQX73qEXUJ9,"DEEK Recordings",GBGLW1700171,no
332,"Dirty Back Road","The B-52's",133,8B,53,2026-06-12,03:21,0,"new wave, post-punk","Pop, Rock","Wild Planet",1980-00-00,76,7,1,94,0,10,-15,C,4,6sJ4FINkSKdryyAnD3L9ts,"Universal-Island Records Ltd.",USIR28000028,no
333,"Rock & Roll","The Velvet Underground",133,7B,60,2026-06-12,04:41,44,"proto-punk, art rock","Rock","Loaded: Re-Loaded 45th Anniversary Edition",1970-00-00,50,0,0,72,0,30,-11,F,4,1ez0DxjxQJDCRNt2J7qToD,"Rhino Atlantic",USRH11504928,no
334,"Dirty Back Road","The B-52's",133,8B,60,2026-06-12,03:17,26,"new wave, post-punk","Pop, Rock","Planet Claire",1979-07-06,75,4,5,94,0,0,-12,C,4,3AxvNPcZMFgRU2mWGh9Gxa,"Island Records",USIR28000028,no
335,"Små lätta moln","Pugh Rogefeldt",133,9B,32,2026-06-12,04:37,40,"swedish pop","Pop","Ja dä ä dä",1969-00-00,41,80,1,33,0,10,-15,G,4,10VH7UmhotAdusUPc1KAsH,"WM Sweden",SEPQC6909020,no
336,"Serge","Charly Coombes & The New Breed",133,7A,88,2026-06-12,03:35,0,"oxford indie","Rock","Panic",2010-02-01,49,0,6,48,0,10,-10,D minor,4,7t72rq2rMtapSXY2Tg1OaG,"Charly Coombes & The New Breed",FR6V81026914,no
337,"Teardrops - Single Version","Womack & Womack",133,1B,69,2026-06-12,03:50,50,"disco","Pop","Music For Groovin'",2007-01-01,88,4,12,97,0,10,-11,B,4,5HiKQLlJ3LAuz8J9yHB0HX,"UMC (Universal Music Catalogue)",USIR28800141,no
338,"Don't Stay For Breakfast","Ströer",133,4A,78,2026-06-12,05:14,20,"","","Tribal Rites",2017-00-00,58,22,62,95,0,10,-11,F minor,4,4ZGzF4fEAMJdr2YXctwlR0,"Eskimo Recordings",DEA697940440,no
339,"Summary Of All My Dreams","Elisa Waut",133,9A,44,2026-06-12,03:25,16,"cold wave","Electronic, Rock","Elisa Waut",1982-01-01,77,8,0,66,0,0,-12,E minor,4,4TVoes5KJU8eUPYEhMTP5U,"Numero Group",USCW61808317,no
340,"Awakening","Peter Heckmann, Blaine Kia",133,4B,43,2026-06-12,02:12,5,"","","Awakening",2019-11-13,48,17,0,6,0,10,-10,G#/A♭,3,6kdnXnm28FDrVS0ZaJWpQc,"Rose Records and Publishing",QZHNB1919607,no
341,"New Sensations","Lou Reed",133,9B,55,2026-06-12,05:49,44,"glam rock, proto-punk, art rock","Rock","New Sensations",1984-04-01,78,19,1,89,0,0,-12,G,4,4W17seqvaBsacGPuwyO5MQ,"RCA Records Label",USRC18404639,no
342,"Flesh War","Total Control",133,7A,64,2026-06-12,04:40,0,"egg punk, post-punk, garage rock, cold wave","Electronic, Rock","Typical System",2014-06-24,58,8,92,90,0,40,-9,D minor,4,3ZXgvbHBxKBbFOnapYOEF3,"Iron Lung Records",AUYOA1418142,no
343,"He's All I Got","The Supremes",133,8B,62,2026-06-12,02:46,25,"motown, northern soul, classic soul, soul","R&B, Pop, Blues","I Hear A Symphony",1966-02-18,56,64,0,88,0,50,-7,C,4,3yHsPpQLIx3sXxMyIyHskX,"UNI/MOTOWN",USMO16582630,no
344,"NIL BY MOUTH","Dean Blunt",133,8B,42,2026-06-12,02:40,45,"art pop, collage pop, hypnagogic pop, uk experimental electronic","Pop, Electronic","BLACK METAL 2",2021-06-11,68,9,80,34,0,10,-9,C,4,7fZLwg6aVDoObxoDVNrQf9,"Rough Trade",GBCVZ2100115,yes
345,"Do I Love You (Indeed I Do)","Frank Wilson",133,8B,82,2026-06-12,02:21,51,"northern soul, motown, classic soul","R&B, Pop","The Motown Story",2006-01-01,66,65,0,70,0,40,-6,C,4,6oDctYXnBBbnHzqE2O39ee,"UMC (Universal Music Catalogue)",USMO19582617,no
346,"Too Darn Soulful","Morris Chestnut",133,3A,83,2026-06-12,02:33,18,"northern soul","R&B","Too Darn Soulful b/w You Don't Love Me Anymore",1967-01-01,68,47,0,96,10,0,-6,A#/B♭ minor,4,2LakCP5KwMM71dNt2Pp1xO,"Numero Group",USDNB0150212,no
347,"Private Life - Long Version","Grace Jones",133,10A,71,2026-06-12,06:17,19,"art pop","Pop","Private Life: The Compass Point Sessions",1998-01-01,83,2,64,94,0,0,-9,B minor,4,2I9MxZl9jmVMXHfwGD5omZ,"Island Records",USIR28000063,no
348,"Keep On Jumpin'","Musique",133,4A,53,2026-06-12,05:39,46,"disco, post-disco","Pop, R&B","Keep On Jumpin'",1978-01-01,74,0,36,83,0,0,-13,F minor,4,6J9rBgsm9USju9PkLf2exF,"UNIDISC MUSIC INC.",CAU117800325,no
349,"but","Deem Spencer",133,1B,54,2026-06-12,04:31,15,"nyc rap","Hip Hop","Pretty Face",2019-02-28,74,3,68,19,10,60,-11,B,4,0y7gAM4Mp09Ql9kXMaZQ1U,"Deem Spencer",QM24S1906677,yes
350,"SErving BIG time [133 BPM]","Vegyn",133,9B,28,2026-06-12,01:58,0,"idm, experimental hip hop","Hip Hop, Electronic","Don't Follow Me Because I'm Lost Too!!",2022-01-26,50,99,74,60,0,10,-14,G,4,3WqenFpHVT2hYNmervcsPx,"PLZ Make It Ruins",GB5P52200083,no
351,"Ogun","Clive Zanda",133,4A,38,2026-06-12,03:31,23,"","","Clive Zanda Is Here With 'Dat Kinda Ting'",2017-11-10,55,92,60,52,0,10,-10,F minor,4,1GhMO1nAWEF0KOd3ky74LF,"Bear Family Records GmbH",DEC531711238,no
352,"Migas 2000","The Limiñanas",133,10B,85,2026-06-12,01:54,25,"space rock, neo-psychedelic, french pop","Pop, Rock","Down Underground - LP's 2009 / 2014",2015-04-27,54,12,18,93,0,30,-4,D,4,6gVxmiOsUIuHzkeR1u8iyE,"The Limiñanas",QMXQJ1408003,no
353,"Gone for a Wander","Domenique Dumont",132,9B,4,2026-06-12,03:13,50,"","","People On Sunday",2020-11-13,53,97,92,12,0,10,-24,G,4,3M4UkTpQLNeFvfc8W7Kjdl,"The Leaf Label",GBCKB2012702,no
354,"Amok - Original Mix","Ledernacken",132,4A,85,2026-06-12,03:31,14,"neue deutsche welle","Pop, Rock","First Album",2006-01-01,90,56,0,91,20,10,-3,F minor,4,1zyfhObjnLtX5zxohK58O6,"Strike Back Records",GBKZT0610015,no
355,"I See Myself","Geese",132,7B,61,2026-06-12,03:00,65,"art rock","Rock","3D Country",2023-06-23,77,17,0,89,0,40,-8,F,4,4gFFHAj5iwUEHwPpjZTdi5,"Partisan / Play It Again Sam",USBQU2200321,no
356,"On God","james K",132,8B,56,2026-06-12,05:27,34,"","","Friend",2025-09-05,56,10,44,32,0,10,-9,C,4,0kBXdPTfwoxlmNJkDExPrZ,"AD 93",DEG932501781,no
357,"Midnight Round Mekines","Javier Bergia",132,3B,70,2026-06-12,05:19,24,"singer-songwriter","Folk","Eclipse",2014-08-04,68,34,8,83,0,10,-9,C♯/D♭,4,1AdlUOwPIOa80u0QO9dxwT,"Emotional Rescue",GBJX38420003,no
358,"Oye papá, oye mamá","Jeanette",132,6B,54,2026-06-12,03:21,14,"","","Lo Mejor de Jeanette",2013-03-01,59,73,80,81,0,10,-11,A#/B♭,4,1fJ70RZVVOnktufQfkpjEx,"Parlophone Spain",ES5087600143,no
359,"Merry Go Round","The Equatics",132,5A,46,2026-06-12,02:43,51,"","","Doin It!!!!",1972-00-00,51,1,0,59,0,20,-11,C minor,4,4X4NrHp5VpibgirzuImxXd,"Now Again Records",US2S71062003,no
360,"In The Know","Ojerime",132,5B,43,2026-06-12,02:50,13,"alternative r&b, uk r&b","Pop, R&B, Hip Hop","Bad Influence",2022-10-14,62,47,41,43,10,10,-9,D#/E♭,4,4GaFxFWL1AX4KHxjFB5eiJ,"NEVER SEVEN",US39N2201818,no
361,"Steady As I Am","John Glacier",132,12A,76,2026-06-12,02:14,11,"experimental hip hop","Hip Hop","Steady As I Am",2024-05-30,69,9,18,58,20,20,-7,C♯/D♭ minor,4,15VonMhGNoK2D0r1oUo5Gh,"Young",UK7MC2400076,no
362,"North by North","The Bats",132,5B,95,2026-06-12,04:05,0,"jangle pop, power pop","Pop, Rock","Thousands of Tiny Luminous Spheres",2000-11-11,42,8,1,88,0,10,-6,D#/E♭,4,401EB7VNKSUZeFwQxM6vYM,"Flying Nun Records",NZFN00401049,no
363,"Lead to Curse","Gyeongsu, June",132,6B,47,2026-06-12,07:21,17,"","","All to None",2024-06-26,31,35,73,14,0,0,-12,A#/B♭,4,7tHe5Osn7M86bxWDeNo0A0,"Deardogs",SE6HN2478618,no
364,"Charlie Don't Surf - Remastered","The Clash",132,10B,60,2026-06-12,04:54,51,"punk","Rock","Sandinista! (Remastered)",1980-00-00,51,10,2,63,0,30,-11,D,4,5T4j3Uv33fQO7tsR2lMl4y,"Sony Music UK",GBARL1200748,no
365,"Hell and Sorrow","Hortense Ellis",132,3A,45,2026-06-12,02:09,10,"rocksteady, lovers rock, roots reggae, reggae, ska, dub","Electronic, Reggae","Reggae Gangsters",2011-12-20,84,24,0,77,0,10,-11,A#/B♭ minor,4,5AIYKTNq2jcDVGDRyUMCwJ,"X5 Music Group",SEWDL0494513,no
366,"Love Song 2, pt. 2","Mike Westbrook Concert Band",132,8B,43,2026-06-12,02:30,0,"free jazz","Jazz","Mike Westbrook's Love Songs (Remastered 1985)",1985-09-15,47,84,96,66,0,40,-15,C,4,2K86N3RLxCGzEHzeSvFoeM,"Indian Brandee Music / Deram",QZNWY2437609,no
367,"As Curvas da Estrada de Santos","Azymuth",132,3B,46,2026-06-12,06:02,9,"brazilian jazz, jazz funk, jazz fusion, acid jazz","Jazz, R&B, Electronic, Rock","As Curvas da Estrada de Santos",2020-07-31,49,71,85,63,0,0,-14,C♯/D♭,4,5oguQNAzEMDEHN4fzY897M,"Far Out Recordings",GBDCR2000038,no
368,"I Stand Alone","Calif Malibus",132,8B,38,2026-06-12,03:18,25,"","","The Big Bad Bay Area",2005-06-01,41,76,47,65,0,40,-14,C,4,2dgwN5g90kont7SkTpgwJD,"Latin Soul Recordings",TCABN1361153,no
369,"Wow And Flutter","Stereolab",132,11A,60,2026-06-12,03:08,39,"art pop, krautrock, neo-psychedelic, post-rock","Pop, Electronic, Rock","Mars Audiac Quintet",1994-08-09,49,0,81,53,0,10,-12,F#/G♭ minor,4,7I8lsynj5wHO1p2DxccDrX,"Duophonic",USEE10000930,no
370,"Do You Remember (2020 Remastered)","Jill Scott",132,3B,46,2026-06-12,04:43,34,"neo soul, quiet storm","R&B","Who Is Jill Scott?: Words and Sounds, Vol. 1 (2020 Remastered)",2000-07-18,80,52,3,26,0,10,-9,C♯/D♭,4,6pq1AJL45CX66RzSTd607D,"Hidden Beach Records, LLC",USHBR2007004,no
371,"I Really Love You So - Honeybabe","The Solitaires",132,7B,58,2026-06-12,02:44,0,"doo-wop","Pop, R&B","The Best of the Solitaires",2014-11-04,61,38,0,88,0,10,-9,F,4,1JXEGSyZstgJqWLVSWmSKK,"Shami Media Group 3",FR2X41427155,no
372,"King Tubby Meets Rockers Uptown","King Tubby, Augustus Pablo",132,3B,58,2026-06-12,02:32,41,"dub, roots reggae, rocksteady, reggae","Electronic, Reggae","King Tubbys Meets Rockers Uptown",1976-07-07,80,2,87,45,0,0,-11,C♯/D♭,4,38gBmRO7BNAgPz35WFgZkl,"Abraham",USDBY1400470,no
373,"Alí Babá","Paperhouse",132,8A,33,2026-06-12,05:18,0,"slowcore, dream pop","Pop, Rock","Adiós",1995-01-01,39,0,81,11,0,10,-17,A minor,4,0tIwoNRwerdVrqPWTA8aLI,"Acuarela distributed by Altafonte",ES6640101401,no
374,"Midnight Round Mekines","Javier Bergia",132,3B,58,2026-06-12,05:19,0,"singer-songwriter","Folk","Tagomago",1989-00-00,68,25,0,84,0,10,-13,C♯/D♭,4,3Fsgp9pjoP5BUmFl5KeBsx,"Grabaciones Accidentales distributed by Altafonte",ESAAI0279289,no
375,"Greeting To Saud (Brother McCoy Tyner)","Pharoah Sanders",132,4A,36,2026-06-12,04:07,36,"free jazz, ambient jazz, jazz, experimental jazz, hard bop","Easy Listening, Jazz","Elevation (Live)",1973-01-01,16,87,47,20,0,20,-14,F minor,4,1qqIjiurhqrgacNG9uWCuG,"Impulse!",USUM70501861,no
376,"Otário","Bocato",132,8A,27,2026-06-12,04:13,2,"brazilian jazz, avant-garde","Classical, Jazz","Sonho de um Anarquista",1987-04-01,54,98,8,29,0,10,-17,A minor,4,5Ag81oNhGNYoJ72eUjRakW,"Baratos Afins",FR96X1920477,no
377,"Please Let Me In","J.J. Barnes",132,8B,73,2026-06-12,03:36,12,"northern soul, motown","Pop, R&B","JJ Barnes is Northern Soul",2006-11-21,66,12,0,92,0,20,-11,C,4,4J4FmyQXWJZn43JLV8XKLO,"One Media Publishing",USA560601122,no
378,"If You Want To Sing Out, Sing Out","Yusuf / Cat Stevens",132,8B,28,2026-06-12,02:45,60,"folk rock, folk, singer-songwriter","Folk, Rock","Tea For The Tillerman (Super Deluxe)",2020-12-04,69,79,1,85,0,10,-13,C,4,340t55txxJWQmTFK7wARZh,"UMC (Universal Music Catalogue)",GBAAN8400009,no
379,"The Devastator","Stormy",132,4B,71,2026-06-12,01:58,17,"northern soul","R&B","The Devastator b/w I Won't Stop To Cry",1967-01-01,76,25,0,96,0,0,-9,G#/A♭,4,4qZ9rcJTgUlmwzWu3sAaA9,"Numero Group",USCW60613001,no
380,"Roll The Dice","MF Khaos, Domsta, Professor Creepshow",132,12A,26,2026-06-12,02:39,27,"horrorcore, phonk, trap metal, cloud rap, g-funk, vaporwave","Hip Hop, R&B, Metal, Electronic","How Dare You Bieutch",2021-04-20,81,44,0,95,0,10,-14,C♯/D♭ minor,4,0qFSbCXBTgs534HUcJI8Sf,"SIC RECORDS",QZES92117161,yes
381,"Mistakes","Rebellious Jukebox",132,11B,92,2026-06-12,04:02,2,"","","Rebellious Jukebox",2013-06-03,61,0,3,66,0,40,-7,A,4,4nap7Kt4Bhu2tFQdDnBvp9,"Rebellious Jukebox",GBKPL1356672,no
382,"Life with Life","mark william lewis",132,10A,51,2026-06-12,02:08,22,"hypnagogic pop","Electronic, Pop","Pleasure Is Everything",2022-01-17,73,18,85,53,0,10,-10,B minor,4,3qSOQl1OPTrFaUvs5rZ9HE,"Hi New Fate!",CACWV2213506,no
383,"Bonny - 2007 Remastered Version","Prefab Sprout",132,5B,68,2026-06-12,03:46,51,"jangle pop","Pop, Rock","Steve McQueen",1985-00-00,71,14,0,65,0,10,-9,D#/E♭,4,6XGup1vnoRarqS5Eb0zeUc,"SONY BMG Catalog",GBBBN0700002,no
384,"Thousand Wonders","Archie Bell & The Drells",132,1B,43,2026-06-12,01:54,16,"philly soul, northern soul, classic soul, motown, soul","R&B, Pop, Blues","Tighten Up",1968-00-00,53,21,0,54,0,20,-15,B,4,0Ocad5LSTaGBmfxDrWTc7L,"Rhino Atlantic",USAT20200072,no
385,"Yoga","The Pastels",132,10A,78,2026-06-12,04:19,13,"jangle pop","Pop, Rock","Mobile Safari",1997-10-20,48,8,10,57,0,10,-9,B minor,4,20Kq4rngFUU8AUeyzXmocO,"Domino Recording Co",GBCEL0600075,no
386,"Strange Powers","The Magnetic Fields",132,8B,68,2026-06-12,02:41,0,"anti-folk","Folk","Holiday",1999-01-12,67,53,0,96,0,10,-8,C,4,1Ccfb1xzwLDjQHLfAa2TxQ,"Merge Records",USMRG0345051,no
387,"Long Time No See","Jimmy Whoo, Lonely Band, Bonnie Banane",132,3B,66,2026-06-12,03:44,0,"jazz house, french indie pop","Pop, Electronic, Jazz","Motel Music Part. I",2015-01-15,56,22,16,55,0,0,-8,C♯/D♭,4,1pbWfCr2ekFNl6Z74G4V2i,"Ciel Rouge Records",QZARB1848272,no
388,"Pavilion","Lives Of Angels",132,10B,67,2026-06-12,02:46,18,"cold wave, post-punk","Electronic, Rock","Elevator to Eden",2012-09-25,57,11,49,42,0,10,-6,D,4,1F3zzZrts6U0MjcaU8PU16,"Dark Entries Records",USQY51741242,no
389,"Right Outside","Helen",132,5B,47,2026-06-12,02:15,16,"shoegaze, dream pop","Pop, Rock","The Original Faces",2015-09-04,43,86,82,21,0,10,-11,D#/E♭,4,0VcsA291Lkf0q3cHAzVHTE,"kranky",USNCB1519606,no
390,"Exotika","Chris & Cosey",132,10B,65,2026-06-12,06:15,14,"industrial, cold wave, ebm, synthpop","Electronic, Rock, Pop","Dancing In Darkness",2019-04-12,80,2,70,98,0,30,-14,D,4,1HqxOjPBSBw0Bu22u26wNw,"[PIAS] Le Label",GBHQZ8700001,no
391,"Feel - Original Mix","Scot Project, DJ Sabu",132,11A,69,2026-06-12,06:20,1,"trance, hard house, acid techno","Electronic","DJ Box - August 2011 (Selected By Paul Oakenfold)",2011-08-26,70,0,74,55,10,0,-7,F#/G♭ minor,4,5r2O1ape0UwiJjVVxNwdfO,"BEAT Music Fund",DEBL61139866,no
392,"Weissensee - Fink Version","NEU!, Fink",132,10B,63,2026-06-12,07:10,0,"krautrock, proto-punk, space rock, art rock, avant-garde, indie folk","Rock, Classical, Jazz, Folk, Electronic","Weissensee (Fink Version)",2022-07-29,59,2,90,15,0,10,-11,D,4,3DZ4rGasClwZTCXD7mzFtk,"Grönland",GBLAZ2201670,no
393,"Down on the Street","The Stooges",132,10B,75,2026-06-12,03:42,43,"proto-punk, punk, garage rock","Rock","Funhouse",1970-00-00,59,0,45,96,0,20,-9,D,4,77cNhikwSwGJdls6slQy7k,"Rhino/Elektra",USEW10000334,no
394,"You Ain't Goin' Nowhere","The Byrds",132,9B,43,2026-06-12,02:33,16,"folk rock, country rock, psychedelic rock, acid rock","Rock, Country, Folk","Sweetheart Of The Rodeo",1968-08-30,51,11,0,70,0,70,-14,G,4,2BjEkIaEIA6lpTzr0tPfvI,"Columbia/Legacy",USSM16800127,no
395,"Noise","Beat Happening",132,9B,87,2026-06-12,03:23,28,"jangle pop, anti-folk, lo-fi indie","Folk, Pop, Rock, Electronic","You Turn Me On",1992-02-10,48,18,3,90,0,10,-8,G,4,6gmh3NspPogw6FyK0dK8YX,"Domino Recording Co",USK110400700,no
396,"Love Comes Back","Arthur Russell",132,6B,9,2026-06-12,03:38,0,"art pop, minimalism","Pop, Classical","Love Is Overtaking Me",2008-10-27,79,92,0,45,0,10,-16,A#/B♭,4,03ITFQbitzLsyuKCMhB02Q,"Rough Trade",USAK20800122,no
397,"Durango","J.J. Cale",132,3A,47,2026-06-12,05:28,0,"blues, roots rock, blues rock","Blues, Rock","Anyway The Wind Blows - The Anthology",1997-01-01,81,45,68,97,0,10,-17,A#/B♭ minor,4,2iSva1rXL5zoQLhqzOztPY,"EMI",NLF057690024,no
398,"Conquering Lions","A Sagittariun",132,3A,75,2026-06-12,06:52,5,"","","Dream Ritual",2013-11-23,80,0,80,60,0,10,-11,A#/B♭ minor,4,09KXUQSzyrXDMSMwy052YG,"Elastic Dreams",GB5KU1300012,no
399,"Midnight Round Mekines - Original Mix","Javier Bergia",132,3B,70,2026-06-12,05:19,0,"singer-songwriter","Folk","Eclipse",2014-08-04,68,34,8,83,0,10,-9,C♯/D♭,4,1jrZQZNAQ5trykH0IGxTMR,"Emotional Rescue",GBJX38420003,no
400,"Private Life","Grace Jones",132,10A,54,2026-06-12,05:13,42,"art pop","Pop","Warm Leatherette",1980-05-01,83,2,77,96,0,0,-14,B minor,4,4qJUooADlW9fJEsinSNYko,"Island Records",USIR20200509,no
401,"Urban Square","Jun Fukamachi",132,10A,49,2026-06-12,05:44,20,"jazz fusion, city pop","Pop, Electronic, Jazz, Rock","Nicole (1986 Spring And Summer Collection - Instrumental Images)",2017-10-27,67,62,80,41,0,0,-14,B minor,4,7mM9kVTwbZvib9KNrda2wt,"WRWTFWW Records",DETB31726224,no
402,"Swallow Flight","Jeanette",132,8B,61,2026-06-12,03:38,20,"","","Prefab in the Sun",1988-03-07,54,61,4,53,0,30,-13,C,4,4CfbteEAn22sKkQzO26eVj,"Cherry Red Records",GBBLY1704560,no
403,"Mistakes","Rebellious Jukebox",132,11B,92,2026-06-12,04:02,0,"","","Rebellious Jukebox",2013-06-03,61,0,3,66,0,40,-7,A,4,4N7jxpIixjqQnLi15RlDG2,"Rebellious Jukebox",GBKPL1356672,no
404,"Rewind","Kelela",132,1B,42,2026-06-12,03:58,0,"alternative r&b","Pop, R&B","Hallucinogen",2015-10-09,75,4,0,23,0,10,-7,B,4,0cjvRZVV217eDcZXXTHxBl,"Warp Records",GBBPW1500156,no
405,"6.4 = Make Out","Gary Wilson",132,1A,44,2026-06-12,05:01,21,"","","You Think You Really Know Me",1977-00-00,46,5,0,8,0,10,-11,G#/A♭ minor,4,5TwOz1RcvvrDHR84z9ubzN,"Gary Wilson",USG320600011,no
406,"No More Tears","Teedra Moses",132,6A,47,2026-06-12,04:11,31,"","","Complex Simplicity: 15th Anniversary Edition",2004-00-00,84,31,0,69,0,0,-7,G minor,4,6DIFZpvD9gGTNyN4enzH7b,"The Orchard",USTV10400109,yes
407,"D'Evils","SiR",132,3B,59,2026-06-12,02:51,69,"alternative r&b, neo soul","Pop, R&B","November",2018-01-19,78,1,0,66,10,10,-3,C♯/D♭,4,0wY9rA9fJkuESyYm9uzVK5,"Top Dawg Entertainment",TCADJ1779064,no
408,"Ain't Nobody Straight In L.A.","The Miracles",132,3B,90,2026-06-12,03:48,36,"motown, doo-wop, classic soul","R&B, Pop","City Of Angels (Expanded Edition)",1975-00-00,72,39,2,96,0,0,-5,C♯/D♭,4,29HemHbSIVerWQQ1YNVzXU,"Hip-O Select",USMO10200085,no
409,"This Time Around","Jessica Pratt",132,1B,10,2026-06-12,03:37,0,"ambient folk","Electronic, Folk","Quiet Signs",2019-02-08,42,94,0,24,0,10,-14,B,5,4d91J2qoa4VW1IapAP5ZBA,"City Slang",QMV8L1723906,no
410,"Streets of Your Town - Remastered","The Go-Betweens",132,5B,78,2026-06-12,03:39,45,"jangle pop","Pop, Rock","16 Lovers Lane (Remastered)",2020-02-28,63,3,0,74,0,30,-9,D#/E♭,4,4ImZYT2EsMgcracYQIQ5vH,"Beggars Banquet",GBAZP2000017,no
411,"Magneto And Titanium Man - Remastered 2014","Wings",131,10B,67,2026-06-12,03:16,48,"","","Venus And Mars (Archive Collection)",1975-05-27,59,73,0,61,0,10,-7,D,4,3KrepKtDyPoP8I1t7BpDSw,"Paul McCartney Catalog",GBCCS1400005,no
412,"You Don't Know","Bob Andy",131,5A,50,2026-06-12,03:08,44,"rocksteady, reggae, lovers rock, roots reggae, dub","Electronic, Reggae","Retrospective",1986-00-00,90,34,0,98,0,10,-13,C minor,4,03s0D0OliipXWwVMzIvTNZ,"I-Anka",GBNUV1100202,no
413,"Kerosene!","Yves Tumor",131,6A,75,2026-06-12,05:05,58,"","","Heaven To A Tortured Mind",2020-04-03,51,0,0,30,0,10,-7,G minor,4,2OoKzfr7RB5o9cxHArUoIS,"Warp Records",GBBPW1900280,no
414,"You got time and I got money","Smerz",131,9B,42,2026-06-12,04:31,61,"","","You got time and I got money",2025-03-19,65,34,22,15,0,10,-8,G,4,4YDl2Oxc1mVRnZsZAbNzI0,"Escho",FR59R2505163,no
415,"Know You Too Well","Minimum Chips",131,12B,76,2026-06-12,02:52,17,"","","Kitchen Tea Thankyou",2005-11-14,54,0,79,84,0,0,-6,E,4,2V1BgaMhaWNYJKSVxINggV,"Chapter Music",AUCI11690102,no
416,"Ooh Ooh La La La","The Raincoats",131,8B,60,2026-06-12,03:09,18,"riot grrrl, post-punk, queercore, proto-punk","Rock","Moving",1984-00-00,71,12,0,91,0,0,-8,C,4,1Ml8zbpUnWD8HIM5x6Ieo7,"We ThRee",GB5ZC0900022,no
417,"Space Rocketry","The La's",131,12B,68,2026-06-12,03:17,7,"britpop, jangle pop","Pop, Rock","Breakloose (1985-1986)",2020-10-01,57,78,74,90,0,0,-8,E,4,7zKxEsDYMgDhiuqZyWnD3C,"The Viper Label",GBKYW2014010,no
418,"The Outro","VRSYJNES",131,10A,67,2026-06-12,04:44,1,"","","Phonkythoughts",2016-10-31,61,0,0,50,30,10,-10,B minor,4,1GUjMXqX5XhPxkhNQExYvC,"VRSY's VAULT",GBKPL1776741,yes
419,"GREED","MIKE, Standing On The Corner",131,10B,65,2026-06-12,01:28,35,"experimental hip hop, alternative hip hop, jazz rap, indie electronic","Hip Hop, Electronic, Pop, Rock, Jazz","MAY GOD BLESS YOUR HUSTLE",2017-06-21,67,38,93,71,10,30,-11,D,4,12KNYwoV3rbUfN7MA5RVa1,"10k",QZHNB1948094,yes
420,"Underwater Boi","Turnstile, BADBADNOTGOOD",131,10A,80,2026-06-12,03:56,43,"hardcore punk, hardcore, canadian modern jazz, indie soul","Jazz, Electronic, Rock, R&B","New Heart Designs",2023-08-11,67,23,64,87,0,40,-9,B minor,4,1eSNEJ79X1IFlQ9W8mq3Aj,"Roadrunner Records",NLA322300134,no
421,"Perfect Skin","Lloyd Cole and the Commotions",131,9B,82,2026-06-12,03:16,48,"jangle pop, new wave","Pop, Rock","Rattlesnakes",1984-01-01,60,10,0,61,0,10,-10,G,4,4YnHY5YzUWMBY8fRLTooKC,"Polydor Records",GBAKW8400485,no
422,"Sun","Margo Guryan",131,9B,59,2026-06-12,02:31,27,"baroque pop","Classical, Pop","27 Demos",2014-01-01,47,73,4,59,0,10,-8,G,4,2uQyh4HLaVpbesPuxRlQB0,"Numero Group",USGP90715608,no
423,"I'm Not Alone - Radio Edit","Calvin Harris",131,9B,69,2026-06-12,03:30,46,"edm","Electronic","Ready For The Weekend",2009-08-17,60,0,13,41,0,30,-7,G,4,2yOuGDHSfMia4niyT8zTMh,"Columbia",GBARL0900102,no
424,"So Good to Be Alive","The Truthettes",131,8A,45,2026-06-12,04:56,25,"traditional gospel, gospel","Christian","Child's Prayer",1980-07-15,65,64,0,59,0,0,-10,A minor,4,6NkjtM7TJtGqEzlE82aYsv,"Malaco Records",USMR50340044,no
425,"Kaleidoscope World","The Chills",131,10B,63,2026-06-12,03:45,28,"jangle pop","Pop, Rock","Kaleidoscope World",1989-02-07,48,4,42,83,0,0,-10,D,4,7z1PEHTEl8ob1VbhdRjr7S,"Fire Records",NZFN00401518,no
426,"Do You Take This Man?","Diamanda Galás",131,10A,80,2026-06-12,06:09,30,"avant-garde, experimental","Classical, Jazz, Electronic, Rock","The Sporting Life",1994-09-06,63,1,1,77,0,10,-11,B minor,4,6U9BfQ8LYv2ofWsvZX1yyx,"Intravenal Sound Operations",GBAJH0500858,no
427,"Drift","Oliver Palfreyman, Wu-Lu",131,1A,66,2026-06-12,03:28,4,"experimental hip hop","Hip Hop","Double Vision",2024-10-28,70,27,74,49,0,0,-9,G#/A♭ minor,4,4XdnzxpOBZY2raGIGUvIYa,"2088491 Records DK2",QZWFU2440558,no
428,"Saturday","Electrelane",131,9B,48,2026-06-12,03:56,36,"krautrock, post-rock","Electronic, Rock","No Shouts, No Calls",2007-04-30,42,9,93,34,0,10,-12,G,4,2ikPU2FGeFcZftpWza9evz,"Too Pure",GBBNZ0600022,no
429,"Dancing To Forget","Romie Singh",131,10A,52,2026-06-12,06:00,11,"","","Dancing To Forget",2022-04-15,90,25,0,59,0,10,-9,B minor,4,0G7frzzj0Qvmr49RQV0NTy,"Strangelove Music",DECY52200450,no
430,"You Might Need a Man","John Martyn",131,9B,86,2026-06-12,03:11,15,"folk rock, folk","Folk, Rock","Well Kept Secret",1982-00-00,50,11,0,89,0,20,-8,G,4,2hX6SdFGaZlwWXFVXO3zVa,"Rhino",GBCRL0800187,no
431,"Don't Trust The Kids","Ashra",131,11A,29,2026-06-12,03:14,26,"krautrock, space rock, ambient, new age, space music","Electronic, New Age, Rock","Blackouts",1978-01-01,41,67,62,85,0,10,-14,F#/G♭ minor,4,0utjbAGFJCBUPPYXm3MAph,"One Up",GBAAA7800233,no
432,"Another Sleep Song","Graham Nash",131,12A,7,2026-06-12,04:42,28,"folk rock, singer-songwriter","Folk, Rock","Wild Tales",1973-00-00,61,94,1,28,0,10,-23,C♯/D♭ minor,4,3IIpy5Xjha68QLNklBwFOw,"Rhino Atlantic",USAT20000085,no
433,"Nine Times","The Moments",131,11A,87,2026-06-12,04:32,0,"classic soul, philly soul, northern soul, quiet storm","R&B","Complete Stang Singles Collection",2014-06-30,72,18,0,85,0,30,-5,F#/G♭ minor,4,1sLl8octEcucOTTEYTUHxG,"Sanctuary Records",GBAJE7600250,no
434,"Awake O Zion","Twinkie Clark",131,2B,82,2026-06-12,05:54,17,"gospel, traditional gospel","Christian","Overdose of the Holy Ghost compiled by David Hill",2013-04-15,67,22,42,58,10,10,-6,F#/G♭,4,7waa7seiVD4TWXWA6bO6Xx,"Z Records",GBPKF1300011,no
435,"Be My Friend","Free",131,4B,51,2026-06-12,05:46,36,"classic rock, blues rock","Blues, Rock","Highway (Remastered with Bonus Tracks)",1970-01-01,45,36,0,51,0,10,-11,G#/A♭,4,0DcwpJL0RT6Y2jSxIumYAT,"UMC (Universal Music Catalogue)",GBAAN7000007,no
436,"All Lined Up","Shriekback",131,8B,67,2026-06-12,03:45,29,"new wave","Pop, Rock","Oil and Gold",1985-10-14,77,12,0,88,0,40,-10,C,4,1MTZLNGlaw1308UlCv9QGJ,"Sony Music UK",GBARL1001166,no
437,"Bottoming Out","Lou Reed",131,11A,91,2026-06-12,03:43,16,"glam rock, proto-punk, art rock","Rock","Legendary Hearts",1983-03-01,62,18,0,79,0,0,-6,F#/G♭ minor,4,3SmGf1RxkMQc15gwc83BDC,"RCA Records Label",USRC18208092,no
438,"Special Brew","Bad Manners",131,9B,71,2026-06-12,03:35,53,"ska, rocksteady, ska punk","Reggae, Rock","Ska 'N' B",1980-00-00,71,10,16,97,10,0,-9,G,4,1XzLKSRF9ywZdDecYNQm4I,"WM UK",GBAHS0004365,no
439,"Fire Child","Richard Torrance",131,11A,10,2026-06-12,03:12,3,"","","Eureka",1974-01-01,67,90,76,39,0,10,-13,F#/G♭ minor,4,37FrMqWGWwJFm2JSSYlfhi,"Planet Blue Records USA",QZWDD2204899,no
440,"You Can Be A Star","Luther Davis",131,8A,64,2026-06-12,04:37,36,"","","Soul Cal",2012-03-27,73,41,0,80,0,20,-6,A minor,4,4TdV9OY8ijccLcCvxOEU3C,"Now Again Records",US2S71284001,no
441,"Open","Cities Aviv",131,12A,63,2026-06-12,04:47,17,"experimental hip hop, cloud rap","Hip Hop","Working Title For The Album Secret Waters",2022-10-25,35,18,1,31,20,30,-8,C♯/D♭ minor,5,0lr6PlR8BGZ6xzBaVu3Q5F,"D.O.T.",QZRP52289328,yes
442,"My Life's All Right","Shira Small",131,9B,27,2026-06-12,02:36,0,"","","The Line Of Time And The Plane Of Now",1974-01-01,70,80,4,57,0,10,-15,G,4,0Ov3jhFQfDcdRMyvc9thtA,"Numero Group",USCW62021704,no
443,"You Can Be a Star","Luther Davis Group",131,10A,55,2026-06-12,04:37,14,"","","Mr. Bongo Record Club, Vol. 3 (Compiled by Mr. Bongo)",2019-05-31,73,40,1,80,0,20,-9,B minor,4,3Sxwlw0xfU7SS1eTZKSR6w,"Mr Bongo",GBCLQ1900037,no
444,"Playboy of the Western World","Connie Converse",131,6B,8,2026-06-12,04:01,9,"anti-folk, folk","Folk","How Sad, How Lovely",2009-03-05,51,99,0,48,0,10,-20,A#/B♭,4,3Umv9rGrcZPvX5SbO1wERB,"HEROIC CITIES",USKVB1400017,no
445,"Eight Miles High","The Byrds",131,11B,77,2026-06-12,03:34,53,"folk rock, country rock, psychedelic rock, acid rock","Rock, Country, Folk","Fifth Dimension",1966-07-18,37,21,14,37,0,50,-10,A,4,2BGNomqCxEDcXyxf8bg27k,"Columbia/Legacy",USSM16600032,no
446,"Simple Man","Graham Nash",131,8B,13,2026-06-12,02:18,47,"folk rock, singer-songwriter","Folk, Rock","Songs For Beginners",1971-00-00,41,96,0,27,0,10,-15,C,4,44eBSYvFSr1KGv4ZF5MahK,"Rhino Atlantic",USAT20402660,no
447,"Come Back and Stay","Paul Young",131,11A,86,2026-06-12,04:23,57,"","","The Essential Paul Young",2003-07-01,64,13,0,78,0,10,-6,F#/G♭ minor,4,1RmgLVx1f90AuMnqRHZS5j,"Sony Music UK",GBBBN8300003,no
448,"Nice","Habibi",131,11B,46,2026-06-12,02:25,0,"","","Nice",2021-09-16,75,14,0,83,0,10,-7,A,4,6RyC5X1YGBBvNP0vKYYuvI,"Kill Rock Stars",USKRS2170034,no
449,"One Spliff A Day","Billy Boyo",131,11A,34,2026-06-12,05:37,50,"reggae, dub, roots reggae, ragga, rocksteady","Electronic, Reggae, Hip Hop","Hi Grade Ganja Anthems Vol. 2",2008-04-21,88,0,0,58,20,20,-10,F#/G♭ minor,4,2RiqntEZMvmzbQQVodjKPw,"Greensleeves Records",GBBZV8104346,no
450,"I Start to Stop","Martha and the Muffins",131,8B,61,2026-06-12,04:36,0,"new wave","Pop, Rock","Mystery Walk (30th Anniversary Edition)",2014-09-15,73,4,95,54,0,0,-11,C,4,6PT4eAI9tHyBjplrbyDuHE,"Muffin Music Ltd.",CAV161200004,no
451,"The Visitors","ABBA",131,10B,44,2026-06-12,05:47,55,"","","The Visitors (Deluxe Edition)",1981-00-00,63,8,0,73,0,0,-16,D,4,4lC9s3vwDa16w2G33KfF9C,"Polar Music International AB",SEAYD8102010,no
452,"Not Allowed","Suburban Lawns",131,9B,67,2026-06-12,02:17,22,"egg punk, post-punk, new wave","Rock, Pop","Suburban Lawns",1981-01-01,48,11,0,82,0,30,-11,G,4,2sE2Wg7CV0E8b7I2l1jsIi,"I.R.S. Records",USCA20706592,no
453,"Black Cat","Broadcast",131,10A,77,2026-06-12,03:58,0,"dream pop, neo-psychedelic","Pop, Rock","Tender Buttons",2005-09-19,39,2,55,49,0,0,-7,B minor,4,2u24s40bXEMu896fEs1L9L,"Warp Records",GBBPW0500072,no
454,"I Can Take Care of Myself","Gene Chandler",131,7B,50,2026-06-12,02:34,15,"doo-wop, northern soul","Pop, R&B","Constellation of Chicago Soul",2009-05-12,66,73,0,85,0,20,-9,F,4,1HlgrTWMZlJm3rERjTxeeF,"Oldies.com",USPB81010872,no
455,"Kerosene!","Yves Tumor",131,6A,75,2026-06-12,05:05,0,"","","Heaven To A Tortured Mind",2020-04-03,51,0,0,30,0,10,-7,G minor,4,1Kjw0LwdniCWran4PxJqPQ,"Warp Records",GBBPW1900280,no
456,"Hot Love - A Side","T. Rex",131,10A,54,2026-06-12,04:55,59,"glam rock, proto-punk","Rock","Electric Warrior",1971-09-24,56,8,5,49,0,0,-9,B minor,4,4R5qHNB2gdxBM2LDNaJZeO,"Universal Music Group International",GB2DY1200002,no
457,"Come Back and Stay - 2008 Remastered","Paul Young",131,11A,80,2026-06-12,04:24,58,"","","No Parlez",1983-00-00,62,12,0,80,0,20,-8,F#/G♭ minor,4,1r3YUTAwY0Y7tyV9Xcgps8,"Sony BMG Music UK",GBARL0800680,no
458,"I'm A Girl You Can Hold IRL","ML Buch",131,10B,12,2026-06-12,02:38,0,"","","Skinned",2020-07-03,41,94,0,32,0,10,-12,D,3,4AdqGV9WJmIKybuqZWCzhi,"Anyines",QZB4J1897837,no
459,"Present Arrived","Tom Verlaine",131,8B,85,2026-06-12,05:23,6,"proto-punk, post-punk, art rock","Rock","Words From The Front",1982-01-01,65,3,64,77,0,20,-6,C,4,707ngwUoSXkwGAYKNUFzPh,"EMI Marketing",GBAAA8200131,no
460,"they told us it was hard, but they were wrong. - DJ Python little peaked Remix","Ela Minus, DJ Python",131,9B,83,2026-06-12,05:16,1,"electropop, indie electronic, dub techno, idm","Electronic, Pop, Rock","they told us it was hard, but they were wrong. (remixes)",2020-07-17,73,1,88,19,10,0,-7,G,4,1Tuy26d9UUN4PLpD4MlSy9,"Domino Recording Co",GBCEL2000170,no
461,"See It - Original Mix","Dunkelziffer",131,9A,61,2026-06-12,05:59,0,"krautrock","Electronic, Rock","Retrospection (Parts 1-3)",2013-06-03,68,62,73,42,0,30,-9,E minor,4,6sbOh8qXyeq2ygjbGGupJt,"Emotional Rescue",GBJX31307110,no
462,"Grunge","TYSON, Wu-Lu",130,11A,36,2026-06-12,03:11,14,"uk r&b, experimental hip hop","Hip Hop, R&B","Grunge",2024-10-10,50,77,0,11,0,10,-11,F#/G♭ minor,4,173XmZaoQhoWlSkACpG8eP,"LUCKYME®",GBBPW2401007,no
463,"For Love","Lush",130,11A,61,2026-06-12,03:29,55,"shoegaze, dream pop, britpop, slowcore","Pop, Rock","Spooky",1992-01-27,51,15,0,90,0,10,-11,F#/G♭ minor,4,3KiKpbpJp9QKuTZb9ocfJi,"4AD",GBAFL9200097,no
464,"Description of a Certain Sound","maya ongaku",130,9A,29,2026-06-12,06:08,29,"","","Approach to Anima",2023-05-26,49,92,86,27,0,30,-12,E minor,4,2xGzh8Kvz87z7xE6L1lPIN,"Guruguru Brain",TCAGZ2313916,no
465,"Digital girl - funk remix","DJ Suzy",130,11A,29,2026-06-12,02:54,35,"","","Digital girl",2024-08-07,77,30,74,78,0,10,-16,F#/G♭ minor,4,2mBNIt6P5TPuly5JdKUPzH,"Kira Krash",SE5AJ2202307,no
466,"Il Sogno Di Monica","Arp",130,10A,50,2026-06-12,05:20,0,"ambient jazz, space rock, ambient","Electronic, New Age, Easy Listening, Jazz, Rock","A Decade Deeper",2018-11-17,59,81,88,10,0,10,-12,B minor,5,0uumaHG97mOtnB9VgLecj5,"Mexican Summer",QMV8L1825801,no
467,"Marigold","snuggle",130,2B,44,2026-06-12,03:40,19,"bedroom pop, alternative r&b","Pop, R&B","Marigold",2025-01-17,70,63,33,34,0,40,-9,F#/G♭,4,0ial8d0UqAOVetenDTpcI7,"Escho",DGA0S2499580,no
468,"New Star in the Sky - Vegyn Version","Vegyn, Air",130,10A,59,2026-06-12,04:04,40,"idm, experimental hip hop, trip hop, downtempo","Electronic, Hip Hop","Blue Moon Safari",2024-09-27,71,16,71,7,0,0,-8,B minor,4,38BzgmxUuYkQ5l1xbfTPMR,"Parlophone (France)",FRZ042400196,no
469,"Love Takes Miles","Cameron Winter",130,12B,64,2026-06-12,03:18,70,"","","Heavy Metal",2024-12-06,60,67,20,53,0,10,-9,E,4,2zf1izCOz2F22PF27uhxRF,"Partisan / Play It Again Sam",USBQU2400171,no
470,"Easy","Smerz",130,2B,36,2026-06-12,03:15,53,"","","Big city life",2025-05-23,73,21,41,63,0,10,-11,F#/G♭,4,7ljOUUgZGtG5euoSjAwBKU,"Escho",FR59R2589040,no
471,"Daddy's Gonna Tell You No Lie - Demo Version","Cosmic Rays, Sun Ra Arkestra, Sun Ra",130,12A,54,2026-06-12,03:07,13,"free jazz, jazz, avant-garde, experimental jazz, hard bop","Classical, Jazz","Singles",2016-11-25,46,92,0,57,0,30,-9,C♯/D♭ minor,4,3mAag5BhMPDNrEOPfwiyZd,"Strut",DEG931691693,no
472,"Take It Easy","Archie James Cavanaugh",130,6A,81,2026-06-12,03:26,44,"yacht rock, aor","Rock, Pop","Black And White Raven",1980-01-01,74,48,0,92,0,10,-11,G minor,4,4Js7PihGhoiyxI6QHFCS5W,"Numero Group",USCW61200205,no
473,"You Know I'm Down","Frog",130,3B,39,2026-06-12,02:10,54,"","","Count Bateman",2019-08-16,54,88,1,36,0,10,-8,C♯/D♭,4,1yVyCAFIVeqT7ytG271idT,"Frog",QZFZ21997735,no
474,"Body Singer","Alex Kassian",130,4A,64,2026-06-12,05:05,42,"","","Body Singer",2025-05-30,74,1,72,53,0,0,-7,F minor,4,6D6OAmHtfrohw1lH3ISgps,"Pinchy & Friends",UKU932581203,no
475,"Someone's Always Singing","Shuggie Otis",130,8B,52,2026-06-12,03:22,33,"","","Freedom Flight",1971-00-00,46,28,0,47,0,30,-13,C,4,1vRwPRZUvEitotI7vcdvQY,"Epic/Legacy",USSM10413287,no
476,"Andrea","American Muscle",130,8B,16,2026-06-12,03:51,9,"","","Phase 2",2025-06-26,38,93,89,15,0,10,-14,C,4,38vpudeB1Km2Q0EmH6EP8K,"Spin diesel",QZTB82529491,no
477,"Boiling Boy - 10:20 Version","Wire",130,11B,67,2026-06-12,06:21,15,"post-punk, proto-punk, new wave, punk","Pop, Rock","10:20",2020-06-19,61,0,45,73,0,0,-10,A,4,0AHWCr55kiT1ODsXPEZ04g,"pinkflag",GBMAE1118001,no
478,"Avant-Garde Gas Station","Dummy",130,11B,84,2026-06-12,04:45,12,"krautrock, indie electronic, neo-psychedelic","Electronic, Pop, Rock","Dumb EPs",2025-08-29,51,79,75,18,0,20,-3,A,4,0Odb2JRgJshb9Fe3v1BdoD,"Perennial / K Records",USK112530802,no
479,"Luna","Hong Chungao Street Band",130,11A,68,2026-06-12,03:16,37,"","","Luna",2018-08-31,79,1,85,95,0,0,-12,F#/G♭ minor,4,1RLlJQ9V5heM56ivhhlHrC,"Kribo Records",GB-SMU-52-93303,no
480,"Maternité","MAM",130,12B,49,2026-06-12,04:32,14,"nederpop","Pop","Maternité",1986-02-04,64,48,73,52,0,20,-14,E,4,1V8CGduLAu7k7WV31H8Rax,"Melodiefabriek",QZARB1875836,no
481,"Slipped Disco","Dazzle",130,6B,97,2026-06-12,06:09,3,"post-disco","Pop, R&B","Dazzle (Expanded Version)",1978-06-26,68,16,0,52,10,10,-7,A#/B♭,4,1oR8Oh29QmeV7i180QOVEz,"Sanctuary Records",GB5KW1603038,no
482,"Here I Am","Pastor T.L. Barrett and the Youth for Christ Choir",130,8A,59,2026-06-12,03:21,23,"funk gospel, classic soul","R&B, Christian","Do Not Pass Me By Vol. II",2017-11-24,36,24,0,65,0,20,-7,A minor,4,0z9XREW1g33jdVWBpYCJKN,"Numero Group",USCW61727007,no
483,"Door to the Sky","Memotone",130,12B,34,2026-06-12,04:36,10,"ambient jazz","Easy Listening, Jazz","Tollard",2023-12-15,34,21,78,6,0,10,-12,E,4,6uSgpWlTvFU0BPIirM4o9D,"The Trilogy Tapes",UKMDH2100178,no
484,"Good For Me","Above & Beyond",130,4B,20,2026-06-12,05:42,38,"trance, progressive trance, progressive house","Electronic","Tri-State",2006-03-06,28,98,40,4,0,10,-16,G#/A♭,4,0la9WOK8JlpmfDEJiFsVCl,"Anjunabeats",GBEWA0600020,no
485,"Lazy (feat. David Byrne)","X-Press 2, David Byrne",130,3B,68,2026-06-12,04:15,58,"art rock, art pop","Pop, Rock","Raise Your Hands",2008-03-01,70,0,0,89,0,10,-9,C♯/D♭,4,1aHHLS0UHnRHGVlEvZrWB9,"Skint Records",GBBMQ0800199,no
486,"Higher","Kokoroko",130,2B,41,2026-06-12,03:53,35,"","","Get The Message",2024-11-01,75,6,91,64,0,10,-13,F#/G♭,4,1BGrsISJOS2jNcNQPXYDJe,"Brownswood Recordings",GBMEF2402581,no
487,"Laura C.","Big Supermarket",130,10B,80,2026-06-12,04:32,8,"cold wave, egg punk","Electronic, Rock","1800",2019-05-03,77,82,73,68,0,10,-8,D,4,2uos2HttwaaVz45FvCaHhi,"Tough Love Records",QM4TX1982800,no
488,"Mandinka","Sinéad O'Connor",130,11B,77,2026-06-12,03:47,59,"","","The Lion and the Cobra",1987-11-04,62,3,0,87,0,0,-8,A,4,4x4e63yL8r7tOFcZ0n6KHe,"Chrysalis Records",GBAYK8700069,no
489,"Umleitung","Cluster",130,12A,19,2026-06-12,03:28,22,"krautrock, ambient, space rock, drone, avant-garde","Electronic, New Age, Classical, Jazz, Rock","Sowiesoso",1976-00-00,56,52,94,3,0,0,-17,C♯/D♭ minor,4,66H6ax2eDzkv2nppwphIkb,"Bureau B",DELI50900173,no
490,"Don't You Want My Love - Remastered","Debbie Jacobs",130,4B,84,2026-06-12,07:48,0,"disco house, disco, nu disco","Pop, Electronic","Don't You Want My Love",2017-12-15,82,3,1,85,0,0,-6,G#/A♭,4,4ti2wje1ckDWltwP45ea9U,"Glitterbox Recordings",GBCPZ1712705,no
491,"Electric Murder","Marcy Luarks",130,9A,47,2026-06-12,03:44,35,"post-disco","Pop, R&B","Electric Murder",2020-09-12,80,2,87,96,10,0,-13,E minor,4,6ym2woXO3MX9JUUqv7jAdU,"Kalita Records",UKR7K1800050,no
492,"Haja o que houver","Madredeus",130,12B,27,2026-06-12,04:33,45,"fado","Folk, Traditional Music","O Paraiso [14 Canções]",1997-10-20,48,96,35,19,0,10,-13,E,4,3IEzreL1rgY1oIYQJJSJcy,"Parlophone Portugal",PTEM19700115,no
493,"Impressions Pt. 7","Ethnic Heritage Ensemble",130,10B,2,2026-06-12,05:49,19,"free jazz, experimental jazz, avant-garde","Classical, Jazz","Impressions",1982-01-01,32,100,68,45,0,10,-26,D,3,6iiwivJvJWp6dFpRu76omY,"Red records",FRX762195300,no
494,"Miks' tulet mun luo","Kosonen",130,11B,47,2026-06-12,04:16,7,"","","Ympyrää",1991-04-10,60,2,1,65,0,0,-14,A,4,0NSjG1LDtXRLWwNiLC918b,"Rockadillo Records",FIZEN9100528,no
495,"That's Why I Love You","The Professionals",130,6B,64,2026-06-12,02:59,13,"power pop, punk, northern soul, proto-punk","R&B, Pop, Rock","That's Why I Love You",2018-05-02,70,57,0,79,0,10,-5,A#/B♭,4,21dsSJttsVkKkvfQ4GlH3V,"Sunset Blvd. Records",USBT21611756,no
496,"Stay Away from Her","Blue Lazer",130,9A,65,2026-06-12,04:02,20,"","","The Best of Tojo Records (Dance Collection)",1997-01-01,80,2,0,97,0,10,-11,E minor,4,1vhIrGmK6hRZAsDPFNBzBp,"UNIDISC MUSIC INC.",CAU119714521,no
497,"On The Road Again","Canned Heat",130,11B,16,2026-06-12,03:26,53,"blues rock, blues","Blues, Rock","The Best Of Canned Heat",1987-01-01,50,78,0,21,0,20,-17,A,4,6IWxHgVbdKyUMydhVGXRaT,"Parlophone Catalogue",USEM39400161,no
498,"Echolalia","Yves Tumor",130,5A,82,2026-06-12,03:00,34,"","","Echolalia",2023-01-30,75,4,82,75,0,10,-7,C minor,4,7uECCWx2tz4T102b2QBS0p,"Warp Records",GBBPW2200169,no
499,"All I Do","Ojerime",130,7A,48,2026-06-12,02:58,8,"alternative r&b, uk r&b","Pop, R&B, Hip Hop","Bad Influence",2022-10-14,67,13,0,80,0,0,-8,D minor,4,7mDVLBbtBOppGKKako1WQH,"NEVER SEVEN",US39N2201817,no
500,"Appetite - 2007 Remastered Version","Prefab Sprout",130,10A,73,2026-06-12,03:59,45,"jangle pop","Pop, Rock","Steve McQueen",1985-00-00,68,7,0,54,0,30,-8,B minor,4,77cfjfsqAgEEadv70zcZgK,"SONY BMG Catalog",GBBBN0700003,no
501,"Dancing Dimensions","Ural Thomas and the Pain",130,3B,69,2026-06-12,03:36,14,"retro soul","R&B","Dancing Dimensions",2022-03-03,75,1,0,72,0,30,-8,C♯/D♭,4,4NIS3J8jBhjKzk1joQWTAe,"Bella Union",GBBRP2100480,no
502,"Just the Way You Are","Milky",130,4B,97,2026-06-12,03:30,37,"","","Star",2002-01-01,67,0,1,97,0,20,-4,G#/A♭,4,2kJo0J02qdTsD1omMouIro,"Motivo",ITC330200008,no
503,"Icing","John Glacier",130,4A,47,2026-06-12,01:44,36,"experimental hip hop","Hip Hop","SHILOH: Lost For Words",2021-07-30,81,87,0,81,30,0,-9,F minor,4,7fqEfSd7moQxcoW2yDSsf2,"PLZ Make It Ruins",GB5P52100082,no
504,"Where Is the Love","The Blackstones",130,11B,47,2026-06-12,03:39,0,"lovers rock, rocksteady, reggae","Reggae","Mellow Mood",2017-06-30,80,11,0,81,0,30,-9,A,4,1zbRLzyKQZbPK1BjusjWYd,"Stingray Records UK",GBBFL1700594,no
505,"Il Sogno Di Monica","Arp",130,11A,50,2026-06-12,05:20,0,"ambient jazz, space rock, ambient","Electronic, New Age, Easy Listening, Jazz, Rock","A Decade Deeper",2018-10-19,58,81,91,9,0,10,-12,F#/G♭ minor,5,10whYsE8x94pqVdBguPJL5,"Mexican Summer",QMV8L1825801,no
506,"Den rette vej","Alle",130,9B,40,2026-06-12,04:09,41,"","","Dine Pæne Øjne",2018-03-01,80,20,69,79,0,0,-16,G,4,4dNBdWGJgm9fS8pLZw5Mcd,"Olea Records",FRX201814485,no
507,"The King of Rock 'N' Roll","Prefab Sprout",130,4A,67,2026-06-12,04:22,46,"jangle pop","Pop, Rock","From Langley Park To Memphis",1988-03-14,82,30,0,91,0,0,-9,F minor,4,13t9pPIr9xb1GrpSXEj16h,"Columbia",GBBBN8802001,no
508,"This Old Heart Of Mine (Is Weak For You)","The Isley Brothers",130,7B,59,2026-06-12,02:52,65,"motown, quiet storm, soul, classic soul, funk, northern soul","R&B, Pop, Blues","This Old Heart Of Mine",1966-00-00,63,35,0,95,0,20,-10,F,4,5c33j1xFVOL4G24zxYhssB,"Motown",USMO16600488,no
509,"Mirror","Grace Ives",130,3B,68,2026-06-12,01:55,0,"","","2nd",2019-04-22,84,9,14,94,0,10,-8,C♯/D♭,4,02GxtVDnlQGqakSFvOSren,"Dots Per Inch Music",QZAN71800034,no
510,"Takin' Care of My Bizniz","Slim Guerilla",130,9B,44,2026-06-12,02:10,11,"cloud rap, phonk","Hip Hop","Greatest Hits, Vol. 1",2020-10-26,86,9,81,4,10,10,-11,G,4,3WH2IaAjqjLtkHZNaG0QvC,"Passion Playas",QZMEQ2079038,yes
511,"Strong Feelings","Dry Cleaning",130,10A,47,2026-06-12,04:04,40,"post-punk","Rock","New Long Leg",2021-04-02,75,2,88,96,0,0,-9,B minor,4,4w7iiR54wJS8qYJG7dwcIX,"4AD",GBAFL2000411,no
512,"Nice Try","Patrick Holland",130,9B,48,2026-06-12,03:22,14,"lo-fi house, jazz house","Electronic, Jazz","You're The Boss",2022-07-29,81,12,24,91,0,10,-9,G,4,4jRGZbyi5c2nJphBs9mQ11,"Sinderlyn",QM8QH2000792,no
513,"Gladly","Tirzah",130,10A,19,2026-06-12,03:41,40,"alternative r&b","Pop, R&B","Devotion",2018-08-10,76,51,0,25,0,10,-13,B minor,4,145xZcFMv1ccyKBgEMtV3y,"Domino Recording Co",GBCEL1800127,no
514,"Never No More Lonely","Fingers Inc.",130,8B,70,2026-06-12,05:30,26,"chicago house, acid house, deep house","Electronic","Another Side",1988-00-00,74,22,1,82,10,0,-6,C,4,3vvFD7Vd5gANTraXckJeuu,"Alleviated Records",US4G90400251,no
515,"I'm Gonna Love You","Darondo",130,11A,64,2026-06-12,03:34,26,"","","Listen to My Song: The Music City Sessions",2012-02-27,74,11,0,65,0,0,-7,F#/G♭ minor,4,6cLVLF8kH5BnFUod5NlKp6,"Ace Records",GBBHN1100090,no
516,"Seaside","Skyline Tigers, Jan Karatas",130,3A,22,2026-06-12,01:56,0,"","","Seaside",2021-02-21,70,88,0,30,0,0,-13,A#/B♭ minor,4,6gnGlLD028CKyBhHWKiYYv,"758960 Records DK",QZDA52104894,no
517,"Do I Hate You","Eva Noxious",130,11B,62,2026-06-12,01:39,0,"g-funk","Hip Hop, R&B","Plottin'",2018-07-05,66,57,0,19,20,0,-15,A,4,0VTxQRp2DiZbBD4KKxv0mQ,"1652053 Records DK2",QZHN32089531,yes
518,"Lazy (feat. David Byrne)","X-Press 2, David Byrne",130,3B,68,2026-06-12,04:15,0,"art rock, art pop","Pop, Rock","Raise Your Hands",2008-03-01,70,0,0,89,0,10,-9,C♯/D♭,4,3MCCYUXWRRGVk4sf2IhzoJ,"Skint Records",GBBMQ0800199,no
519,"Going To A Go-Go","Smokey Robinson & The Miracles",130,9B,72,2026-06-12,02:45,44,"motown, classic soul, northern soul, soul","R&B, Pop, Blues","Going To A Go-Go",1965-11-01,62,48,0,97,0,10,-10,G,4,5s3zYvzEpBk0WbG6AgFUBK,"UNI/MOTOWN",USMO16582608,no
520,"You've Got Me Hung Up - Chris Rhythm Wooden TomTom Radio Edit","King Tutt, Chris Rhythm",130,8A,68,2026-06-12,03:56,4,"baltimore club, deathstep","Electronic, Hip Hop, Metal","You've Got Me Hung Up",2014-11-24,87,16,1,96,0,0,-10,A minor,4,6mASTkZa7fcTp5X7zUvkTV,"Record Shack",DEY470935599,no
521,"It Really Hurts Me Girl","The Carstairs",130,9B,85,2026-06-12,03:30,0,"northern soul, motown","Pop, R&B","Northern On the Real Side - 21 Modern Soul Classics",2015-10-30,63,28,0,78,0,90,-6,G,4,7Hrs78UmZkSa59RvODbhEZ,"Sanctuary Records",GBAJE7300318,no
522,"Valentine","Drugdealer",130,4A,45,2026-06-12,03:37,0,"","","Hiding in Plain Sight",2022-10-28,80,57,21,91,0,20,-11,F minor,4,4RDJlnCJCKiPSTfbMs4e0s,"Mexican Summer",QMV8L2029206,no
523,"The Garden Of Earthly Delights","Carla dal Forno",130,9B,37,2026-06-12,04:24,0,"","","Come Around",2022-11-04,70,7,76,25,0,10,-13,G,4,74pLbBsCnt7ZaYeJurzox0,"Kallista",GBHLW2103610,no
524,"Interesting Thing No. 2","Posse",130,9B,54,2026-06-12,02:38,8,"","","Soft Opening",2014-03-04,60,35,4,32,0,10,-12,G,4,6lwZ6eY3OhyQ7SeddBdlsQ,"Beating a Dead Horse Records",uscgh1437186,no
525,"Patterns","Suse Millemann",130,5B,33,2026-06-12,04:22,26,"","","Patterns",2018-09-21,69,95,49,34,0,10,-13,D#/E♭,4,5l0GsX5zxIloNJB6iExLrv,"Numero Group",USCW61819815,no
526,"Lazer Worshippers Theme - Original Mix 1993","Damon Wild, Lazer Worshippers, Tim Taylor (Missile Records)",130,8A,78,2026-06-12,10:01,12,"acid techno, dub techno, acid house, techno","Electronic","Lazer Worshippers Theme",2021-10-15,49,20,19,8,0,10,-10,A minor,4,5lqHp4xfPw24L5gkjsKVcJ,"Missile",BEY922109102,no
527,"Wild Life - Remastered 2018","Wings",130,6B,43,2026-06-12,06:40,45,"","","Wild Life",1971-12-07,60,37,0,27,0,10,-9,A#/B♭,3,0DtItzol85j6j5F9j9V36Q,"Paul McCartney Catalog",GBCCS1800008,no
528,"Vagina Dentata","Fat White Family",130,8A,61,2026-06-12,02:58,22,"space rock","Rock","Serfs Up!",2019-04-19,53,72,90,52,0,10,-7,A minor,4,3odI5Cbt3CwUbh9Q5rQASm,"Domino Recording Co",GBCEL1800641,no
529,"Who Loves the Sun - 2015 Remaster","The Velvet Underground",130,12B,57,2026-06-12,02:46,56,"proto-punk, art rock","Rock","Loaded: Re-Loaded 45th Anniversary Edition",1970-00-00,44,33,0,72,0,30,-9,E,4,1rJi8cf8OWsrX4CqBnMSoQ,"Rhino Atlantic",USRH11503012,no
530,"Min Dag","Död Mark",130,10B,33,2026-06-12,01:57,0,"","","Drabbad av sjukdom",2016-11-10,76,90,2,32,0,10,-13,D,4,3FF6O0qUDSlJYimyU08vgc,"YEAR0001",SE5AJ1600273,no
531,"Echoes","Leon Thomas",130,5A,33,2026-06-12,05:40,0,"free jazz, soul jazz, jazz funk","Jazz, R&B","Spirits Known and Unknown",2013-04-29,37,62,0,47,0,0,-16,C minor,4,2YvkaVwGlZdAJjkKlfQwkc,"Ace Records",USBB10100988,no
532,"Spliffhead","Ragga Twins",130,3A,86,2026-06-12,04:18,28,"jungle, drum and bass, uk garage, ragga, bassline, breakbeat","Electronic, Hip Hop, Reggae","How the East Was Won (1989 - 2009)",2018-11-12,79,2,0,46,10,10,-7,A#/B♭ minor,4,6MYYOr2szAXMEuRhW7sglC,"Shut Up and Dance Music",TCADY1820305,no
533,"The Jangling Man","The Cleaners From Venus",130,1B,89,2026-06-12,04:49,37,"jangle pop","Pop, Rock","Number Thirteen",1990-00-00,64,42,0,57,0,0,-7,B,4,5DeVDeCl7rTPnyHuXiSCV5,"Mr Mule",QMMZN1300600,no
534,"Abba","The Paragons",130,8B,86,2026-06-12,03:09,22,"garage rock, proto-punk","Rock","Abba",1967-01-15,58,32,0,77,0,30,-5,C,4,5wWkL64Q1jA4H6y8H3XXcD,"Altercat",DEXX21900086,no
535,"SHADOWS ON THE GROUND","YELLOW MAGIC ORCHESTRA",130,9B,56,2026-06-12,04:22,13,"synthpop, city pop, kayōkyoku, shibuya-kei","Pop, Electronic","Service",1983-12-14,79,59,0,73,0,10,-8,G,4,3CY22c6RzxOQAFZHr2x32z,"Sony Music Direct (Japan) Inc.",JPAL09901200,no
536,"Friday Sky","Babeheaven",130,1B,31,2026-06-12,03:36,0,"","","Home for Now",2020-11-20,43,83,85,10,0,10,-11,B,4,00VbchCfba7gnTSbMJ9sKZ,"Babeheaven",GBGCA1600002,no
537,"Computer Age (Live)","Neil Young",130,10A,82,2026-06-12,05:37,4,"classic rock, folk rock, singer-songwriter, roots rock","Rock, Folk","Cow Palace 1986 (Live)",2012-02-13,17,0,73,40,0,90,-9,B minor,4,3sXxTQ19fkWjsz91TJ8g1F,"Left Field Media",USA371606966,no
538,"Only A Fool Would Say That","Steely Dan",130,8B,53,2026-06-12,02:56,0,"yacht rock, classic rock","Rock, Pop","Can't Buy A Thrill",1972-01-01,80,71,0,97,0,20,-12,C,4,6eT2fNwiVD04D3R4uP5qOv,"Geffen*",USMC17347183,no
539,"You Can Win","Bileo",130,7A,90,2026-06-12,03:26,46,"disco, disco house","Pop, Electronic","You Can Win",2014-09-08,76,7,0,96,0,40,-9,D minor,4,7k6phfGndOSCfL4TZRtLft,"Athens Of The North",GBRH31200028,no
540,"In the Garden","Triste Janero",130,8A,41,2026-06-12,02:43,41,"","","Meet Triste Janero",1969-00-00,58,71,0,56,0,0,-12,A minor,4,0BbjVi0HOk8CsGDoGR5NSB,"Varese Sarabande",US3M50891410,no
541,"If someone's gonna love you","Operelly",129,9A,64,2026-06-12,03:37,38,"","","Handwriting Practice No. 1",2025-05-15,56,58,1,22,0,20,-8,E minor,4,7bfIjbeRDDOvIC5q1ULIPs,"deadAir",QM24S2502329,no
542,"40 Times The Rent","Peace De Résistance",129,12A,96,2026-06-12,03:31,0,"egg punk, post-punk, deathrock","Rock","Lullaby For the Debris",2024-07-26,49,5,93,72,0,10,-6,C♯/D♭ minor,4,4do6ndoLVur9e1vOtfF5bf,"La Vida Es Un Mus Discos",GBHLW2401090,no
543,"Nada Será Como Antes","Milton Nascimento, Beto Guedes",129,5A,53,2026-06-12,03:23,49,"mpb, bossa nova, brazilian jazz","Jazz, Latin","Clube Da Esquina",1972-01-03,52,14,0,67,0,0,-12,C minor,4,3o3fm0en7kMOBzR1YgKNFS,"Universal Music Ltda.",BREMI7100543,no
544,"Valley Of The Dogs (Every Night)","jaso",129,10B,83,2026-06-12,02:23,9,"","","Valley Of The Dogs (Every Night)",2023-05-27,59,0,26,80,0,20,-6,D,4,7M5KUn3mZGfuHCGrwrkTPs,"DEMO YOUTH",QZK6J2368225,no
545,"Any Time, Any Place","Janet Jackson",129,6B,23,2026-06-12,07:08,65,"new jack swing","R&B","Janet",1993-05-18,57,60,0,21,0,10,-11,A#/B♭,4,2yOm4lN7aTygtXanJFNFWU,"Virgin Records",GBAAA9300182,no
546,"All Across The Sands","The Stone Roses",129,5B,65,2026-06-12,02:45,53,"madchester, britpop, jangle pop","Pop, Rock","Sally Cinnamon",1987-05-01,46,4,0,42,0,0,-11,D#/E♭,4,1uIiaKkeDyhTgXkB5qRUAv,"Black Records",GBACC8763603,no
547,"Tom's Lament","Mouseatouille",129,12B,73,2026-06-12,04:11,43,"lo-fi indie","Electronic, Rock","DJ Set",2025-09-19,45,24,91,23,0,10,-9,E,4,150J3R13jQbb9HQN9RQK12,"Dot Dash Recordings",AUDJ02502806,no
548,"By Fist And Fury","Tommy Guerrero",129,10A,72,2026-06-12,03:43,17,"","","Year Of The Monkey",2005-10-25,73,1,78,76,0,20,-6,B minor,4,1uFIrPaoLqS2DOO85q05BJ,"Galaxia",USACF0610015,no
549,"Taking a Chance On Love","Marv & Dee",129,12B,58,2026-06-12,03:07,7,"","","America Dream Reserve (Compiled by Charles Bals and Smiling C)",2022-10-14,70,27,0,22,0,30,-9,E,4,2Ogmrr8IEAXB83JucmUgFX,"Smiling C",NLM971900474,no
550,"Drop the Pressure","Mylo",129,11B,61,2026-06-12,04:15,60,"","","Destroy Rock & Roll (2005 Remaster)",2004-05-24,82,3,82,48,0,20,-7,A,4,2VtxdAH96cGcj1QzjpbHjA,"EPP",GBHFF0400006,yes
551,"Ouch Monkeys","The Teardrop Explodes",129,8A,55,2026-06-12,05:30,13,"post-punk, new wave, neo-psychedelic","Rock, Pop","Everybody Wants To Shag... The Teardrop Explodes",1990-01-01,49,60,33,94,0,10,-13,A minor,4,1QoYlWaeBcSOL3nDTouJfK,"UMC (Universal Music Catalogue)",GBUM71302899,no
552,"For You","Manfred Mann's Earth Band",129,7B,62,2026-06-12,05:40,48,"progressive rock, classic rock","Rock","Chance",1980-10-10,67,18,0,42,0,10,-13,F,4,3iCUemj0xhPUqIQAH5Evx6,"Creature Music",GBBXM8010003,no
553,"See You Later, I'm Gone","Robert Lester Folsom",129,9B,56,2026-06-12,04:33,59,"cosmic american, psychedelic folk rock","Rock, Folk","Ode to a Rainy Day: Archives 1972-1975",2014-10-21,56,50,0,37,0,0,-8,G,4,5XGzLK66FsXQo8udTbsEYE,"Anthology Recordings",QMV8L1400805,no
554,"Boy Pop","Book Of Love",129,10A,72,2026-06-12,04:05,9,"new wave, synthpop","Pop, Rock, Electronic","Lovebubble",1992-00-00,80,0,79,96,0,0,-10,B minor,4,4SF8uCKyUFDzTtEN3Mfl0M,"Rhino/Warner Records",USWB10804262,no
555,"I Want To Lay With You","Shira Small",129,8A,43,2026-06-12,02:13,52,"","","The Line Of Time And The Plane Of Now",1974-01-01,83,66,0,74,0,10,-12,A minor,4,4ec8GWlm1SgbbyoDryEW9g,"Numero Group",USCW62021705,no
556,"The Way","The Gap Band",129,3B,51,2026-06-12,04:47,32,"funk, quiet storm","R&B","The Gap Band III",1980-12-08,86,8,0,92,0,0,-12,C♯/D♭,4,3ZQECmuT47ezCquemsAVLr,"Mercury Records",USWWW0125664,no
557,"Lahnon Lemra'ati Wa Beladi","Ferkat Al Ard",129,10B,41,2026-06-12,05:16,0,"baroque pop","Classical, Pop","Oghneya (Habibi Funk 019)",2022-06-24,30,75,12,18,0,10,-10,D,4,1pD6xDgBxvuL0ogimb0lUK,"HABIBI Funk Records",DESY21401406,no
558,"I'm Shadowing You","Blossom Dearie",129,2B,41,2026-06-12,03:40,27,"french jazz, vocal jazz, jazz","Jazz","Blossom Dearie Sings (45th Anniversary Edition)",2017-06-09,76,64,11,56,0,10,-14,F#/G♭,4,3jkXw4Hglgnc3Oc9BD6zh4,"Daffodil Records, Inc.",usdy41784896,no
559,"Dreams","The Cranberries",129,12B,65,2026-06-12,04:31,80,"","","Everybody Else Is Doing It, So Why Can't We?",1993-03-01,55,0,0,51,0,40,-13,E,4,4JGKZS7h4Qa16gOU3oNETV,"Island Records",USIR29300080,no
560,"Fluorescences","Stereolab",129,12A,55,2026-06-12,03:23,32,"art pop, krautrock, neo-psychedelic, post-rock","Pop, Electronic, Rock","Oscillons From The Anti-Sun",2005-04-25,65,9,0,79,0,10,-9,C♯/D♭ minor,4,4Zulz8294593pYbNEcqShW,"Duophonic",GBJCJ9600005,no
561,"I Need Love","Carrie Cleveland",129,8A,47,2026-06-12,04:54,9,"","","Looking Up: The Complete Works",2018-09-21,84,19,0,38,0,10,-7,A minor,4,4HfOxCu8MSV5FY7eDjvu5b,"Kalita Records",DEG931850858,no
562,"Point of View - Radio Edit","DB Boulevard",129,2B,72,2026-06-12,03:51,60,"","","Point of View",2018-01-01,68,0,8,28,0,0,-7,F#/G♭,4,1Jlt67b4oOhCoFW9GQwL9T,"Airplane Records",USA210108902,no
563,"Natural Woman","Heptics",129,9A,38,2026-06-12,04:17,22,"lovers rock","Reggae","Lovers Rock Gold: Heptics",2022-05-06,71,6,0,45,0,10,-12,E minor,4,71MblOAlHG3CinKheuIgSU,"Reggae Library",QM6MZ2204585,no
564,"Não Tem Nada Não","Marcos Valle",129,10A,59,2026-06-12,03:11,49,"bossa nova, brazilian jazz","Jazz, Latin","Previsão Do Tempo",1973-03-30,77,38,61,97,0,0,-14,B minor,4,4W3kBwsjFLcfa1Wm8qLijJ,"EMI",BREMI1100019,no
565,"Alone Tonight","Skeet",129,9B,40,2026-06-12,04:47,9,"","","Simple Reality",2024-08-16,72,6,54,38,0,10,-11,G,4,0IRtSIj2abQWZvmPbaEKdl,"Efficient Space",QM6N22457620,no
566,"O Trem Azul","Lô Borges",129,8B,38,2026-06-12,04:05,50,"mpb, brazilian jazz","Jazz, Latin","Clube Da Esquina",1972-01-03,57,2,0,34,0,30,-14,C,4,0lq9TEXMVVSDcaj1azH6Po,"Universal Music Ltda.",BREMI7100096,no
567,"Borne On The Solar Wind","Jade Warrior",129,4A,19,2026-06-12,03:03,20,"progressive rock, krautrock, art rock, space rock, psychedelic rock","Rock, Electronic","Last Autumn's Dream",1972-01-01,24,31,92,11,0,10,-15,F minor,4,17kicNPrjb8DuFMBdikACc,"Cherry Red Records",DED467100025,no
568,"Don't Hang Up Your Dancing Shoes","Ian Matthews",129,2A,28,2026-06-12,03:01,55,"yacht rock","Pop, Rock","Stealin' Home",1978-01-01,77,29,5,88,0,10,-20,D#/E♭ minor,4,5TPurU8g9R2iPcpC0twyrO,"Cherry Red Records",CAL357800008,no
569,"Bioxy","Fantastic Man",129,9B,66,2026-06-12,05:03,0,"acid house, lo-fi house","Electronic","Alltogethernow",2022-08-19,79,0,86,19,0,0,-11,G,4,0IpvkDQogHioKHPGW0mxp8,"Kalahari Oyster Cult",USYBL2201404,no
570,"One Good Love Is Worth Two In the Bush","Mighty Fire",129,3B,90,2026-06-12,04:35,3,"post-disco","Pop, R&B","No Time for Masquerading",1981-09-15,80,14,2,91,10,0,-4,C♯/D♭,4,3QfxD0RoIad2Q4FXpAMJiY,"Elektra Entertainment Group",USEE10502092,no
571,"She Blinded Me With Science","Thomas Dolby",129,11B,76,2026-06-12,03:41,0,"new wave, synthpop","Pop, Rock, Electronic","The Golden Age Of Wireless",1983-12-09,80,11,17,98,0,0,-12,A,4,6HYf9ZEZKuxy581QVmYA6c,"Echo",GBAYE8200083,no
572,"Maggie May","Rod Stewart",129,10B,57,2026-06-12,05:50,74,"soft rock","Rock","Every Picture Tells A Story",1971-05-18,60,56,11,54,0,0,-11,D,4,6rovOdp3HgK1DeAMYDzoA7,"Mercury Records",USPR37102613,no
573,"Something Bad's Better Than Nothin'","Michael Andrews",129,5A,47,2026-06-12,02:59,13,"aor","Rock","Sky Dust Drifter",2022-03-16,68,72,26,66,0,10,-15,C minor,4,0shXo9JOxZVV6j4ix471jq,"Forager Records",uscgj2215590,no
574,"Rainforest","The Ovation Quintet",129,9A,28,2026-06-12,07:37,0,"","","Thinking of You - Smooth Jazz",2020-04-07,43,56,32,46,0,20,-20,E minor,4,6Ysf3526nQX1mzwzT5RqU4,"Ovation Entertainment, LLC",QM6MZ2020768,no
575,"In a Moment","The Intrigues",129,12B,80,2026-06-12,02:48,24,"northern soul, philly soul","R&B","In a Moment",2016-01-09,52,22,0,97,0,20,-6,E,4,029711BlHKszqkSd9GaNI6,"Sam-Mae Records",USCGH1611840,no
576,"Sugar","The Isonics",129,8B,66,2026-06-12,02:43,0,"doo-wop, northern soul","Pop, R&B","'60s Soul Movement",2011-01-01,68,45,0,93,0,0,-8,C,4,5YnEVe600UrRAd8IHN2eYx,"Master Classics Records",USA371153965,no
577,"Red Square - 2024 Remaster","The Durutti Column",129,8B,52,2026-06-12,03:14,32,"art rock, post-punk","Rock","Vini Reilly",1989-01-01,75,89,97,48,0,10,-16,C,4,4gKEaO5kFT6KhbGGxne2Ql,"London Music Stream/Because Music",GBAAP0200126,no
578,"Messages - Live","OMD",129,4B,92,2026-06-12,04:44,0,"west coast hip hop, underground hip hop","Hip Hop","Live in Berlin",2011-09-30,63,2,0,71,0,80,-4,G#/A♭,4,0UwTEeAPRdPgXgAr8CBau6,"Blue Noise",GB2YG1100052,no
579,"Turn Around","Charlie Megira, The Bet She' an Valley Hillbillies",129,8A,53,2026-06-12,02:52,28,"","","Boom Chaka Boom Boom",2015-01-01,21,25,0,13,0,10,-5,A minor,4,4D5MrRvQ0VDcxZBC5XsSNx,"Numero Group",USCW61921110,no
580,"Am","Datblygu",129,2B,60,2026-06-12,03:02,19,"post-punk","Rock","Pyst",2004-08-13,68,0,63,64,0,10,-13,F#/G♭,4,24vUQm5iIHyrg85N7JbmrL,"Ankstmusik",gbcsh0411122,no
581,"Mu-Tron - 2017 Remastered Version","Super Furry Animals",129,10B,15,2026-06-12,03:17,0,"britpop, neo-psychedelic","Pop, Rock","Radiator (20th Anniversary Edition)",1997-08-25,36,90,54,7,0,0,-16,D,4,6IQvNrHzwqMVwe2m3nGoBY,"BMG Rights Management (UK) Ltd",GB5KW1701106,no
582,"I Like to Be with You in the Sun","Bridget St John",129,11A,30,2026-06-12,02:34,32,"folk","Folk","Dandelion Albums and BBC Collection",1969-01-01,55,92,19,45,0,10,-18,F#/G♭ minor,4,2eh82THBhxUrt6Hghgzyfj,"Cherry Red Records",GBBLY0501319,no
583,"Just Too Bloody Stupid","Close Lobsters",129,11B,82,2026-06-12,03:24,26,"jangle pop, power pop","Pop, Rock","Foxheads Stalk This Land",1987-01-01,32,0,1,66,0,60,-9,A,4,6dcwDRfkjud050Nxc26pd7,"Fire Records",GBCKK0203001,no
584,"Computer World 2 - 2009 Remaster","Kraftwerk",129,9A,82,2026-06-12,03:24,33,"krautrock, neue deutsche welle, synthpop, electronic, new wave, electro","Electronic, Rock, Pop","Computer World (2009 Remaster)",1981-00-00,51,69,6,78,10,30,-11,E minor,4,2Yj7cIHRpk6Djcws27zb7r,"Parlophone UK",GB01A0900382,no
585,"Teardrops (Flava 7  Mix)","Lovestation",129,2A,46,2026-06-12,03:46,55,"uk garage","Electronic","Teardrops",1998-00-00,83,6,0,80,0,20,-15,D#/E♭ minor,4,49hFJr1GCLuf0d7zeyyjIJ,"Fresh Records UK",GBCGN9900090,no
586,"Stuck","Peven Everett",129,3B,84,2026-06-12,04:48,0,"uk garage, jazz house, chicago house, uk funky","Electronic, Jazz","Power Soul",2006-00-00,85,45,0,81,0,10,-10,C♯/D♭,4,5fB8D4lc3UNL1xoFoxUOkH,"Defected Records",GBCPZ0601655,no
587,"Forever","Eddie Fowlkes",129,9A,60,2026-06-12,05:29,0,"techno","Electronic","Forever EP",2023-03-24,80,0,91,63,0,0,-9,E minor,4,0sPSHm2B6ECdQaBz4LWj7H,"Rekids",GBLTF2300070,no
588,"Observatory","Sofie Birch, Nana Pi",129,9A,15,2026-06-12,05:52,24,"ambient, ambient jazz, drone","Electronic, New Age, Easy Listening, Jazz","Holotropica",2022-05-27,31,84,66,13,0,0,-25,E minor,4,6DE8VAI99LyIJ16anacufA,"Intercourse",FR2X42251968,no
589,"Sports","Viagra Boys",129,10B,77,2026-06-12,03:57,59,"post-punk, egg punk","Rock","Street Worms",2018-09-28,43,0,27,90,0,60,-5,D,4,5aLD8CPaEu3Cj9ZcAqWWA6,"YEAR0001",SE5AJ1600455,no
590,"There's No Other Like You","Melba Moore",129,8B,47,2026-06-12,05:27,14,"post-disco, disco, funk","Pop, R&B","Melba",1978-00-00,60,54,0,68,0,30,-9,C,4,4hC3rayyfkLUoIbFdPiNM2,"Legacy Recordings",USSM10606286,no
591,"Deep Within My Heart","The Twins",129,8B,87,2026-06-12,05:08,9,"italo disco, hi-nrg, italo dance, synthpop","Electronic, Pop","12 Inch Classics And Rare Tracks",2006-04-21,60,2,1,64,0,10,-7,C,4,5eouQllqDerYUMkJ9Psh2u,"Monopol Records",DEA650699991,no
592,"Personal Effects","Delivery",129,8A,69,2026-06-12,04:00,3,"egg punk","Rock","Personal Effects/The Topic",2021-11-26,65,7,0,80,0,20,-8,A minor,4,2nJTlogb9zxWRSQqh5TIxy,"Spoilsport Records",QZNWZ2152784,no
593,"Firebird","White Noise",129,8B,49,2026-06-12,03:03,23,"musique concrète, experimental, krautrock, avant-garde, electroacoustic","Classical, Jazz, Electronic, Rock","An Electric Storm",1969-00-00,56,87,87,34,0,10,-8,C,4,4fjvoc3BZJGdtHbynH9gCg,"UMC (Universal Music Catalogue)",GBAAN0300256,no
594,"Eisbär","Grauzone",129,12A,55,2026-06-12,04:48,52,"neue deutsche welle, cold wave, post-punk, new wave, darkwave","Electronic, Rock, Pop","Eisbär",1981-01-01,80,3,2,57,0,30,-8,C♯/D♭ minor,4,6dO3t1e3pb7sxyDQbDyVNX,"ELECTRIC UNICORN MUSIC PRODUCTION",DETB31800774,no
595,"You've Been Gone Too Long","Ann Sexton",129,10B,54,2026-06-12,02:18,0,"northern soul, classic soul, soul","R&B, Blues","Loving You, Loving Me",1973-03-18,82,75,0,96,0,10,-9,D,4,6vQHrUF2yapm6UNlyKqp5S,"Sound Stage 7",QM6N21859938,no
596,"The Way","The Gap Band",129,3B,44,2026-06-12,04:48,0,"funk, quiet storm","R&B","Gap Band 3",1980-12-08,85,7,0,92,0,0,-14,C♯/D♭,4,7bcMR3QOmpT9YqswfCMCn3,"Mercury Records",USWWW0125664,no
597,"Drive My Car (Misaki)","Eiko Ishibashi",129,1B,22,2026-06-12,02:27,34,"","","Drive My Car Original Soundtrack",2021-08-18,60,88,92,47,0,0,-24,B,4,7ug0c7aiNdQqvhqgTbpZgP,"NEWHERE MUSIC",JPJ902104860,no
598,"Coming Up - Remastered 2011","Paul McCartney",129,4B,77,2026-06-12,03:51,56,"","","McCartney II (Special Edition)",1980-05-16,82,46,7,88,0,0,-7,G#/A♭,4,4Ku6X72Q815qNd7ChuiDdD,"Paul McCartney Catalog",GBCCS1000191,no
599,"Andando en la Luz Fría - Bonus Track","Los Encargados",129,4B,51,2026-06-12,03:49,27,"rock en español, argentine rock","Rock","Silencio - Bonus Tracks",2021-12-18,74,3,73,62,0,0,-10,G#/A♭,4,0Bbkbmyo3YR4HukK7yS1AS,"Los Encargados",QZTPX2186581,no
600,"Drinking from the Cup of Bob Knob","Surprise Chef",129,7A,34,2026-06-12,03:59,8,"indie jazz, jazz funk, jazz house","Jazz, Pop, R&B, Electronic","All News Is Good News",2020-07-10,61,21,77,37,0,10,-11,D minor,4,0Ed3Md9WesYA0qTvcyo50A,"Mr Bongo",AUSOV1700010,no
601,"Wunderbarmaid - Live","The Cleaners From Venus",129,9B,47,2026-06-12,04:59,2,"jangle pop","Pop, Rock","Live in Japan (Osaka 1994)",1994-00-00,56,47,0,59,0,50,-16,G,4,0JqjtkLOfUjxa7FfPUVDn0,"Mr Mule",QZAPG1832147,no
602,"Charlie","Tarika Blue",129,10A,61,2026-06-12,04:44,20,"jazz funk, jazz fusion","Jazz, R&B, Electronic, Rock","Tarika Blue",1977-00-00,44,74,93,90,0,30,-13,B minor,4,0ckWuGZ2pRIbRf8nKD1KjQ,"DOWNTOWN SOUND",USASQ0511014,no
603,"The Model","Snakefinger",129,11B,54,2026-06-12,03:41,26,"avant-garde, art rock, musique concrète","Rock, Classical, Jazz","Chewing Hides the Sound",1979-00-00,68,26,0,68,0,10,-8,A,4,4YupSZ2rbEDIeePltNykhc,"Klanggalerie",ATKH51622001,no
604,"Jumpin' Jack Flash","Ananda Shankar",129,2B,72,2026-06-12,03:35,41,"neo-psychedelic","Rock","Ananda Shankar (US Internet Release)",1970-00-00,52,7,0,51,0,10,-7,F#/G♭,4,6BkeuHmO4P69Ln2BSonrXi,"Rhino/Warner Records",USRE10102343,no
605,"Down By the Sea","Men At Work",129,12B,23,2026-06-12,06:53,49,"","","Business As Usual",1981-11-09,55,26,45,41,0,0,-17,E,4,0bybFti0XQtaXnVqIzTuGN,"Columbia",NLB638140010,no
606,"Change / Love","Soul Connection",129,3B,84,2026-06-12,04:02,19,"liquid funk, drum and bass","Electronic","Street Soul",2020-03-02,73,1,91,84,0,0,-15,C♯/D♭,4,0uqc15jUsFs5k1RI2YxkN7,"Invisible City Editions",QM4TX2025203,no
607,"Natural Woman","Heptics",129,9A,38,2026-06-12,04:17,0,"lovers rock","Reggae","Kings of Lovers Rock",2022-08-05,71,5,0,46,0,10,-12,E minor,4,1d00Iu8Xr8RmO2jfST0NtD,"Reggae Library",GBKPL2200499,no
608,"Strike up the Band","Steve Lacy",129,4A,34,2026-06-12,02:00,1,"free jazz, avant-garde, hard bop, jazz","Classical, Jazz","The Complete Whitey Mitchell Sessions",2022-05-16,64,49,17,64,0,0,-16,F minor,4,78Ao3zKM8LeUlwVtt7TSJO,"Ascension Records",FR96X2284584,no
609,"Ghosted Ghosters of the Holy G - Froid Dub Remix","Iko Chérie, FROID DUB",128,8B,50,2026-06-12,04:21,6,"dub techno, dub","Electronic, Reggae","Ghosted Ghosters of the Holy G",2025-09-26,71,9,44,17,0,10,-11,C,4,0Oxm7jnsbHfk82Wmpayuy2,"Pingipung",DEDX62500027,no
610,"Natalia (2008 Remaster)","Van Morrison",128,10B,84,2026-06-12,04:06,30,"","","Wavelength (2008 Remaster) (Bonus Track Version)",1978-09-01,63,7,0,79,0,20,-7,D,4,6DMrOEzWdqxxQQhJxpUaY8,"Van Morrison",USQX91501353,no
611,"I Guess the Lord Must Be in New York City","Harry Nilsson",128,10B,43,2026-06-12,02:43,49,"baroque pop, singer-songwriter","Classical, Pop, Folk","Harry",1969-08-01,52,41,1,77,0,30,-15,D,4,4gFB9xxwrJB0uIEPSquCTU,"RCA/Legacy",USRC16901014,no
612,"Cripple Creek Ferry","Neil Young",128,9B,22,2026-06-12,01:33,41,"classic rock, folk rock, singer-songwriter, roots rock","Rock, Folk","After the Gold Rush (2009 Remaster)",1970-08-31,80,52,0,52,0,0,-15,G,4,4CCLOGJX19mWFBDHSnifm9,"Reprise",USRE10900218,no
613,"You Can Call Me Al","Paul Simon",128,7B,76,2026-06-12,04:40,80,"singer-songwriter","Folk","Graceland (25th Anniversary Deluxe Edition)",1986-08-12,78,18,1,82,0,0,-8,F,4,0qxYx4F3vm1AOnfux6dDxP,"Legacy Recordings",USSM11002274,no
614,"Stop Messin' Round","Fleetwood Mac",128,7B,52,2026-06-12,02:19,20,"yacht rock, classic rock, soft rock","Rock, Pop","Mr. Wonderful",1968-08-23,51,35,0,65,0,40,-9,F,4,2m9bn62ud6UyDA3XJKy4Xh,"Columbia",GBBBN6800031,no
615,"My Kingdom","Echo & the Bunnymen",128,9B,82,2026-06-12,04:05,37,"new wave, post-punk, gothic rock","Rock, Pop","Ocean Rain (Expanded; 2007 Remaster)",1984-05-04,54,33,3,68,0,0,-9,G,4,6ydJireeuqD09unGScfRDG,"WM UK",GBAHT8403649,no
616,"Searching for a Feeling","Maximum Joy",128,10A,80,2026-06-12,04:27,26,"post-punk, post-disco","Pop, R&B, Rock","Station MXJY",1982-07-12,69,19,0,94,20,20,-6,B minor,4,0qTkmavr5ICiXevyY45gwM,"Maximum Joy",GBR3F1000005,no
617,"Pocahontas - 2016 Remaster","Neil Young, Crazy Horse",128,7A,44,2026-06-12,03:24,45,"classic rock, folk rock, singer-songwriter, roots rock","Rock, Folk","Rust Never Sleeps",1979-06-27,55,19,0,63,0,10,-14,D minor,4,2fxp8KuyxjwEfsFo8bTSuE,"Reprise",USRE11600820,no
618,"Wind It Up","Mumbo Jumbo",128,8B,47,2026-06-12,04:33,34,"","","Birdeater (Music from the Motion Picture)",2024-09-08,80,5,0,92,0,0,-10,C,4,0Ln6OfYwcw8827MDcve6Pd,"Andreas Dominguez",DETB31640037,no
619,"Amazing","George Michael",128,3A,75,2026-06-12,04:25,62,"","","Patience",2004-03-15,81,9,0,88,0,10,-7,A#/B♭ minor,4,0hsrqeudoR9Kymm7RNiVoq,"Sony Music UK",GBBBN0300681,no
620,"Main Man","T. Rex",128,10B,58,2026-06-12,04:14,24,"glam rock, proto-punk","Rock","The Slider",1972-07-21,53,1,0,55,0,20,-7,D,4,0xP0FRFHs4Aip8z5onx0xd,"Edsel",GBAFR7200153,no
621,"Heavy Head","Thinking Fellers Union Local 282",128,10B,39,2026-06-12,05:02,17,"noise rock, art rock","Rock","The Funeral Pudding",1994-02-04,59,18,83,51,0,0,-18,D,4,1fbZOPeQty73fEPcrxaHQm,"Ajax / Brinkman",ushm21908448,no
622,"Olive Oil","Happy Mondays",128,1B,64,2026-06-12,02:36,27,"madchester, britpop, alternative dance","Electronic, Pop, Rock","Squirrel And G-Man Twenty Four Hour Party People Plastic Face Carnt Smile (White Out)",1987-01-01,45,0,0,86,0,0,-14,B,4,6jKKw0sfQ5K4rRgFTJQ4AV,"London Music Stream",GBAAP9500378,no
623,"Kohan","The Circling Sun",128,4B,54,2026-06-12,06:55,17,"","","Spirits",2023-05-19,55,38,69,84,0,0,-10,G#/A♭,4,70ho5RqvyUG0WDjWb61llU,"Soundway Records Ltd",GBUQH2200110,no
624,"Buildings - funk remix","DJ Suzy",128,12B,68,2026-06-12,02:50,9,"","","Buildings (Funk Remix)",2025-03-27,65,54,90,76,0,10,-8,E,4,48bLX1yyr7jTlc9eIYQ0eF,"Kira Krash",SE5AJ2202467,no
625,"In Between Days - Shiver Mix","The Cure, William Orbit",128,11A,71,2026-06-12,06:22,20,"new wave, post-punk, gothic rock, darkwave, idm, electronic classical, downtempo","Electronic, Classical, Rock, Pop","Mixed Up",1990-01-01,63,15,91,80,0,10,-18,F#/G♭ minor,4,1BS6IDAJHiXCrzf5SPjX0U,"Polydor Records",GBALB9000013,no
626,"Furniture","Minimum Chips",128,8A,42,2026-06-12,04:10,9,"","","Portfolio",2002-04-01,68,64,80,62,10,10,-15,A minor,4,0HCmIBGqCkUrU6newC5rLf,"Chapter Music",AUCI10604116,no
627,"Natalia - Remastered","Van Morrison",128,10B,86,2026-06-12,04:06,0,"","","Wavelength",1978-09,63,8,0,76,0,30,-6,D,4,26f5vLkn7M4U2TNjwpMOEM,"Legacy Recordings",USQX91501353,no
628,"Live It Up, Pts. 1 & 2","The Isley Brothers",128,7B,69,2026-06-12,06:15,29,"motown, quiet storm, soul, classic soul, funk, northern soul","R&B, Pop, Blues","Live It Up",1974-09-07,79,19,11,97,0,0,-13,F,4,3zhzIV7tgYgyOK8U4Stt6v,"Epic/Legacy",USSM10400047,no
629,"Mexican Summer","Ron Rinaldi",128,11B,55,2026-06-12,03:04,15,"","","Beauty: A Journey Through Jeremy Underground's Collection",2016-09-09,77,51,0,51,0,10,-6,A,4,4L5fh7PG6qqwwHh7bjIvdU,"Spacetalk",GB7RM1600013,no
630,"Everybody Knows Me","Ruins",128,9B,48,2026-06-12,05:34,0,"cold wave","Electronic, Rock","Occasional Visits",2019-12-16,86,1,11,71,10,10,-13,G,4,1lKxYhsmU4qP0qdc9cWMBK,"Stroom",UK6821833564,no
631,"The Soundtrack to a Beautiful Sunset on your way home","LEFTO EARLY BIRD",128,3A,10,2026-06-12,02:42,9,"nu jazz","Electronic, Jazz","Motherless Father",2024-03-08,20,97,92,8,0,10,-20,A#/B♭ minor,4,1jTqaDZiOmVS5WGbDbwX0b,"Brownswood Recordings",GBMEF2302475,no
632,"To Love Somebody","The National Jazz Trio Of Scotland",128,8B,4,2026-06-12,03:27,6,"","","Standards Vol. VI",2023-06-30,91,96,0,19,0,10,-15,C,4,2V8xHSEdhEomYiG889TD7e,"Karaoke Kalk",DEQ512201455,no
633,"Sweetness Is","Peven Everett",128,10A,41,2026-06-12,04:26,14,"uk garage, jazz house, chicago house, uk funky","Electronic, Jazz","Sweetness Is",2011-00-00,81,45,86,81,0,0,-14,B minor,3,1iZYaM7eNRlwuUQ82GeZi7,"Bombay Records",CABG40600306,no
634,"The Thistle (Video Soundtrack Mix)","Jesse Rae",128,10B,69,2026-06-12,05:13,18,"","","Jesse Rae The Best'o",2012-02-06,63,0,0,74,0,30,-8,D,4,10eRDAXFn8pnKeSeI28rV7,"Jesse Rae",TCABD1291399,no
635,"Lady of the Island - 2005 Remaster","Crosby, Stills & Nash",128,4A,2,2026-06-12,02:36,40,"folk rock, yacht rock","Folk, Rock, Pop","Crosby, Stills & Nash",1969-05-29,44,97,0,12,0,10,-24,F minor,1,3zk0hw5TYUyNwLLkAdnSD4,"Rhino Atlantic",USAT20506562,no
636,"My Love Is Your Love (Forever)","The Isley Brothers",128,4B,40,2026-06-12,03:09,26,"motown, quiet storm, soul, classic soul, funk, northern soul","R&B, Pop, Blues","Greatest Motown Hits",1987-01-01,58,80,0,94,0,40,-14,G#/A♭,4,3VxwiBhJdFutNsACHjQskC,"UNI/MOTOWN",USMO17282851,no
637,"Op Hop Detonation","Stereolab",128,1A,72,2026-06-12,03:32,11,"art pop, krautrock, neo-psychedelic, post-rock","Pop, Electronic, Rock","Cobra And Phases Group Play Voltage In The Milky Night",1999-09-21,70,3,0,96,0,10,-8,G#/A♭ minor,4,4Oogg2iV589U5YXrWTp7JD,"Duophonic",USEE19900393,no
638,"The Thistle","Jesse Rae",128,8A,57,2026-06-12,05:04,0,"","","The Thistle",1984-06-08,63,1,0,77,0,10,-13,A minor,4,6yTuZN6kSX0pO0DD3LTmuo,"Jesse Rae",TCABP1364101,no
639,"Searching for a Feeling","Maximum Joy",128,10A,80,2026-06-12,04:27,0,"post-punk, post-disco","Pop, R&B, Rock","Station MXJY",1982-07-12,69,19,0,95,20,20,-6,B minor,4,72AOCMDyxZpa7bLffIFwAT,"Maximum Joy",GBR3F1000005,no
640,"Plastiphilia","Dopplereffekt",128,3B,73,2026-06-12,01:06,17,"electroclash, electro, techno, idm","Electronic, Rock","Gesamtkunstwerk",1999-00-00,79,10,35,64,0,0,-15,C♯/D♭,4,7HQLRpNZysthBYJLX58h3z,"Clone Classic Cuts",NLL560701155,no
641,"I Don't Want to Go","Sensations Fix",128,8B,88,2026-06-12,02:25,0,"space rock, krautrock, progressive rock","Electronic, Rock","Time to Decide Antidotes",1982-07-25,51,1,72,11,10,10,-12,C,4,5sytYZSod1pXShigDC8gjU,"Sensation's Fix",USJ3V1248627,no
642,"I Feel the Rhythm - Inner Experience Revision","Ron Trent",128,3A,65,2026-06-12,06:16,35,"chicago house","Electronic","I Feel the Rhythm",2017-05-12,72,4,84,53,0,10,-11,A#/B♭ minor,4,3BckTSDcPrjvfWMVxVQAt2,"Only",DEK601761002,no
643,"Elastic Dummy","Yukihiro Takahashi",128,4B,80,2026-06-12,05:05,27,"city pop, synthpop","Pop, Electronic","Saravah!",1978-06-21,59,9,85,76,0,20,-9,G#/A♭,4,4fIWzweAxnX1xDeR08O5SM,"WeWantSounds",JPKI07869218,no
644,"Someone To Call My Lover","Janet Jackson",128,10B,91,2026-06-12,04:32,72,"new jack swing","R&B","All For You",2001-01-01,74,14,0,94,0,10,-4,D,4,43zr9kKkeiQrshvYuvNtfM,"Virgin Records",USVI20100096,no
645,"Love Is Everywhere","Pharoah Sanders",128,4A,73,2026-06-12,05:18,48,"free jazz, ambient jazz, jazz, experimental jazz, hard bop","Easy Listening, Jazz","Wisdom Through Music",1973-01-01,51,89,34,75,0,10,-12,F minor,4,4IIxBK0L8uj7viwxhmuSc4,"Verve Reissues",USUM71108389,no
646,"Can't Change You - Iwaro Edit","Sash!, Plexiphones, Iwaro",128,9A,68,2026-06-12,03:30,2,"eurodance","Electronic, Pop","Can't Change You",2014-03-14,56,3,0,40,0,0,-6,E minor,4,5W2ddikvgP0a7KLYtdadJ0,"High Fashion Music",DEU771300035,no
647,"Street Thing","Aaliyah",128,11B,51,2026-06-12,04:58,42,"r&b, contemporary r&b","R&B","Age Ain't Nothing But A Number",1994-05-22,59,6,0,19,0,10,-8,A,4,7xvVKAJVbeO0IpwoXMuEgx,"Jive",USJI19400013,no
648,"When I Dream - Original Version","The Teardrop Explodes",128,8B,73,2026-06-12,07:08,30,"post-punk, new wave, neo-psychedelic","Rock, Pop","Kilimanjaro",1980-00-00,49,1,2,86,0,40,-6,C,4,643K1RtvrMaIUbYe6tJ9KE,"Island Records",GBF088000798,no
649,"Bun","The Deviants",128,10A,11,2026-06-12,02:41,0,"proto-punk, acid rock, psychedelic rock, garage rock","Rock","Ptooff!",1967-00-00,50,99,65,18,0,10,-23,B minor,4,6FNgaKACQEV8nE7gs42x5b,"Angel Air",GBHMX1341407,no
650,"Breathe (In The Air) - 2011 Remastered Version","Pink Floyd",128,10A,34,2026-06-12,02:49,1,"progressive rock, psychedelic rock, classic rock, art rock, rock","Rock","The Dark Side Of The Moon (2011 Remastered Version)",1973-03-01,43,27,18,31,0,10,-17,B minor,4,3zJRvtQkHQRTNEXSY8jQPR,"Pink Floyd Records",GBN9Y1100077,no
651,"Posed By Models - Taken From The Final Day Single","Young Marble Giants",128,12B,16,2026-06-12,01:24,13,"post-punk, new wave","Pop, Rock","Colossal Youth (40th Anniversary Edition)",2007-00-00,71,95,96,76,40,10,-19,E,4,4FTcgKmdevUgbnvuxwUmca,"Domino Recording Co",GBCEL0700257,no
652,"Everything She Wants","The Egyptian Lover",128,11A,61,2026-06-12,04:32,50,"miami bass, old school hip hop, electro","Electronic, Hip Hop","1985",2018-11-30,80,0,6,78,0,0,-11,F#/G♭ minor,4,7DAqYWASez8BkiSiwW5jvb,"Egyptian Empire Records",US2391898503,no
653,"Right Down the Line","Gerry Rafferty",128,8B,32,2026-06-12,04:27,82,"yacht rock","Pop, Rock","City to City",1978-00-00,78,21,0,77,0,10,-15,C,4,2Xb6wJYGi0QXwURw5WWvI5,"Parlophone UK",GBAYE7800544,no
654,"Higher Elevation","Chaos In The CBD",128,11B,73,2026-06-12,06:13,0,"jazz house, lo-fi house","Electronic, Jazz","Higher Elevation",2023-01-18,74,0,84,51,0,10,-10,A,4,6rOO4rvFRvljFZlcpylgPR,"Fabric Records",GBEXH2200315,no
655,"Searching","Change, Luther Vandross",128,10A,68,2026-06-12,08:03,41,"post-disco, disco, funk, quiet storm, soul, classic soul","R&B, Pop, Blues","The Glow of Love (Original Album and Rare Tracks)",1980-00-00,78,4,0,55,0,0,-7,B minor,4,3vE6VYTG7LytVOvVTc3PBb,"New Fresh Records",ITB450700037,no
656,"Prisoner Of My Weakness - Dub Mix","Billy Evans",128,4B,86,2026-06-12,05:10,1,"smooth jazz","Jazz","Prisoner Of My Weakness",2023-05-19,67,7,0,74,10,0,-6,G#/A♭,3,4aWLewsrtJUWuzMyqWFku3,"Kalita Records",UKR7K1800042,no
657,"Meikai","Mansur Brown",128,11A,27,2026-06-12,10:02,14,"nu jazz","Electronic, Jazz","NAQI Vol.2",2022-11-18,27,90,86,4,0,0,-16,F#/G♭ minor,4,5l0BCK0FbT1xeydpRMSL5h,"AMAI Records",GB5P52200422,no
658,"Can't Be Sure","The Sundays",128,10B,39,2026-06-12,03:24,44,"dream pop, jangle pop","Pop, Rock","Reading Writing And Arithmetic",1990-00-00,52,78,1,38,0,0,-11,D,4,1K31O0gf2FEaZny3Cz2xFW,"Parlophone UK",GB01A9000003,no
659,"A New Life - Planet Earth Mix","S.O.N.S",128,3B,86,2026-06-12,09:26,0,"","","Shimokitazawa One Night Stand",2020-07-08,34,16,65,31,0,0,-8,C♯/D♭,4,2qfv4aY69OkZoP3qdoVY0k,"S.O.N.S",FR9W11713945,no
660,"First Communication","Agitation Free",128,11B,61,2026-06-12,08:10,35,"krautrock, space rock, progressive rock, psychedelic rock","Electronic, Rock","2Nd",1974-02-04,47,13,48,34,0,10,-12,A,4,5CevbpxOgTUNsPuJUTl6RZ,"M.i.G - music GmbH",DEA450811020,no
661,"Only Lover","Tommy Mandel/Zenobia Conkerite",128,10B,41,2026-06-12,04:10,7,"post-disco","Pop, R&B","Starlight/Watusi/MelloMagic",2002-01-01,88,16,1,93,0,0,-16,D,4,4wubtxfAbBnzgISgzFZ083,"id",ushm20419499,no
662,"Sensei","Zee, Outpour East",128,3A,61,2026-06-12,03:00,17,"christian hip hop","Christian, Hip Hop","Faithful to the Finish",2021-02-21,66,5,0,27,0,10,-7,A#/B♭ minor,4,09QJ9Xz9aJCAx82s9UNOxY,"Zee",TCAFJ2137077,no
663,"Wind It Up","Mumbo Jumbo",128,8B,48,2026-06-12,04:34,27,"","","Midnite Spares",2016-09-09,82,10,0,94,0,0,-9,C,4,3LipKU5ZRLQLbzoYiIlE7z,"Efficient Space",DETB31640037,no
664,"Hold on My Heart","John Martyn",128,7B,26,2026-06-12,04:41,21,"folk rock, folk","Folk, Rock","Glorious Fool",1981-00-00,60,88,0,53,0,10,-18,F,4,3xWFxAtUTSVxnEluBd6VDU,"Rhino",GBCRL0800177,no
665,"P","Labradford",128,10B,5,2026-06-12,09:18,29,"post-rock, drone, ambient, slowcore","Electronic, New Age, Rock","Mi Media Naranja",1997-10-13,25,92,94,4,0,10,-23,D,3,07BSS3iMuvLXUHQZdGkfU5,"Mute",GBAJH9700316,no
666,"Delusion","George Riley",128,3A,55,2026-06-12,02:43,0,"indie r&b","R&B, Rock","Delusion",2022-08-10,55,85,4,54,0,10,-7,A#/B♭ minor,4,0a5Hex1HL21voWyFnSOHtD,"PLZ Make It Ruins",GB5P52200237,no
667,"Misunderstandings","Chris & Cosey",128,8A,31,2026-06-12,05:00,23,"industrial, cold wave, ebm, synthpop","Electronic, Rock, Pop","Techno Primitiv",1985-12-31,73,4,24,59,0,0,-19,A minor,4,7IcwliGGmEjNWYgRCRkc0A,"Conspiracy International",GBHQZ8500002,no
668,"Delusion","George Riley",128,3A,55,2026-06-12,02:43,0,"indie r&b","R&B, Rock","Running In Waves",2022-09-09,55,85,4,54,0,10,-7,A#/B♭ minor,4,6wTJVghHVYausncadvBH8v,"PLZ Make It Ruins",GB5P52200237,no
669,"Naqi","Mansur Brown",128,2A,20,2026-06-12,03:59,0,"nu jazz","Electronic, Jazz","Naqi",2022-10-18,66,96,90,41,0,10,-15,D#/E♭ minor,4,5fgEzJ0xlihKXrt5PQHKaH,"AMAI Records",GB5P52200419,no
670,"Wot","Captain Sensible",128,9A,76,2026-06-12,06:52,17,"","","Live At The Milky Way",2006-12-18,53,0,0,68,0,30,-10,E minor,4,31O9LmpDT9jA8CHE1uIdA7,"Humbug Records",GBBLY9400284,no
671,"Loving You","Kiki Gyan",128,9B,87,2026-06-12,09:28,29,"disco","Pop","24 Hours in a Disco 1978-82",2012-12-03,53,1,9,72,0,0,-10,G,4,1DXzufnk3tERFJVEaVPLdV,"Soundway Records Ltd",GBUQH1200161,no
672,"the be colony","Broadcast And The Focus Group",128,2B,54,2026-06-12,04:31,0,"","","Broadcast And The Focus Group Investigate Witch Cults Of The Radio Age",2009-10-26,25,89,12,48,0,30,-7,F#/G♭,3,66tkKvIRiNOVuZ4VLQRquL,"Warp Records",GBBPW0900232,no
673,"Stir Fry","Lauren Duffus",128,12B,39,2026-06-12,02:57,17,"","","Sulk",2021-06-21,33,5,0,7,10,30,-14,E,5,1kjuMZbI46u3Af1vlGZGue,"Independent",GX3Q92008979,no
674,"Izzat Love? - 2015 Remaster","Todd Rundgren",128,8B,53,2026-06-12,01:55,42,"yacht rock, power pop, philly soul","R&B, Pop, Rock","Todd",1974-00-00,49,2,0,86,10,20,-11,C,4,5hb92JsDZjB3PuysBhwTAS,"Rhino",USRH11509572,no
675,"Ethereal Consonance","Sunset in the 12th House",128,3A,60,2026-06-12,06:49,3,"post-rock","Rock","Mozaic",2015-06-05,58,79,95,39,0,10,-11,A#/B♭ minor,4,4SX1eRIQ0gxxIbII07xgu8,"Prophecy Productions",DES561516305,no
676,"I Repeat","New Musik",128,3B,75,2026-06-12,04:27,16,"synthpop, new wave","Pop, Rock, Electronic","Warp",1982-00-00,78,2,87,80,0,10,-11,C♯/D♭,4,1WAUpvOY2F96B7LgmDk5M6,"Sony Music UK",GBBBM8202037,no
677,"Hang On To A Dream","Gandalf",128,5A,39,2026-06-12,04:17,39,"psychedelic rock, acid rock, baroque pop","Rock, Classical, Pop","Gandalf",1969-00-00,42,61,0,49,0,10,-13,C minor,5,5unrr2qjb6GvIRHUEQKFLh,"Capitol Records",USCA21200984,no
678,"Chipko Chipko","Asha Puthli",128,3A,74,2026-06-12,06:17,21,"","","Hari Om",1990-01-01,83,12,0,80,0,0,-13,A#/B♭ minor,4,5gb8dgCs51czhdLZoW4f3z,"Sony Music India / 550 Music",INS171806247,no
679,"Took a Turn","Loukeman",128,4B,69,2026-06-12,02:56,38,"","","Sd-1",2021-05-12,97,2,50,39,10,10,-9,G#/A♭,4,5E6feSh5A5dgPimSNJXcST,"SD Music Group",QZHN62171793,no
680,"For Real (Slide on Me)","POLO PERKS <3 <3 <3",128,10A,55,2026-06-12,02:07,0,"cloud rap","Hip Hop","I.C.F.M",2019-08-31,82,29,0,40,0,10,-9,B minor,4,46pOQQXZKpsobIUrbk9LhM,"SURF GANG RECORDS",QM42K1996983,yes
681,"Cocktail chez mademoiselle","Laurent Voulzy",128,6A,42,2026-06-12,06:34,35,"variété française, chanson, french pop, french house","Folk, Traditional Music, Electronic, Pop","Le coeur grenadine",1979-00-00,83,6,0,84,0,20,-19,G minor,4,0YuLHXEKmTD7xGmoArYlJd,"Ariola",FRZ057900510,no
682,"Love's So Far Away","Donald Byrd",128,4A,86,2026-06-12,06:03,33,"hard bop, jazz funk, jazz, soul jazz, jazz fusion, acid jazz, bebop","Jazz, R&B, Electronic, Rock","Blackbyrd",1973-01-01,59,23,80,97,0,0,-11,F minor,4,2bSEu2bC76Wyj9hszTTFrh,"Blue Note Records",USBN27300050,no
683,"Goro City","Manu Dibango",128,8A,72,2026-06-12,08:34,23,"afrobeat, afropop","R&B, Traditional Music, Pop","À La Jamaïque",1985-01-01,77,15,11,96,0,0,-8,A minor,4,2MduGlWbGQfy1RaYe0L2tZ,"Soul Makossa",FR3M18000020,no
684,"Cocoon","Björk",128,3B,37,2026-06-12,04:28,0,"art pop, trip hop","Pop, Electronic, Hip Hop","Vespertine",2001-08-27,79,65,14,12,0,10,-15,C♯/D♭,4,46qr02ktTNzOwJAqiQg8gv,"One Little Independent Records",GBBTF0100009,no
685,"Ram On - Remastered 2012","Paul McCartney, Linda McCartney",128,4A,41,2026-06-12,02:29,50,"","","RAM (Archive Collection)",1971-05-17,61,81,79,57,0,20,-12,F minor,4,6qZMXw0fs9qI8b4Nl9ntEQ,"Paul McCartney Catalog",GBCCS1100090,no
686,"Corridor of Dreams","The Cleaners From Venus",128,8B,64,2026-06-12,05:10,50,"jangle pop","Pop, Rock","Midnight Cleaners",1982-00-00,65,9,3,43,0,60,-8,C,4,6fsUCTTpTbfREHoAR89Zcl,"Mr Mule",US8YA1200095,no
687,"Cars","Gary Numan",128,10B,58,2026-06-12,03:58,65,"new wave, synthpop, post-punk","Pop, Rock, Electronic","The Pleasure Principle",1979-09-07,55,1,0,82,0,0,-9,D,4,4QQEzkxcONBthDLfzqIh9S,"Beggars Banquet",GBAZP9700067,no
688,"Love Dub","Cooly G",128,11B,54,2026-06-12,03:35,0,"uk funky","Electronic","Narst / Love Dub",2009-06-22,79,4,79,44,0,10,-10,A,4,2T4eUTOuEXnUWsQVyPzdGf,"Hyperdub",GBLZC0900008,no
689,"It's a Sin - Disco Mix; 2018 Remaster","Pet Shop Boys",127,5A,98,2026-06-12,07:41,43,"synthpop, new wave","Pop, Rock, Electronic","Actually: Further Listening 1987 - 1988 (2018 Remaster)",1987-09-07,53,2,17,55,0,30,-7,C minor,4,6onVspUJy1OxVJDRY1iCd7,"Rhino",GBAYE1700837,no
690,"Emotinium","Roy of the Ravers",127,4B,46,2026-06-12,11:45,37,"acid house, idm","Electronic","2 Late 4 Love",2020-06-01,75,28,91,37,0,10,-10,G#/A♭,4,6JvBKmGbRblvqJZLfuJS6L,"Emotional Response",GBJX32106043,no
691,"Can't Get Enough","Soulsearcher",127,9A,97,2026-06-12,05:31,57,"disco house, funky house","Electronic","Can't Get Enough",1998-01-01,74,0,36,98,0,0,-5,E minor,4,2VuAooHs5bUlfB8qXaF4qK,"Defected Records",GBCPZ9900007,no
692,"Somewhere Good","Tara Clerkin Trio",127,2B,32,2026-06-12,05:59,38,"experimental jazz","Jazz","Somewhere Good",2026-03-12,58,19,72,31,0,0,-12,F#/G♭,4,6ZhcNDQXtbE3JCtxsAYh9b,"World of Echo",UKW3Z2600594,no
693,"Flashes In The Afternoon","Stereolab",127,6B,53,2026-06-12,06:14,34,"art pop, krautrock, neo-psychedelic, post-rock","Pop, Electronic, Rock","Cloud Land / Flashes In The Afternoon",2026-02-13,62,17,86,27,0,10,-10,A#/B♭,4,7gPnOSaYRgpoSkAAIQWix9,"Warp Records",GBBPW2501798,no
694,"Her Master's Voice","Dagmar Zuniga",127,7A,39,2026-06-12,02:19,33,"ambient folk","Electronic, Folk","in filth your mystery is kingdom / far smile peasant in yellow music",2026-03-04,50,7,37,7,0,10,-11,D minor,3,3fYoa16uLDKGb7Vtc9Hmj7,"AD 93",DEG932504705,no
695,"Cross on a Hill","Troutflies",127,9B,56,2026-06-12,02:13,12,"","","The Dancing Years",2025-09-03,45,53,49,61,0,10,-12,G,4,1oGO20vKp96RPYVTqsmq2W,"Troutflies",GX5MY2556817,no
696,"King of My Castle (Roy Malone's King Radio Edit)","Wamdue Project, Roy Malone",127,2B,71,2026-06-12,03:29,67,"","","King Of My Castle (Mixes)",2023-07-14,87,9,65,80,0,10,-8,F#/G♭,4,5ov3LhsdEifKENMIlLCuJo,"Strictly Rhythm Records",USSR39958305,no
697,"Egypt Egypt","The Egyptian Lover",127,9A,70,2026-06-12,05:19,49,"miami bass, old school hip hop, electro","Electronic, Hip Hop","On the Nile",1984-01-01,92,1,1,48,0,0,-11,E minor,4,6noajkkuZkla4d8E6sYUiY,"Egyptian Empire Records",USLW78466305,no
698,"雨上がり","Niningashi",127,11A,30,2026-06-12,06:08,38,"","","Heavy Way",2024-05-24,62,42,1,69,0,10,-15,F#/G♭ minor,4,5V3orVziFzM4Hy0mXsL3L8,"Time Capsule",GX6EZ2400001,no
699,"Dove (I'll Be Loving You)","Moony",127,10A,79,2026-06-12,04:03,60,"","","Dove (I'll Be Loving You)",2002-06-14,69,0,0,96,0,0,-5,B minor,4,2YCesiSx9IgzW37uDAgtJ9,"Armada Music",GBEUN0200101,no
700,"Makee Ailana","Sonny Chillingworth",127,8B,17,2026-06-12,03:01,11,"","","Waimea Cowboy",1964-06-23,38,93,0,18,0,10,-15,C,4,7EDw6Vx1DhXpbb9XVq3crL,"Lehua Records",US25T9923373,no
701,"Heavy Hearted - Gerd Janson 3AM Remix","The Jungle Giants, Gerd Janson",127,8A,81,2026-06-12,06:41,24,"disco house, indie dance, nu disco","Electronic, Pop","Heavy Hearted 1,2,3,4 AM Remixes",2019-10-11,66,0,23,35,0,10,-8,A minor,4,1SoWvtCESECkJoZnahqfnU,"Amplifire Music",AU3J01900017,no
702,"Atalaia","Guilherme Coutinho, Grupo Stalo",127,10B,50,2026-06-12,03:44,45,"brazilian jazz, bossa nova","Jazz, Latin","Guilherme Coutinho E O Grupo Stalo",1978-00-00,58,20,0,70,0,40,-10,D,4,6Uv34qJvmca0rf0ao7JPk1,"Mr Bongo",GBCLQ2200656,no
703,"Romeo","Basement Jaxx",127,10B,84,2026-06-12,03:37,62,"big beat","Electronic","Rooty",2001-06-25,70,1,0,84,0,10,-4,D,4,4tI7eIbEUfInHS3sxfqkkr,"XL Recordings",GBBKS0100006,no
704,"Blessed State - 2006 Remastered Version","Wire",127,10A,66,2026-06-12,03:28,36,"post-punk, proto-punk, new wave, punk","Pop, Rock","154 (2006 Remastered Version)",1979-09-01,75,75,52,70,0,10,-9,B minor,4,57ETZaC18AsdVfFCGEvFVN,"pinkflag",GBAYE0400750,no
705,"Baby Do It","Buddy Ross & His Pals",127,10A,59,2026-06-12,07:43,4,"","","Get It While You Can",1978-01-23,74,1,10,86,0,10,-11,B minor,4,0Wrj5C6h2SUItsheC2bTHf,"Bud Ross Inc.",QZMEQ2481113,no
706,"You Don't Have One Hope","Operelly",127,4B,45,2026-06-12,02:17,46,"","","You Don't Have One Hope",2025-04-09,78,19,1,70,0,0,-8,G#/A♭,4,50ZJVGTEnnDGwzIctwd5g3,"deadAir",QM24S2501985,no
707,"Ricky - 2017 Remaster","Fleetwood Mac",127,8B,61,2026-06-12,04:26,33,"yacht rock, classic rock, soft rock","Rock, Pop","Tango In the Night (Deluxe Edition)",1987-04-13,87,11,69,83,0,10,-11,C,4,76lg1p3MYHNGc3qDrB9xB8,"Rhino/Warner Records",USRH11602206,no
708,"Nature Makes A Mistake - Original Version","Son of Sam",127,3B,81,2026-06-12,06:23,8,"electroclash, horror punk","Electronic, Rock, Metal","Nature Makes A Mistake",2011-01-24,64,0,89,13,0,40,-9,C♯/D♭,4,1FfcwHaDaQKP31VgHPP61I,"Running Back",DECY51101841,no
709,"My Bell Rings","Operelly",127,1A,67,2026-06-12,02:46,45,"","","My Bell Rings",2022-08-11,70,66,48,42,0,10,-13,G#/A♭ minor,4,3SAb4pHK26ndvTPCedIpBN,"Pseudobulb",QZNWQ2222828,no
710,"Wave Away","Dolly Mixture",127,10B,65,2026-06-12,03:15,26,"jangle pop, riot grrrl, queercore","Pop, Rock","Demonstration Tapes",1983-00-00,46,49,0,40,0,10,-7,D,4,2FXNJ0AEV0U4LZ1sjChNCa,"Spa Green",GBC6E1020021,no
711,"Daddy's Gonna Tell You no Lie - Pt. 2","Sun Ra, Cosmic Rays",127,8B,58,2026-06-12,03:03,1,"free jazz, experimental jazz, jazz, avant-garde, hard bop","Classical, Jazz","The Essential Sun Ra Collection, Vol. 1",2013-00-00,64,83,0,83,0,30,-11,C,4,6UnoRmhVvML3gXUbf7KeBp,"Diamond Days",UK4YS1343346,no
712,"Where Do The Children Play?","Yusuf / Cat Stevens",127,9B,31,2026-06-12,03:51,61,"folk rock, folk, singer-songwriter","Folk, Rock","Tea For The Tillerman (Remastered 2020)",1970-11-23,49,72,0,31,0,10,-14,G,4,7kTmndsuOxGut8Oy85Mn62,"UMC (Universal Music Catalogue)",GBUM71905963,no
713,"I Just Want to Be Your Friend","The Millennium",127,8A,51,2026-06-12,02:37,34,"baroque pop","Classical, Pop","Begin",1968-00-00,47,61,0,68,0,10,-12,A minor,4,4rKpi6H6IFtuBVAdNN3fUe,"Legacy Recordings",USSM16801610,no
714,"Behold These Days (Berlin '74)","Jazzanova",127,4A,50,2026-06-12,03:57,22,"nu jazz, acid jazz, trip hop, jazz funk, downtempo","Jazz, Electronic, R&B, Hip Hop","Belle et Fou (O.S.T.)",2007-01-12,38,8,91,53,0,10,-13,F minor,3,4GWt1uxCayhTBrPAKmncA7,"Sonar Kollektiv",DEP960600216,no
715,"Heroes Of The Conquest","The Invisible Session",127,2A,70,2026-06-12,06:18,5,"nu jazz, ethiopian jazz, acid jazz","Jazz, Electronic","The Invisible Session",2006-00-00,66,15,25,59,0,0,-9,D#/E♭ minor,4,6axR80aeudTuQeDGWZ9jA6,"Schema Records",ITO0P0601009,no
716,"No Bap","LUCKI",127,3B,49,2026-06-12,02:00,64,"cloud rap","Hip Hop","s*x m*ney dr*gs",2023-07-07,91,0,0,8,30,10,-7,C♯/D♭,4,1mSYxiYncRwdKx6cT0bQoP,"Lucki / EMPIRE",USUYG1491455,yes
717,"You Make Loving Fun - 2004 Remaster","Fleetwood Mac",127,6A,59,2026-06-12,03:33,76,"yacht rock, classic rock, soft rock","Rock, Pop","Rumours",1977-02-04,63,1,4,86,0,0,-9,G minor,4,28H3wOEKsaEa8NBEYCLl4j,"Rhino/Warner Records",USWB10400054,no
718,"First Week / Last Week...Carefree","Talking Heads",127,10B,39,2026-06-12,03:21,38,"new wave, post-punk","Pop, Rock","Talking Heads '77",1977-09-16,85,12,0,76,0,10,-16,D,4,2GscQnQSHd0n8GXN0JCej1,"Warner Records",USWB10101182,no
719,"To the Train","Phil Smith",127,11A,10,2026-06-12,03:50,15,"ambient jazz","Easy Listening, Jazz","Tagebuch",2024-08-02,60,58,70,9,0,20,-21,F#/G♭ minor,3,5yuebWddbXHR1mEw0a85h2,"Kit Records",UKB9U2400098,no
720,"We Had Enough","Arnie Love & The Lovelettes",127,8B,77,2026-06-12,05:36,25,"","","Invisible Wind",1980-01-01,79,4,0,96,0,10,-7,C,4,4w7w2DDr2lyEvIVzM3htRe,"Numero Group",USCW60801904,no
721,"Mashed Potato","WITCH",127,12B,85,2026-06-12,04:05,24,"psychedelic rock, stoner rock","Rock","Witch: We Intend to Cause Havoc!",2011-05-22,82,4,38,93,0,10,-9,E,4,3E0tqx7weGc6HGDO4zoEcX,"Now Again Records",US2S71291019,no
722,"Film","Pierre Vassiliu",127,10B,78,2026-06-12,05:37,0,"chanson","Folk, Traditional Music","Face B (1965-1981)",2018-02-02,67,12,0,78,0,10,-7,D,4,41CAfAzMOILg6lggFGezZZ,"Born Bad Records",FROQ11800702,no
723,"Nan Ye Likan","Mac Gregor",127,9B,94,2026-06-12,04:44,28,"afrobeat","R&B, Traditional Music","In Abidjan",2018-05-09,65,24,9,72,0,40,-6,G,4,64kFUlJZ0sXhnG7aWZIKPj,"Hot Casa Records",FR6Z71800194,no
724,"Hagámoslo Juntos","Susana Estrada",127,8A,50,2026-06-12,03:04,0,"italo disco","Electronic, Pop","Amor y Libertad",2012-01-01,84,13,0,96,0,20,-11,A minor,4,0TWZFR8PJNuHUNmECDnMNy,"Sauce",ES5371500135,yes
725,"Transitions","Ween",127,8B,70,2026-06-12,03:45,4,"neo-psychedelic","Rock","Shinola (Vol. 1)",2005-07-15,79,37,61,59,0,0,-7,C,4,2cuFy3rSSl89JbmnjiF12O,"Chocodog Records",USBA60500008,no
726,"That'll Be The Day","Buddy Holly, The Crickets",127,11B,46,2026-06-12,02:16,44,"rockabilly, rock and roll, doo-wop","Pop, R&B, Rock","The  Chirping  Crickets",1957-11-27,62,47,0,90,0,20,-11,A,4,4UcHTV3TjlThmMlZgOG4Kr,"Geffen",USMC15619980,no
727,"Watch My Mum Dance","Mindy Meng Wang 王萌, Sui Zhen",127,9A,35,2026-06-12,04:14,3,"","","Watch My Mum Dance",2023-09-20,48,71,5,36,0,30,-14,E minor,4,08KWEY2KiFVV5uhzGY8zOA,"Music in Exile",QMDA72382184,no
728,"Don't Stop The Dance","Bryan Ferry",127,8A,77,2026-06-12,04:19,67,"glam rock","Rock","Boys And Girls",1985-00-00,72,1,78,98,0,10,-6,A minor,4,2bTe1fvWK8mfjSP6NqXDzU,"Virgin Records",GBAAA9900351,no
729,"Street Life","Roxy Music",127,5B,99,2026-06-12,03:29,39,"glam rock, art rock","Rock","Stranded",1973-11-01,49,10,26,32,10,90,-5,D#/E♭,4,7ukBeymdmgSQM4YyegpTao,"EG Records",GBAAA9900196,no
730,"Way Star","Rubba, De Wolfe Music",127,5A,22,2026-06-12,03:51,43,"","","In Motion",1978-05-08,48,55,80,4,0,10,-18,C minor,4,67OvIrbWNP8bK7e5EUivw1,"De Wolfe Ltd",UKATG2100086,no
731,"Part Past Part Fiction","The Chills",127,8B,61,2026-06-12,02:56,24,"jangle pop","Pop, Rock","Submarine Bells",1990-00-00,60,19,0,91,0,20,-12,C,4,2jBsnNB3NtfqlpLtWFFghr,"Rhino/Slash",USRH10802285,no
732,"Get It On","T. Rex",127,10A,88,2026-06-12,04:22,72,"glam rock, proto-punk","Rock","Electric Warrior",1971-09-24,73,18,86,91,0,60,-7,B minor,4,0LoQuiekvzqx7n8flgEKzF,"Universal Music Group International",GBCHM7100038,no
733,"Oscura Primavera","CAN",127,11B,40,2026-06-12,03:19,18,"krautrock, space rock, progressive rock, experimental, psychedelic rock, art rock, proto-punk","Rock, Classical, Electronic","The Lost Tapes",2013-10-01,37,59,77,15,0,0,-13,A,4,1ikoY1wYKAqte0ybvwlf38,"Spoon Records",DEX171225508,no
734,"Flying High","Country Joe & The Fish",127,9B,42,2026-06-12,02:41,43,"psychedelic rock, acid rock","Rock","Electric Music For The Mind And Body",1967-00-00,59,43,0,80,0,60,-15,G,4,5v0ibjQegpYdMUGL95dI1a,"Vanguard Records",USVG28706889,no
735,"Picture Me Gone","Evie Sands",127,8B,72,2026-06-12,03:17,33,"northern soul","R&B","The Complete Recordings 1966-1968",1967-01-01,48,50,0,22,0,0,-4,C,4,3oFBlIgQykPxtLOGdGg4a7,"ABKCO Music & Records",USA170840050,no
736,"This Here Giraffe","The Flaming Lips, Peter Mokran",127,11B,76,2026-06-12,03:48,3,"neo-psychedelic","Rock","VOID [Video Overview In Deceleration] [Music]",2005-08-23,42,1,0,81,0,30,-10,A,4,7ce0ZikjB7vDPSTsDEP4fe,"Warner Records",USWB19500396,no
737,"Next Time Might Be Your Time"," Blue  Gene Tyranny",127,10A,56,2026-06-12,08:06,34,"art pop, avant-garde","Pop, Classical, Jazz","Out of the Blue (40th Anniversary Remaster)",2019-03-22,42,68,5,73,0,10,-10,B minor,4,0sOAiBJ8XL8Vsh4C4EgRNV,"Unseen Worlds",USVML0701001,no
738,"Get Down Over","The La's",127,4B,66,2026-06-12,02:40,7,"britpop, jangle pop","Pop, Rock","Lost La's 1984-1986 Breakloose",1999-00-00,74,55,0,62,0,20,-12,G#/A♭,4,72Jb8ylLHtuyxidYpg81B8,"The Viper Label",GBKYW9902008,no
739,"Over You","Roxy Music",127,10B,79,2026-06-12,03:27,52,"glam rock, art rock","Rock","Flesh And Blood",1980-06-01,57,0,6,72,0,40,-5,D,4,3FUgeEAXmITQys2lwVhU2Y,"EMI (Virgin)",GBAAA9900107,no
740,"Thinking of You","Jeremiah R.",127,2B,47,2026-06-12,04:32,1,"","","Far Away from Everything",2019-05-31,72,1,90,39,0,10,-14,F#/G♭,4,1DBXsIKmoUZoj1pV1QoxZZ,"Voodoo Gold Records",NLL561908287,no
741,"En häst utan namn","Family Four",127,10A,49,2026-06-12,03:33,29,"dansband, schlager","Pop, Easy Listening","Picknick",1972-00-00,60,69,0,85,0,40,-9,B minor,4,2h66ji2THW6PVAMkCIraX9,"WM Sweden",SEPQA1101176,no
742,"Dancing in Outer Space","Atmosfear",127,9B,64,2026-06-12,09:35,28,"jazz funk, post-disco","Jazz, R&B, Pop","En Trance",1981-00-00,69,0,32,58,10,20,-10,G,4,71sJ9iflPke6FTrwGhnOUw,"Mr Bongo",GBCLQ1000145,no
743,"Starlight - Dub Version","The Supermen Lovers, Mani Hoffman",127,8B,57,2026-06-12,08:50,0,"french house","Electronic","Starlight",2001-01-01,76,0,7,40,0,20,-6,C,4,2x9r2c229qzO4sMI68cR2d,"Lafessé Records",FR48U0000012,no
744,"Contact","Kelela",127,11A,82,2026-06-12,04:00,57,"alternative r&b","Pop, R&B","Raven",2023-02-10,72,39,13,74,0,0,-9,F#/G♭ minor,4,6RlczF1bVrcf4f65qaXuoA,"Warp Records",GBBPW2200067,no
745,"Share A Little Love In Your Heart","Love Unlimited",127,7A,46,2026-06-12,05:53,16,"philly soul","R&B","In Heat",1974-01-01,54,61,16,28,0,40,-10,D minor,3,4RnNIz0w4mVXWPqNN8kxh5,"Island Def Jam",GBFWU0300040,no
746,"Op Hop Detonation","Stereolab",127,12A,75,2026-06-12,03:32,30,"art pop, krautrock, neo-psychedelic, post-rock","Pop, Electronic, Rock","Cobra And Phases Group Play Voltage In The Milky Night (Expanded Edition)",1999-00-00,70,4,0,93,0,10,-8,C♯/D♭ minor,4,4FZS47rNglpUDvAEDYBFmn,"Duophonic / Warp Records",USEE19900393,no
747,"Everywhere I'll Ever Be","ELIZA",127,11A,25,2026-06-12,06:17,0,"alternative r&b, neo soul, uk r&b","Pop, R&B, Hip Hop","Everywhere I'll Ever Be",2022-07-13,80,41,69,74,0,0,-12,F#/G♭ minor,4,3lke7IFyrfjEtXIvPrAeQF,"Different Recordings",GBENL2203217,yes
748,"I Haven't Got The Nerve","The Left Banke",127,9A,83,2026-06-12,02:16,24,"baroque pop","Classical, Pop","Walk Away Renée/Pretty Ballerina",1967-02-01,61,69,0,96,0,10,-10,E minor,4,5GRbqyjRbelMyyCaks7hSX,"Mercury Records",USIR20200099,no
749,"XTC","AceMo, Lord RAJA",127,2B,84,2026-06-12,06:09,4,"lo-fi house","Electronic","XTC/FNTSY",2022-04-08,63,4,5,41,0,10,-11,F#/G♭,4,6Uk2dbRVdVcpPbBDaZlNX5,"Sonic Messengers",USYBL2200677,no
750,"All I Can Say","Love Joys",127,11A,62,2026-06-12,08:32,35,"lovers rock, roots reggae, dub, rocksteady, reggae","Electronic, Reggae","Lovers Rock / Showcase",1983-00-00,87,0,4,79,0,0,-8,F#/G♭ minor,4,7Kt6ff860Z1lAxKp843ZVO,"Wackies",DEW250201007,no
751,"Reverie","Chas Jankel",127,5B,3,2026-06-12,03:50,0,"post-disco","Pop, R&B","Chas Jankel",1980-01-01,40,99,84,13,0,10,-22,D#/E♭,4,1DArw4DFpjbz6o0t2T6ehM,"CJ Records",GB5BZ2000009,no
752,"HALCYON + ON + ON","Orbital",127,10A,73,2026-06-12,09:27,65,"idm, big beat, acid house, breakbeat","Electronic","Orbital 2",1993-01-01,58,10,93,18,0,10,-14,B minor,4,5xcunlfaZvD9BDQsLONI7A,"London Records (Because Ltd)",GBAAP9500471,no
753,"Cars - Demo Version 2","Gary Numan",127,10B,55,2026-06-12,03:14,8,"new wave, synthpop, post-punk","Pop, Rock, Electronic","The Pleasure Principle - The First Recordings",1979-09-07,64,2,4,81,0,0,-11,D,4,51SuBC1W6rQXodDjPjUj7c,"Beggars Banquet",GBAZP0900021,no
754,"Kanti Dadum","Spike",127,9A,65,2026-06-12,03:11,14,"","","Orange Cloud Nine",2012-01-01,69,28,0,83,0,30,-8,E minor,4,2NgAmIBBaxCYwe100H0yI9,"Golf Channel Recordings",USXCR1200082,no
755,"Wicked","Juls, kadiata, Knucks, Sam Wise",127,3B,70,2026-06-12,03:09,35,"alté, afrobeats, afroswing, afrobeat, afropop, afro r&b, afro soul, azonto, uk r&b, uk drill, grime, uk grime, drill","R&B, Traditional Music, Pop, Hip Hop, Electronic","Wicked",2021-07-23,92,15,0,59,10,10,-8,C♯/D♭,4,5Gf30Ezykm4MhgzvaPL2Ei,"LOF COLLECTIVE",QMBZ92193395,yes
756,"Send It On","D'Angelo",127,7B,26,2026-06-12,05:56,63,"neo soul","R&B","Voodoo",2000-01-01,79,17,1,34,10,30,-12,F,3,5LIwaG8Wl9LfExcmiRQm7J,"Virgin Records",USVI29900230,no
757,"If Anything","John Glacier",127,4A,63,2026-06-12,02:40,0,"experimental hip hop","Hip Hop","SHILOH: Lost For Words",2021-07-30,35,5,0,49,20,20,-9,F minor,5,0ATLJeBNMpi3C1d5gF9VtG,"PLZ Make It Ruins",GB5P52100081,no
758,"Waters Of March (Aguas De Marco)","Antônio Carlos Jobim",127,1B,36,2026-06-12,03:55,25,"bossa nova, brazilian jazz, mpb, latin jazz","Jazz, Latin","Jobim",1973-01-01,69,68,0,82,0,10,-13,B,4,1cFbvkx11qWqarqX0yUn0K,"Verve",USMC17201747,no
759,"Excellent Egg [127 BPM]","Vegyn",127,5A,57,2026-06-12,01:47,0,"idm, experimental hip hop","Hip Hop, Electronic","Don't Follow Me Because I'm Lost Too!!",2022-01-26,60,94,92,5,0,10,-13,C minor,4,5j1odfjIZd5O9qAqOxO0sW,"PLZ Make It Ruins",GB5P52200042,no
760,"Lady Cab Driver / I Wanna Be Your Lover / Head / Little Red Corvette - Tour Demo","Prince",127,10B,59,2026-06-12,06:59,14,"funk rock, funk","R&B, Rock","1999 (Super Deluxe Edition)",2019-11-29,75,1,2,66,0,10,-10,D,4,3ueP26tOdjeb0i5BLjHEeg,"Warner Records",USRH11902914,no
761,"Sweetheart Contract - Remastered 2007","Magazine",127,11B,88,2026-06-12,03:20,25,"post-punk, new wave, proto-punk, madchester, gothic rock","Rock, Pop","The Correct Use Of Soap",1980-00-00,68,1,4,97,0,40,-10,A,4,6CqF9SxtBzT8mBYBjtQvYy,"Virgin Catalogue",GBAAA0700234,no
762,"Quand Tu Souris","Paradis",127,9A,46,2026-06-12,05:02,45,"french indie pop, french house, french pop","Electronic, Pop","Recto Verso",2016-09-23,68,10,13,63,0,0,-11,E minor,4,28TU5QBtimczFlllih8vE8,"Universal Music Division Barclay",FRUM71600355,no
763,"Sheffield: Sex City","Pulp, Jarvis Cocker, Steve Mackey",127,10A,50,2026-06-12,08:32,22,"britpop, madchester","Pop, Rock","Intro: The Gift Recordings",1993-01-01,58,0,0,32,20,20,-15,B minor,4,739RxSjbwN7hWc1HMeK7yd,"Universal-Island Records Ltd.",GBAAN9200006,no
764,"My Ever Changing Moods","The Style Council",127,1B,41,2026-06-12,03:37,53,"new romantic, new wave, new wave pop, sophisti-pop","Pop, Rock","Cafe Bleu",1984-01-01,54,86,0,44,0,10,-8,B,4,4vk81xgPsTv0auIZh0cvGK,"Polydor Records",GBAKW8400003,no
765,"Gist","Algebra Suicide",127,9B,24,2026-06-12,02:26,10,"cold wave, spoken word, post-punk","Electronic, Rock, Easy Listening","The Secret Like Crazy",1987-01-01,70,37,85,90,0,10,-20,G,4,5rWXGHF78d3yBILYKHcUmn,"Algebra Suicide",usy280703605,no
766,"Seabird","Innovations",127,5B,54,2026-06-12,03:07,64,"","","Seabird",1977-00-00,43,59,0,26,0,10,-12,D#/E♭,4,4l38jp3bDPcI5avo9ov482,"MAG",US6R21368723,no
767,"I Thought It Was You - 12'' Mix","Sex-O-Sonique",127,11B,84,2026-06-12,06:43,37,"disco house, funky house, nu disco","Electronic, Pop","I Thought It Was You",2021-05-19,67,2,2,69,0,30,-7,A,4,2iCLjZWk2FkqIRmGVyCBeQ,"London Records (Because Ltd)",GBAMY9700329,no
768,"Not Bound To Lose","Dave Plaehn",127,9B,57,2026-06-12,03:09,0,"aor, yacht rock","Rock, Pop","Dave Plaehn: Early Years",2011-02-15,61,25,0,97,0,0,-14,G,4,3OCGTIGdnqdQUoPc5Kg8gC,"Pilot",usx9p1067741,no
769,"Oh My Gosh - Franky Rizardo Remix - Edit","Basement Jaxx, Vula Malinga, Franky Rizardo",127,3A,77,2026-06-12,04:43,10,"big beat, house, tech house","Electronic","Jaxx Classics Remixed",2020-04-22,76,0,34,47,0,0,-8,A#/B♭ minor,4,7HMI64ajIwmq3aiPIsHEHe,"XL Recordings",GBBKS2000080,no
770,"Tessa on a Magazine","Jim Huxley, Anthology Recordings",126,10A,41,2026-06-12,03:04,17,"","","Maybe I'm Dreaming",2025-08-01,87,78,52,84,0,10,-14,B minor,4,2gR1B68h6xu4EAnRJoyjCk,"Anthology Recordings",QMV8L2413802,no
771,"Let's Make Out","RIP Swirl, Ydegirl",126,1A,81,2026-06-12,02:08,37,"shoegaze","Rock","Emo Regulation",2025-05-16,61,4,0,24,0,30,-9,G#/A♭ minor,4,7hN4YIZXhPSIwwQrvTrYRq,"In Real Life Music",SE5AJ2201911,no
772,"Cybele's Reverie","Stereolab",126,7A,77,2026-06-12,04:42,45,"art pop, krautrock, neo-psychedelic, post-rock","Pop, Electronic, Rock","Emperor Tomato Ketchup (Expanded Edition)",1996-00-00,32,2,9,67,0,30,-7,D minor,4,0atchYBOarx9klLwbqKeaR,"Duophonic / Warp Records",USEE10000897,no
773,"Away From It All","Jerry & the Catalinas",126,7A,64,2026-06-12,01:54,13,"exotica","Easy Listening","The Arabian Night b/w Away From It All",1964-01-01,73,18,10,77,0,20,-5,D minor,4,6RdlAi85EvErsNjwUvZlTX,"Numero Group",USCW62349501,no
774,"It's My Life","Talk Talk",126,8B,91,2026-06-12,03:53,53,"new wave, synthpop","Pop, Rock, Electronic","Natural History - The Very Best of Talk Talk",1990-05-21,60,7,53,83,0,40,-4,C,4,4WN8TLWVCzuLcOeoLSiFUw,"Parlophone UK",GBAYE8400109,no
775,"Sökandet","Roger Ekman",126,12B,9,2026-06-12,03:31,6,"","","Ångest",2025-09-26,73,92,1,31,0,0,-22,E,4,4erWkZv65YgdBU1XdF1w3D,"BBE Music",GBEQT2400171,no
776,"Private Road","Bent",126,10B,64,2026-06-12,04:00,47,"trip hop, downtempo","Electronic, Hip Hop","Best of (Deluxe Edition)",2023-04-11,57,2,2,27,0,30,-9,D,4,06Fora692aYFlELT7HQcl2,"Godlike & Electric Entertainment LLC",GBNMC0900046,no
777,"Lunar Nova","Red Rhodes",126,10B,30,2026-06-12,03:49,6,"ambient folk","Electronic, Folk","Steel Guitar (2021 Remaster from the Original Alshire Tapes)",1979-01-01,50,61,83,30,0,10,-15,D,4,2leLfo4qQ5utnqY5n9ZOI3,"Alshire",CAM460439481,no
778,"Hollywood","Madonna",126,10A,58,2026-06-12,04:22,56,"dance pop, pop","Electronic, Pop","American Life",2003-04-22,64,5,0,62,0,20,-7,B minor,4,4ixxz1GXB57Q6K2nbR4AwL,"Warner Records/Maverick",USWB10300530,no
779,"Why You Wanna Treat Me so Bad?","Prince",126,2B,43,2026-06-12,03:50,42,"funk rock, funk","R&B, Rock","Prince",1979-10-19,70,14,0,89,0,20,-11,F#/G♭,4,57DZno6SOk5AjBYkoGbgJA,"Warner Records",USWB19903186,no
780,"Hurtin’ Kind","The Bittersweets",126,5B,60,2026-06-12,02:21,25,"garage rock, proto-punk","Rock","Girls in the Garage, Vol. 1",2018-07-13,56,31,0,78,0,20,-9,D#/E♭,4,5T1HJJsNyMYB9Mmb2qYo6h,"Past & Present",CYA1E2000788,no
781,"Chick Ricks House Theme","Soul Invaders",126,2B,79,2026-06-12,03:26,12,"","","Give Me Your Love Today b/w Chick Ricks House Theme",2021-05-11,77,20,28,96,0,0,-8,F#/G♭,4,73sU5JIlOQIY1rk99373NF,"Numero Group",USCW62155402,no
782,"Don't Stop","Free Love",126,8B,61,2026-06-12,02:56,0,"","","Inside",2023-02-24,71,14,80,56,0,10,-8,C,4,03M7tiLLciaoXx2AEtFgip,"Lost Map Records",GBZDN2200095,no
783,"Sea Anemone","The Naenae Express",126,5B,85,2026-06-12,02:21,7,"","","The Naenae Express Extended Player",2015-12-17,65,10,0,89,0,0,-7,D#/E♭,4,2YqON8KqDktsl1fCL6bV2R,"1112573 Records DK",QZFYX2080881,no
784,"Ready To Go Home - Terry Farley, Wade Teo Remix","Primal Scream, Terry Farley, Wade Teo",126,11B,91,2026-06-12,06:01,6,"madchester, britpop, alternative dance, uk funky","Electronic, Pop, Rock","Ready To Go Home",2024-09-24,64,1,0,37,0,10,-7,A,4,5cS0kBwQJn6klF3dTiHNWB,"BMG Rights Management (UK) Ltd.",GB5KW2402190,no
785,"Goodbye Girls","Broadcast",126,12B,56,2026-06-12,03:08,33,"dream pop, neo-psychedelic","Pop, Rock","Tender Buttons",2005-09-19,39,22,42,59,0,20,-9,E,4,4FDu6n1fAwcrteMEs69MeB,"Warp Records",GBBPW0500082,no
786,"All the People I Like and Those That are Dead","Felt",126,8B,68,2026-06-12,05:12,30,"jangle pop, post-punk","Pop, Rock","Forever Breathes the Lonely Word",1986-01-01,29,4,50,39,0,30,-11,C,4,2CRFPAotDIOggr9FkzXabe,"Cherry Red Records",GBBLY0607440,no
787,"Sloop John B","The Beach Boys",126,4B,69,2026-06-12,02:59,60,"baroque pop","Classical, Pop","Pet Sounds",1966-05-16,62,14,0,94,0,0,-7,G#/A♭,4,72fAewq2UVWSf3RjtqICdS,"Capitol Records",USCA29600669,no
788,"11th Dimension","Julian Casablancas",126,11A,93,2026-06-12,04:03,58,"","","Phrazes For The Young",2009-10-30,57,0,2,37,0,10,-3,F#/G♭ minor,4,6i99ThziImjuFABb8rUQvy,"RCA Records Label",USRC10900512,no
789,"Friends - Remastered 2001","The Beach Boys",126,10B,36,2026-06-12,02:33,33,"baroque pop","Classical, Pop","Friends (Remastered)",1968-06-24,54,31,0,64,0,10,-10,D,3,0vKTQKH82qOthIyP4L9Tk9,"Capitol Records",USCA20100300,no
790,"Morgengruss II","Popol Vuh",126,12B,30,2026-06-12,02:55,40,"krautrock, space rock, progressive rock, ambient, experimental jazz","Electronic, New Age, Jazz, Rock","Aguirre",1975-01-01,35,89,87,11,0,10,-14,E,4,70kbiBz4rvdlEwuufZiuC5,"Cherry Red Records",DEA450524400,no
791,"Purgatory Game","EDWIN R STEVENS",126,12B,61,2026-06-12,04:18,7,"","","God On All Fours",2023-11-10,45,25,73,47,0,20,-10,E,3,7xK8abxfhW1EVRevCMqCy5,"Ankstmusik",GBCSH2317007,no
792,"Daddy's Gonna Tell You No Lie","Red Hot Org, Laraaji, Kronos Quartet, Sun Ra",126,7B,44,2026-06-12,05:35,8,"ambient, new age, drone, minimalism, contemporary classical, avant-garde, free jazz, experimental jazz, jazz, hard bop","Electronic, New Age, Classical, Jazz","Daddy's Gonna Tell You No Lie",2024-04-23,51,87,89,47,0,20,-15,F,4,4M1Iimu6cDaLN1fFZ2ex0R,"Red Hot Organization",USA2B2401182,no
793,"Clockwork Train","The Brotherhood Of Lizards",126,10A,90,2026-06-12,03:21,8,"jangle pop, power pop, neo-psychedelic","Pop, Rock","Lizardland: The Complete Works",2016-08-19,74,16,0,90,0,10,-5,B minor,4,0hOxphnWLkBgr44EJZ5jza,"Mr Mule",QMMZN1601123,no
794,"Dencity - Urban Tribe Mix","Trans-4M",126,6A,77,2026-06-12,06:58,7,"idm","Electronic","Sublunar Oracles Remixes",2021-10-08,74,1,90,52,0,10,-10,G minor,4,31763YJBFGTHRlTXm0Pm7z,"Safe Trip",NLK5V2100009,no
795,"In the Morning","The Coral",126,11A,78,2026-06-12,02:32,57,"britpop","Pop, Rock","The Invisible Invasion",2005-05-23,64,3,0,97,0,0,-6,F#/G♭ minor,4,3q7D4kfMcju2alVibiUAcz,"Sony Music UK",GBETG0500013,no
796,"Daddy's Gonna Tell You No Lie","Red Hot Org, Laraaji, Kronos Quartet, Sun Ra",126,7B,44,2026-06-12,05:35,44,"ambient, new age, drone, minimalism, contemporary classical, avant-garde, free jazz, experimental jazz, jazz, hard bop","Electronic, New Age, Classical, Jazz","Outer Spaceways Incorporated - Kronos Quartet & Friends Meet Sun Ra",2024-06-21,51,87,89,47,0,20,-15,F,4,25w1nwtRPI5ozR13AH7E5O,"Red Hot Organization",USA2B2401182,no
797,"Naini's Call","ddwy",126,12B,64,2026-06-12,06:55,19,"","","Sprig Songs",2023-10-27,70,56,87,44,0,30,-14,E,4,2KI2fI3aggHeBM4PGyWLvE,"Public Possession",DEVH21800606,no
798,"4 You","John Merci",126,11A,66,2026-06-12,01:20,30,"","","4 You",2024-06-21,78,0,81,73,0,0,-10,F#/G♭ minor,4,3teWsImqguVZrpsUoJzNL7,"7170891 Records DK2",QZNWX2465036,no
799,"YOU","John Merci",126,10B,49,2026-06-12,01:18,0,"","","YOU",2024-06-12,79,39,74,4,20,10,-11,D,4,10fcsymFQLQsX2INf5drCL,"7170891 Records DK2",QZNWV2407456,no
800,"Your Love is Such a Good Thing","Avalanche",126,8A,85,2026-06-12,04:22,5,"","","Nowhere Like Here",2023-05-26,76,35,0,87,10,10,-8,A minor,4,7Kd7PN8S2qLrQZqujK7epq,"Emotional Rescue",QM7282313026,no
801,"When It's All Right","Blackfoot",126,3B,72,2026-06-12,03:08,18,"","","Millie",1976-01-01,79,95,88,83,0,10,-11,C♯/D♭,4,3MhvPirQjGctV2Y5dnCKS2,"Zambia Music Parlour",ZAHZA2200084,no
802,"I Like Rain","The Jean Paul Sartre Experience",126,11B,80,2026-06-12,04:02,0,"jangle pop","Pop, Rock","I Like Rain / Fish in the Sea",2015-03-31,68,79,2,83,0,10,-9,A,4,7AwEYHIQv2aB2LpaR0k8EJ,"Fire Records",QM6MZ1502278,yes
803,"You Feelin' Me?","Mikey Young",126,9A,47,2026-06-12,03:40,12,"krautrock","Electronic, Rock","You Feelin' Me?",2019-08-30,53,91,93,51,0,0,-14,E minor,4,5VVwTQyn67Iyhlt16Gacz6,"Castle Face",USA2Z1901012,no
804,"Cleo","Shygirl",126,1A,61,2026-06-12,03:49,43,"hyperpop","Electronic, Pop","Cleo",2021-10-26,57,2,1,18,0,10,-8,G#/A♭ minor,4,329bGHOHCK2HFuTkrVvJKQ,"Because Music Ltd.",GBMVH2100830,no
805,"Naini's Call","ddwy",126,12B,64,2026-06-12,06:55,4,"","","Naini's Call",2023-09-27,70,56,87,44,0,30,-14,E,4,2JAGv14pMiwdaVvO7gv2eD,"Public Possession",DEVH21800606,no
806,"Jah Can Count on I","Little Roy",126,6A,54,2026-06-12,03:02,0,"rocksteady, reggae, roots reggae, dub","Electronic, Reggae","Johnny Was Original Motion Picture Soundtrack, Vol. 1. (Reggae from the Film)",2007-03-20,78,17,0,64,30,10,-9,G minor,4,3wyzPD3gyB2yVvskbKRMk4,"Ben Katz Music",TCAAT1060026,no
807,"Stop the World for a Day","The Twilights",126,11B,52,2026-06-12,03:20,0,"baroque pop, doo-wop, psychedelic rock","Classical, Pop, R&B, Rock","Once Upon a Twilight (Remastered)",1968-00-00,63,14,0,45,0,10,-8,A,4,63wR7kKMM51G6SBvLC8r4H,"Rocket Group Pty Ltd",AU3O01401225,no
808,"Cybele's Reverie","Stereolab",126,7A,80,2026-06-12,04:42,0,"art pop, krautrock, neo-psychedelic, post-rock","Pop, Electronic, Rock","Emperor Tomato Ketchup (Expanded Edition)",1996-00-00,32,2,14,67,0,20,-6,D minor,4,3UYcP20NDjJaR3zcR4ZUBm,"Duophonic / Warp Records",USEE10000897,no
809,"Sunrays","The Other People Place",126,1B,47,2026-06-12,08:15,0,"idm","Electronic","Lifestyles Of The Laptop Café",2001-09-03,92,17,83,94,20,0,-12,B,4,46NmN9EgRufJgORAihnwWG,"Warp Records",GBBPW0100091,no
810,"La Balsa","Los Gatos",126,1B,61,2026-06-12,02:56,48,"argentine rock, latin rock","Rock, Latin","Los Gatos",1967-02-13,51,40,0,65,0,10,-5,B,4,4J2xMy0kakU9sAin1uppxb,"RCA Victor",ARF036700025,no
811,"Anything Could Happen","The Clean",126,12B,54,2026-06-12,02:37,0,"jangle pop","Pop, Rock","Compilation",1986-01-01,62,33,84,96,0,20,-13,E,4,7p6nk4JQDZjJHxizpz94MX,"Merge Records",USMRG2073604,no
812,"Love My Way","The Psychedelic Furs",126,8B,85,2026-06-12,03:33,71,"new wave, post-punk","Pop, Rock","Forever Now",1982-00-00,64,0,0,52,0,10,-5,C,4,4dk40nfaQav6b4ZsJ9OYUo,"Columbia",GBBBN0102488,no
813,"Feel so Good Inside - Extended Waxist Edit Mix","Lamar Thomas, Waxist",126,3B,79,2026-06-12,06:48,31,"disco","Pop","Feel so Good Inside",1980-00-00,84,9,1,86,0,10,-8,C♯/D♭,4,283Y6HOAcf48dWvtpMgVXi,"Favorite Recordings",US7Z28000001,no
814,"Let's Make Out","RIP Swirl, Ydegirl",126,1A,81,2026-06-12,02:08,27,"shoegaze","Rock","RIFT Two",2023-01-27,61,4,0,24,0,30,-9,G#/A♭ minor,4,5Hgt6L5q65GHX05Xbi2V0q,"YEAR0001",SE5AJ2201911,no
815,"Snakes Crawl","Bush Tetras",126,11B,68,2026-06-12,03:36,22,"post-punk, riot grrrl","Rock","Boom in the Night",1995-01-01,67,0,28,74,0,0,-8,A,4,1WRdxT66PYINkpVp03ZHWe,"Wharf Cat Records",US29V0421804,no
816,"How Bad I Want Ya","Stacy Kidd, Peven Everett",126,3B,70,2026-06-12,08:53,22,"chicago house, funky house, jazz house, disco house, uk garage, uk funky","Electronic, Jazz","Brenda",2017-09-15,83,0,15,82,10,0,-8,C♯/D♭,4,52QMFAKp4xy8AAldspYJDH,"House 4 Life Records",CACWV1771370,no
817,"London Town (feat. A$AP Rocky, A$AP Ant & Playboi Carti)","A$AP Mob, A$AP Rocky, A$AP ANT, Playboi Carti",126,8A,61,2026-06-12,02:42,44,"rap, cloud rap, rage rap","Hip Hop","Cozy Tapes: Vol. 1 Friends -",2016-10-31,62,33,0,53,30,10,-8,A minor,4,73ZaCmh5nzvBzbhREnQvcB,"A$AP Worldwide/Polo Grounds Music",USRC11602556,yes
818,"jack anderson","Luis",126,3B,89,2026-06-12,06:03,8,"idm","Electronic","057 (Schwyn)",2022-06-17,67,3,73,18,0,0,-7,C♯/D♭,4,0CPcFbRHUOVpBQeAggFEQO,"AD 93",DEG932201577,no
819,"It's My Life - 1997 Remaster","Talk Talk",126,8B,80,2026-06-12,03:52,76,"new wave, synthpop","Pop, Rock, Electronic","It's My Life",1984-00-00,63,20,78,87,0,40,-8,C,4,4jhsuQCUCJKA5f0bXb6XdJ,"Parlophone UK",GBAYE9700491,no
820,"Location","Playboi Carti",126,1B,79,2026-06-12,02:48,80,"rage rap","Hip Hop","Playboi Carti",2017-04-14,72,33,0,37,20,50,-4,B,4,3yk7PJnryiJ8mAPqsrujzf,"AWGE Label",USUM71616271,yes
821,"Life's A Gas","T. Rex",126,9B,48,2026-06-12,02:23,47,"glam rock, proto-punk","Rock","Electric Warrior",1971-09-24,61,22,0,84,0,10,-9,G,4,0D2lE9pdfepfEcUWds1Sst,"Universal Music Group International",GBCHM7100058,no
822,"African and White (Live)","China Crisis",126,12B,71,2026-06-12,04:34,2,"new wave, synthpop","Pop, Rock, Electronic","Greatest Hits Live",2019-11-29,54,49,0,87,10,60,-9,E,4,3rhRvQ7IOTrSLFyFzxpAhJ,"Secret Records",GBFDB1201288,no
823,"African And White","China Crisis",126,1B,37,2026-06-12,03:46,34,"new wave, synthpop","Pop, Rock, Electronic","Difficult Shapes And Passive Rhythms Some People Think It's Fun To Entertain",1982-01-01,84,8,15,96,10,0,-18,B,4,5ixU9FnIHpdDcTiAGVuVkC,"Virgin Catalogue",GBAAA8100196,no
824,"Children of the Ghetto","Philip Bailey",126,9A,35,2026-06-12,06:49,35,"yacht rock","Pop, Rock","Chinese Wall (Expanded Edition)",1984-10-01,70,52,2,36,0,10,-11,E minor,4,0heIVyJMYJUvj1KC8XST3X,"Columbia/Legacy",USSM18400797,no
825,"Rannan Usvassa","Sepi Kuu",126,8B,21,2026-06-12,02:18,1,"musique concrète","","Rannan Usvassa",1980-00-00,63,0,89,19,0,10,-17,C,4,2xw42s0u5FHEzqJ3oiKDOz,"Rocket",FIRCR1500204,no
826,"It's Your Love","The Other People Place",126,11A,26,2026-06-12,07:31,0,"idm","Electronic","Lifestyles Of The Laptop Café",2001-09-03,81,1,88,85,10,0,-14,F#/G♭ minor,4,0Yxvhep05R6vGjRRXxDgYK,"Warp Records",GBBPW0100093,no
827,"Mother Nature's Bitch","Okay Kaya",126,4A,59,2026-06-12,01:33,52,"art pop","Pop","Watch This Liquid Pour Itself",2020-01-24,73,18,58,75,0,20,-10,F minor,4,3vy3ld7my2hDUTv4u7KIJR,"Jagjaguwar",US38Y1935209,no
828,"Settle For My Love","Patrice Rushen",126,1A,39,2026-06-12,05:15,33,"post-disco, jazz funk, disco, funk","Pop, R&B, Jazz","Pizzazz",2017-12-06,69,70,0,47,0,0,-14,G#/A♭ minor,4,4QCCDd71NAygvMG3CzVDjT,"Strut",USEE10183676,no
829,"British Warm","Normil Hawaiians",126,10A,71,2026-06-12,09:21,12,"post-punk","Rock","More Wealth Than Money (Bonus Track Edition)",2017-12-01,32,2,3,22,0,0,-9,B minor,4,0y1R01Wz0pmYyYaY6tHzoS,"Upset The Rhythm",GBVCE1796002,no
830,"YYeah SSounding NNice [160 BPM]","Vegyn",126,2A,47,2026-06-12,01:36,0,"idm, experimental hip hop","Hip Hop, Electronic","Don't Follow Me Because I'm Lost Too!!",2022-01-26,83,0,57,22,0,10,-10,D#/E♭ minor,4,5SIqnypwJ4JqPKu8pGdaEF,"PLZ Make It Ruins",GB5P52200097,no
831,"I LIKE IT IT LIT [125.858 BPM]","Vegyn",126,2B,44,2026-06-12,02:41,0,"idm, experimental hip hop","Hip Hop, Electronic","Don't Follow Me Because I'm Lost Too!!",2022-01-26,53,83,1,4,0,0,-11,F#/G♭,4,2bLub1pdTqXbkH1KoKHztG,"PLZ Make It Ruins",GB5P52200052,no
832,"Show Me The Way","DJ Sneak",126,6B,80,2026-06-12,07:33,24,"chicago house, disco house, acid house, funky house, french house","Electronic","Polyester (The Complete Story)",1995-01-05,77,0,89,44,0,20,-9,A#/B♭,4,4H5imhKY2PenRTE8tcL6he,"Henry Street Music",USRK31200060,no
833,"Supermodel (You Better Work)","RuPaul",126,9B,56,2026-06-12,03:59,56,"ballroom vogue","Electronic, Pop","Supermodel of the World",1993-06-08,79,2,0,59,0,40,-11,G,4,36Rpz4MZQhGknLEmTmHr8v,"Tommy Boy Music, LLC",USRH10450886,no
834,"Plain Song","Chris Spedding",126,10B,32,2026-06-12,04:46,0,"rockabilly, glam rock, power pop","Rock, Pop","The Albums 1970-1980",2020-06-08,44,86,80,40,0,10,-14,D,1,6oi28BJonhQzvOns8KVQ84,"Warner Music Group - X5 Music Group",GBAYE1500105,no
835,"Getting Away with It - 2013 Remaster","Electronic",126,7B,75,2026-06-12,05:14,55,"madchester, synthpop, alternative dance, new wave, britpop","Electronic, Pop, Rock","Electronic (Special Edition)",1991-00-00,60,0,0,62,0,10,-7,F,4,1cZcQDZzx940vWz9PFRY20,"Parlophone UK",GBCBN1200005,no
836,"The Breakup Suite","Duster",126,4A,46,2026-06-12,03:20,53,"slowcore, shoegaze","Rock","Contemporary Movement",2000-08-22,39,65,75,20,0,10,-9,F minor,4,3kXKHXZmaw57l7gu4Rn11x,"Numero Group",US68F0509109,no
837,"Wait and See - Cgs","The Honeymoon Killers, Les tueurs de la lune de miel",126,9B,73,2026-06-12,03:35,18,"post-punk","Rock","The Honeymoon Killers",1981-01-01,79,11,2,97,0,0,-9,G,4,3j2egXfNrTSO588md6Rym2,"La Bascule",BE6F50300350,no
838,"Here Comes the Moon","George Harrison",125,9B,33,2026-06-12,04:50,48,"","","George Harrison",1979-02-20,44,57,0,12,0,0,-12,G,4,0bIdIeFq2cOUAxGo5AHBI0,"BMG Rights Management (US) LLC",GBEXP0300013,no
839,"Watching Trees","Eleven Pond",125,9B,77,2026-06-12,05:13,22,"cold wave, darkwave, post-punk, synthpop, new wave","Electronic, Rock, Pop","Bas Relief",1986-10-01,66,8,11,53,0,20,-9,G,4,6vQFJXDXvAuNypK91AR0OJ,"Game Hen Records",usl4r2040682,no
840,"The Rhythm","CV Vision",125,10A,87,2026-06-12,03:18,7,"","","Release The Beast",2025-10-24,57,0,0,60,0,30,-11,B minor,4,1U5TE3BsdpzPkv0rlEitAN,"Bureau B",DELI52504580,no
841,"Dreams","Blue Tandem",125,1B,68,2026-06-12,03:35,10,"yacht rock, jangle pop","Pop, Rock","Fleetwood Jack",2020-03-27,57,0,83,28,0,10,-8,B,4,0NgVNaaLC5z5L7iNMbJSof,"Numero Group",USCW62010616,no
842,"Southern Freeze","After Eight",125,9B,87,2026-06-12,05:10,6,"","","The Voice of Love",2024-10-04,61,7,10,91,0,10,-7,G,4,348IMssPmKDCbAh03gBNfp,"Smiling C",NLM971900737,no
843,"Live for the Moment","Ad Finem",125,2B,97,2026-06-12,03:29,0,"progressive house","Electronic","Redefine the Infinite",2016-05-27,61,1,2,44,0,40,-3,F#/G♭,4,71r9v2GrTRp7bDJHIKrezw,"Dysfunction",ITS261600440,no
844,"CPM","Soichi Terada",125,9B,66,2026-06-12,04:48,26,"jungle, breakcore, lo-fi house","Electronic","Sounds from the Far East",2015-03-23,65,0,89,51,0,10,-11,G,4,4oeKlocic2FgI3Yxb9jBtJ,"Rush Hour",NLM971400057,no
845,"Black Box","Automatic",125,9B,60,2026-06-12,04:05,54,"post-punk, egg punk","Rock","Is It Now?",2025-09-26,67,2,84,57,0,0,-8,G,4,45c2puZgmaC23MaKgeHda2,"Stones Throw Records",US2S72508001,no
846,"I Believe In Love","Baba Stiltz, Okay Kaya",125,10A,31,2026-06-12,02:43,39,"lo-fi house, art pop","Pop, Electronic","Blurb",2025-01-24,54,88,0,13,0,10,-12,B minor,4,0fecUhqxUBAXwDoeBD596a,"Recorded Matters",QMBZ92465886,no
847,"Change","Tears For Fears",125,8A,80,2026-06-12,04:14,63,"new wave, synthpop","Pop, Rock, Electronic","The Hurting",1983-03-07,61,9,30,84,0,20,-6,A minor,4,2JhIaeltCDCcp02K936tgx,"EMI",GBF088300046,no
848,"Iesu Gwyrdd","Y Gwefrau",125,10A,92,2026-06-12,03:02,19,"","","Gwefreiddiol",2022-08-08,79,2,0,97,0,0,-3,B minor,4,7cRFqwYBrAkb2WAxupXJ09,"Siôn Lewis",UKY9D2200009,no
849,"The Saddest Man in Penge","Insecure Men",125,10B,74,2026-06-12,01:55,12,"","","Insecure Men",2018-02-23,56,49,0,80,0,0,-8,D,4,7q7PuL4oCXqOkIRhtJO37W,"Fat Possum",USFP71764707,no
850,"Wuthering Heights","Kate Bush",125,3B,39,2026-06-12,04:29,76,"art pop, baroque pop, art rock","Pop, Rock, Classical","The Kick Inside",1978-02-17,48,37,5,52,0,10,-11,C♯/D♭,4,5YSI1311X8t31PBjkBG4CZ,"Parlophone UK",GBAYE7700223,no
851,"Hold Me","Fleetwood Mac",125,6B,57,2026-06-12,03:45,71,"yacht rock, classic rock, soft rock","Rock, Pop","Greatest Hits",1988-11-22,71,25,1,78,0,10,-13,A#/B♭,4,4kRMsLX7bJqjIfK44qJ9h6,"Warner Records",USWB19900201,no
852,"When You Are Who You Are","Gil Scott-Heron",125,6B,74,2026-06-12,03:22,43,"spoken word, jazz funk","Jazz, R&B, Easy Listening","Pieces of a Man",1971-01-01,65,51,0,95,0,10,-9,A#/B♭,4,793pfstTm6yzk3b2WP3Uqz,"Ace Records",USRC17101703,no
853,"Messe du Saint Esprit","Sister Irene O'Connor",125,10B,16,2026-06-12,02:37,30,"","","Fire of God's Love",1973-00-00,64,98,0,31,0,0,-17,D,4,0RbdXnr1IGgpkEHzJVlUg3,"Freedom To Spend",QZ3GN2500083,no
854,"You Turned off the Light","Sharp Pins",125,11B,58,2026-06-12,03:47,24,"jangle pop, power pop","Pop, Rock","Turtle Rock",2023-03-01,53,0,0,66,0,10,-9,A,4,4Po84NG0C4l8F80f7jX6fY,"K Records",USK112531105,no
855,"Enchanted Sky Machines - Remastered","Judee Sill",125,7B,51,2026-06-12,02:50,29,"singer-songwriter, baroque pop, folk","Classical, Pop, Folk","Judee Sill",1971-00-00,51,75,0,68,0,40,-11,F,4,5yazS9W75RsfUtUueKWjdT,"Rhino/Elektra",USEE10300747,no
856,"The  Sweetest Girl ","Scritti Politti",125,11B,37,2026-06-12,05:07,28,"synthpop, new wave","Pop, Rock, Electronic","Early",2005-02-14,81,0,0,91,0,0,-15,A,4,2vHXzgaYSP0LNIOZTFx2FA,"Rough Trade",GBCVZ0300984,no
857,"Kalimba 1 (Glimpse)","Laraaji",125,9A,55,2026-06-12,05:07,15,"ambient, new age, drone","Electronic, New Age","Glimpses of Infinity",2024-07-12,68,88,95,60,0,10,-18,E minor,4,0iZJP6B3ub3gCSr7AdKPbg,"Numero Group",USCW62417901,no
858,"96 Lágrimas","Los Fabulosos Cuatro, Carlos Guzmán",125,8B,45,2026-06-12,02:27,7,"tejano","Latin","96 Lágrimas",1990-03-12,60,87,14,74,0,10,-12,C,4,3qY9UzJwUBXVVdGgwi4zIA,"Ritmo del Rancho",QMDA72421269,no
859,"Battle For Middle You - Maurice Donovan Dub","Julio Bashmore, Maurice Donovan",125,12A,91,2026-06-12,03:26,25,"","","Tapes",2012-07-02,74,9,87,33,0,0,-6,C♯/D♭ minor,4,4Yi78eJcYkkffPZM7qTjNA,"!K7 Records",GBR9R1100002,no
860,"New Moves","Twerps",125,5B,84,2026-06-12,03:14,0,"jangle pop","Pop, Rock","Range Anxiety",2015-01-27,36,0,11,77,0,10,-4,D#/E♭,4,2uziDKtKf2WVOdMJFlwBIr,"Merge Records",USMRG1553805,no
861,"Demo Love","Nyron Higor",125,1B,29,2026-06-12,01:19,32,"new mpb","Latin, Traditional Music","Nyron Higor",2025-01-31,76,50,89,54,0,10,-13,B,4,04MZ9yi4LcRayY1yMdA9TN,"Far Out Recordings",GBDCR2400073,no
862,"Breaking It Up","Lykke Li",125,5A,74,2026-06-12,03:40,40,"","","Youth Novels",2008-06-06,81,12,1,90,0,20,-9,C minor,4,73qYfSmCrj2DOMqNULHM97,"Atlantic Records UK",SEVUM0800110,no
863,"Do the Job","Use No Hooks",125,10A,78,2026-06-12,05:57,13,"post-punk","Rock","The Job",2020-03-06,75,6,1,97,0,0,-7,B minor,4,0tvOVA8XxUAZ1VQGU1cKT5,"Chapter Music",AUCI12014601,no
864,"Bubbles - Soap Mix","Soft Keys",125,8B,60,2026-06-12,05:13,16,"","","Bubbles",2025-01-10,71,3,53,64,0,40,-12,C,4,4hKlnHoPf8j4RIbAi7rvjT,"Bliss Point",USYBL2401247,no
865,"Here Comes the Cigarettes.....","The Cigarettes",125,12A,58,2026-06-12,01:22,19,"","","The Sky's Not Blue It's Happy",2020-09-08,85,61,80,90,0,10,-9,C♯/D♭ minor,4,4ueB7aH5pI4FAE0ZSfXTIR,"Anthology Recordings",QMV8L2008802,no
866,"English Summer","Eurythmics, Annie Lennox, Dave Stewart",125,9A,68,2026-06-12,04:01,9,"new wave, synthpop, new wave pop, rock keyboard","Pop, Rock, Electronic","In The Garden",1981-10-16,67,1,14,85,0,40,-14,E minor,4,0jlfRXmAGK4tD8IWaN78rx,"RCA/BMG Heritage",GBARL8100026,no
867,"About the Girl","Emma Russack",125,10B,42,2026-06-12,02:58,8,"","","About the Girl",2024-08-23,83,41,82,61,0,10,-15,D,4,0lqt2ogB7SgzoBX09w93T9,"Dinosaur City Records",QM6MZ2438045,no
868,"É Preciso Ter Amor","Bruno Berle",125,10B,46,2026-06-12,02:40,37,"new mpb","Latin, Traditional Music","No Reino Dos Afetos",2022-07-01,66,42,95,66,0,10,-12,D,4,6uYWQ7E3IxDVf5zktAXt4b,"Far Out Recordings",GBDCR2200049,no
869,"Is There Love In Outer Space?","Jimi Tenor, Cold Diamond & Mink",125,8B,38,2026-06-12,04:32,20,"retro soul","R&B","Is There Love In Outer Space?",2024-05-31,53,16,1,19,0,10,-12,C,4,13u4p1r0DxgGMK4NSbYMP0,"Timmion Records",FITI32400003,no
870,"C'e Una Donna Sola","Massimo Stella",125,11A,64,2026-06-12,04:06,14,"italo disco","Electronic, Pop","Proper Sunburn - Forgotten Sunscreen Applied by Basso",1994-00-00,62,31,22,78,0,0,-14,F#/G♭ minor,4,6Q7Zv7cLBNAjQxzYFQ5igV,"Music For Dreams",DKAZ71912407,no
871,"Smoke you right out of here","David Kilgour, The Heavy Eights, David Kilgour And The Heavy Eights",125,11B,49,2026-06-12,02:50,0,"jangle pop","Pop, Rock","Bobbie's a girl",2019-09-20,66,16,22,32,0,20,-13,A,4,7i47UWBVEoHkAkb8IJdnSX,"Merge Records",USMRG1968802,no
872,"Try Me","Apples",125,8B,50,2026-06-12,03:28,13,"","","Mind Twister",2017-07-14,75,37,9,36,0,10,-13,C,4,458eFooUMWiMFtTymSn7FX,"Livingstone Studio",DEG931701109,no
873,"William B - 2024 Remaster","The Durutti Column",125,8A,27,2026-06-12,02:15,26,"art rock, post-punk","Rock","Vini Reilly",1989-01-01,68,83,96,11,0,10,-12,A minor,4,6m9nK4zkIf015ZWFULSPYo,"London Music Stream/Because Music",GBAAP0200128,no
874,"Spirit in the Night","Bruce Springsteen",125,9A,72,2026-06-12,05:00,47,"heartland rock, mellow gold, permanent wave, rock, singer-songwriter","Rock, Folk","Greetings from Asbury Park, N.J.",1973-01-05,49,38,0,62,0,20,-7,E minor,4,2D9YnxyNwj7qqA1JLyKYPR,"Columbia",USSM17300692,no
875,"Jenseits der Tür - Remastered 2003","Fehlfarben",125,10A,49,2026-06-12,06:23,0,"neue deutsche welle, post-punk, krautrock, cold wave","Electronic, Rock, Pop","Glut und Asche (Remastered 2003)",1983-00-00,78,20,76,94,0,10,-9,B minor,4,661JQnDLAJjoef458fGRKd,"Vertigo Berlin",DEA340300950,no
876,"Always on My Mind","Pet Shop Boys",125,9B,78,2026-06-12,03:54,76,"synthpop, new wave","Pop, Rock, Electronic","Discography - Complete Singles Collection",1998-03-31,53,1,6,73,0,10,-11,G,4,07ABETRdek3ACMpRPvQuaT,"Parlophone UK",GBAYE8700080,no
877,"Make It Come Loose","Patrick Cowley",125,9B,38,2026-06-12,06:27,4,"hi-nrg, italo disco, disco, post-disco","Pop, Electronic, R&B","Kickin’ In",2015-11-06,95,5,1,93,0,10,-12,G,4,6lD4qKQdtk2c2ZJRC9IFOE,"Dark Entries Records",USA2P2450288,no
878,"NOON","Masayoshi Takanaka",125,12B,63,2026-06-12,03:05,31,"jazz fusion, city pop, jazz funk","Pop, Jazz, R&B, Electronic, Rock","CAN I SING?",1983-10-05,72,18,0,85,0,0,-14,E,4,6eARFQPz5wy27CnpTSByXx,"Universal Music LLC",JPPO00407900,no
879,"Conscious Of My Conscience","Womack & Womack",125,11B,33,2026-06-12,06:08,30,"disco","Pop","Conscience",1988-06-13,87,50,3,61,0,30,-19,A,4,4eVkoGU5sIRnyhUh4Tv7Ip,"Island Records",USIR28800276,no
880,"Winter Always Finds Me","Zephyr",125,12A,40,2026-06-12,05:49,9,"blues rock","Blues, Rock","Sunset Ride",1972-00-00,51,6,14,8,0,0,-15,C♯/D♭ minor,4,7HWZQ7JvO1Xrxi6Xq4j4AE,"Rhino/Warner Records",USWB10702280,no
881,"Love at First Sight","Kylie Minogue",125,2A,77,2026-06-12,03:58,61,"dance pop","Electronic, Pop","Fever",2002-11-19,60,3,5,48,0,0,-6,D#/E♭ minor,4,0NMUFQdEFjftg0BQnyZCsh,"Parlophone UK",GBAYE0101419,no
882,"The Avenue","Roll Deep",125,1B,94,2026-06-12,03:36,40,"grime, uk grime","Electronic, Hip Hop","In At The Deep End",2005-01-01,54,33,0,66,10,20,-3,B,4,0H9WQbyHO5FHchgtADVf4R,"Relentless/Virgin",GBGLM0500006,yes
883,"I'll Come Running - 2004 Remaster","Brian Eno",125,11B,49,2026-06-12,03:49,44,"ambient, krautrock, art rock, minimalism, drone, glam rock, space music","Electronic, New Age, Rock, Classical","Another Green World (2004 Remaster)",1975-09-01,59,56,4,81,0,0,-13,A,4,6ZWVeMysm8Q8zZu3lKnY2v,"EMI Marketing",GBAAA0400079,no
884,"Henry's In Love","Henry Badowski",125,11B,65,2026-06-12,03:11,15,"proto-punk","Rock","Life Is A Grand...",1981-01-01,76,37,0,92,0,30,-9,A,4,07xwvWCNWeEvc2j2RRqPXF,"Cherry Red Records",GBAAM8101038,no
885,"Britnaeys new baby [125 BPM]","Vegyn, Danny L Harle",125,4A,32,2026-06-12,02:52,34,"idm, experimental hip hop, hyperpop","Hip Hop, Electronic, Pop","Don't Follow Me Because I'm Lost Too!!",2022-01-26,43,98,93,4,0,10,-16,F minor,4,5aD97KsD4tekRetjMLbL4i,"PLZ Make It Ruins",GB5P52200032,no
886,"I Believe In Love","Baba Stiltz, Okay Kaya",125,10A,31,2026-06-12,02:43,26,"lo-fi house, art pop","Pop, Electronic","I Believe In Love",2024-09-25,54,88,0,13,0,10,-12,B minor,4,0YNvYtONVpD5tUajpu24YK,"Recorded Matters",QMBZ92465886,no
887,"Like A Rainy Night","Daniel Salinas",125,10A,55,2026-06-12,05:19,4,"jazz funk","Jazz, R&B","Atlantis",1973-00-00,50,58,93,71,0,10,-10,B minor,4,512AadELBKkc7xfrxBWXvX,"Mr Bongo",GBCLQ2200622,no
888,"How Do We Make The Babies","Naomie Klaus",125,8A,76,2026-06-12,04:15,19,"tropical music","Latin","Elsewhere Junior II - More Cosmic Kids Songs",2023-10-06,77,1,49,48,0,80,-9,A minor,4,0sd9HGjgQCQPKjsgT0R8eI,"Strangelove Music",DECY52301638,no
889,"May You Never","John Martyn",125,12B,17,2026-06-12,03:40,49,"folk rock, folk","Folk, Rock","Solid Air",1973-00-00,67,89,79,73,0,10,-15,E,4,6ofam9RHTG7UBUa6uO2MjP,"Universal-Island Records Ltd.",GBAAN7300043,no
890,"Lunch Hour Pops","Broadcast",125,2B,61,2026-06-12,03:36,24,"dream pop, neo-psychedelic","Pop, Rock","Haha Sound",2003-08-11,53,83,0,79,0,10,-8,F#/G♭,4,2eUFCViBXhxqlsVr0xZYT7,"Warp Records",GBBPW0300087,no
891,"Sunshine Lady","Mind & Matter",125,10B,66,2026-06-12,04:07,6,"northern soul","R&B","I'm Under Your Spell b/w Sunshine Lady",2013-00-00,55,76,0,83,0,0,-9,D,4,3PPp2XKFSpHYoHtPGYVfhT,"Numero Group",USCW61305009,no
892,"Temptation","New Order",125,8B,88,2026-06-12,06:59,64,"new wave, synthpop, post-punk, madchester","Rock, Pop, Electronic","Substance",1987-08-17,60,29,85,94,0,20,-9,C,4,7j5Q3zhjvpQvMeoPSZwdsa,"Rhino",GBAAP0001114,no
893,"Happiness Is Just Around the Bend","The Main Ingredient",125,3B,64,2026-06-12,06:19,29,"classic soul, philly soul","R&B","Euphrates River (Bonus Track Version)",1974-00-00,70,35,1,84,0,20,-8,C♯/D♭,4,6KNzZgv1btzFLgsEq55eLb,"RCA/Legacy",USRC17407734,no
894,"Corporeal","Broadcast",125,10B,60,2026-06-12,03:55,42,"dream pop, neo-psychedelic","Pop, Rock","Tender Buttons",2005-09-19,63,37,63,27,0,20,-10,D,4,5GDgMlMvHDVvsywryu3Fs2,"Warp Records",GBBPW0500076,no
895,"Something's Burnin'","The Marvellos",125,3B,69,2026-06-12,02:43,12,"northern soul, doo-wop","Pop, R&B","Something's Burning: Rare Soul Sides",2023-08-11,58,70,0,96,0,30,-7,C♯/D♭,4,2BDfrtF1s9CP7aPAh2vMnz,"Warner Music Group - X5 Music Group",USWB10106847,no
896,"With My Love and What You've Got (We Could Turn This World Around)","Jean Wells",125,8B,84,2026-06-12,02:22,14,"northern soul, soul, classic soul","R&B, Blues","Soul on Soul - Deluxe Edition",2011-12-05,43,17,0,85,0,0,-4,C,4,0Kumf47kWgjaHmfXhyGRz8,"BBE Music",GBEQT1002834,no
897,"Travels - Live","Pat Metheny, Lyle Mays, Pat Metheny Group",125,9B,9,2026-06-12,05:03,34,"jazz fusion, jazz, jazz ballads, ambient jazz, smooth jazz","Easy Listening, Jazz, Electronic, Rock","Travels",1983-05-02,49,95,88,20,0,70,-28,G,4,5lfGXRm2FjV0VUM7aQYg89,"ECM Records",DEB338225303,no
898,"Lucky Stars","Universal Togetherness Band",125,10A,65,2026-06-12,04:39,20,"deep funk","R&B","Dreamality b/w Lucky Stars",2019-07-12,89,1,13,85,10,0,-7,B minor,4,3zUFgcZJ8jXNcyqZcT5uKb,"Numero Group",USCW61906702,no
899,"A Stone's Throw Away","Barbara Keith",125,7B,65,2026-06-12,04:47,17,"","","Barbara Keith",2005-07-26,63,49,0,75,0,10,-9,F,4,3CHAt6rasp4GlGAPX1Uezx,"Rhino/Warner Records",USWB10400126,no
900,"Computer Love - 2009 Remaster","Kraftwerk",125,4A,62,2026-06-12,07:19,50,"krautrock, neue deutsche welle, synthpop, electronic, new wave, electro","Electronic, Rock, Pop","Computer World (2009 Remaster)",1981-00-00,71,80,85,52,0,0,-11,F minor,4,5BXBi5pLeJhblMVH2ltjpl,"Parlophone UK",GB01A0900383,no
901,"Flawless (Go to the City)","George Michael",125,9B,88,2026-06-12,06:51,52,"","","Patience",2004-03-15,71,1,0,77,0,20,-6,G,4,6HwgNXpldZ0WfY4kzJgexr,"Sony Music UK",GBBBN0300686,yes
902,"Random Ladder With 40 - Mixed","Powder",125,9A,75,2026-06-12,02:20,0,"power pop","Pop, Rock","fabric presents Danilo Plessow (MCDE) [DJ Mix]",2021-05-28,65,32,84,63,0,10,-12,E minor,4,0mIyr9gFNb6i3mUJqbuVjE,"Fabric Records",GBEXH2100007,no
903,"I Put a Little Thing in Your Pocket","Jonnine",125,9B,19,2026-06-12,01:04,16,"","","Maritz",2023-02-16,66,92,1,38,0,10,-16,G,4,2frXKqmVc0HMBGUeEYNDpU,"N&J Blueberries",QM4TW2383232,no
904,"You Turn Me Around - Karu Mix","Nature Love",125,10A,72,2026-06-12,06:07,0,"","","The Sound Of Love International #002 - Beautiful Swimmers",2019-05-17,77,0,78,88,0,30,-7,B minor,4,7qlWzkoB6yNEyA6UDKY6wv,"Love International Recordings",GB2XE1900016,no
905,"Ye-Me-Le","Sergio Mendes & Brasil '66",125,6A,39,2026-06-12,02:27,0,"bossa nova, brazilian jazz, latin jazz","Jazz, Latin","Ye-Me-Le",1969-00-00,59,82,11,78,0,30,-14,G minor,4,60k2Wv7M2iJHGan07xAn92,"A&M JAZZ",USAM16974759,no
906,"Go Deep - Masters At Work Thunder Mix","Janet Jackson, Louie Vega, Kenny Dope",125,3B,79,2026-06-12,09:06,18,"new jack swing, chicago house, deep house, latin house, house, disco house","Electronic, Latin, R&B","The Velvet Rope (Deluxe Edition)",2022-10-07,71,3,0,88,0,30,-9,C♯/D♭,4,2uUs03z8JNszd3uLhNOx8G,"Virgin Catalog",USVI29800038,no
907,"List Of Boys","Arthur Russell",125,10A,55,2026-06-12,02:52,22,"art pop, minimalism","Pop, Classical","Iowa Dream",2019-11-15,71,28,4,95,0,0,-9,B minor,4,0EPcPYKJVHVBSMKVSy5Ght,"Audika Records",USAK21900185,no
908,"Someone to Call My Lover","The Rests, Carolyn Pennypacker Riggs",125,10B,75,2026-06-12,04:01,24,"","","Dear Janet",2015-10-02,54,2,0,56,0,10,-6,D,4,2NMecZKHmf582i56AwrQhO,"Tin Angel Records",GBVNV1500116,no
909,"Owner of a Lonely Heart","Yes",125,9B,80,2026-06-12,04:28,77,"progressive rock, art rock, aor","Rock","90125 (Deluxe Version)",1983-06-01,74,18,0,90,0,20,-6,G,4,0GTK6TesV108Jj5D3MHsYb,"Rhino Atlantic",USAT20702539,no
910,"Never Gonna Leave You","Evans Pyramid",125,4B,71,2026-06-12,06:45,38,"","","Evans Pyramid (1978 - 1994)",2012-05-08,72,75,69,96,0,10,-12,G#/A♭,4,6DLIA4CxJsCYISx81qob0H,"Cultures of Soul Records",QMQ4T1200001,no
911,"Band On The Run - 2010 Remaster","Paul McCartney, Wings",125,9B,60,2026-06-12,05:13,75,"","","Band On The Run",1973-12-05,48,8,0,67,0,10,-9,G,4,1H4idkmruFoJBg1DvUv2tY,"Paul McCartney Catalog",GBCCS1000004,no
912,"Here Comes the Cigarettes.....","The Cigarettes",125,12A,58,2026-06-12,01:22,0,"","","The Sky's Not Blue It's Happy",2020-09-08,85,61,80,90,0,10,-9,C♯/D♭ minor,4,52UvOfrVpTG7ywr9YyrYvZ,"Anthology Recordings",QMV8L2008802,no
913,"M","The Cure",125,8B,73,2026-06-12,03:03,52,"new wave, post-punk, gothic rock, darkwave","Electronic, Rock, Pop","Seventeen Seconds",1980-04-18,80,2,4,59,0,0,-10,C,4,2iyEvZdipDeCmSW8v8PA32,"UMC (Universal Music Catalogue)",GBALB8000008,no
914,"Lunch Hour Pops","Broadcast",125,2B,61,2026-06-12,03:36,0,"dream pop, neo-psychedelic","Pop, Rock","Haha Sound",2003-08-11,53,83,0,79,0,10,-8,F#/G♭,4,6ELPrUc5vNZg1z5OFsedwF,"Warp Records",GBBPW0300087,no
915,"Lady Luck","Aiden Ayers",125,1A,34,2026-06-12,02:52,9,"","","Lady Luck",2022-02-18,76,74,31,47,0,10,-11,G#/A♭ minor,4,0eTPzuJHhd9XLgdzPNUY4c,"Public Possession",DEVH21800442,no
916,"Ordinary Joe","Terry Callier",125,8B,48,2026-06-12,04:13,39,"northern soul","R&B","Occasional Rain",1972-01-01,66,47,0,82,10,10,-13,C,4,6AkGkimvrVzVe8Btgy0FRL,"Geffen*",USMC10200991,no
917,"Leaving Del Norte","Bruce Langhorne",125,11B,18,2026-06-12,01:57,25,"ambient folk","Electronic, Folk","The Hired Hand (Original Motion Picture Soundtrack)",2014-11-11,52,99,56,15,0,0,-15,A,4,3lKsLPMghayu1shxxOXjoH,"Scissor Tail Records",USQY51582657,no
918,"Corporeal","Broadcast",125,10B,61,2026-06-12,03:55,0,"dream pop, neo-psychedelic","Pop, Rock","Tender Buttons",2005-09-19,63,35,78,27,0,20,-10,D,4,5G2hkgy9evYecU5iEuNNzj,"Warp Records",GBBPW0500076,no
919,"Ho Happy Day","Flame N King, The Bold Ones",125,8B,84,2026-06-12,02:59,16,"northern soul","R&B","Get Your Point Over!",2021-06-11,65,7,2,83,0,0,-8,C,4,7o4qNf8ZJOolO8i9nZdPbW,"Tuff City Records",USA2P2118153,no
920,"Sarah - Version 3","Thin Lizzy",125,10B,54,2026-06-12,03:30,40,"classic rock, hard rock","Rock","Black Rose (Deluxe Edition)",1979-00-00,72,51,0,85,0,0,-12,D,4,6z71JA8AEcnMxWGgDyWa6D,"UMC (Universal Music Catalogue)",GBF087900040,no
921,"The Artichoke That Loved Me","The Cleaners From Venus",125,6A,61,2026-06-12,03:12,45,"jangle pop","Pop, Rock","Blow Away Your Troubles",1981-00-00,65,31,54,76,0,10,-9,G minor,4,4NiAtmal9eONPKLUUHI1mU,"Mr Mule",US8YA1200080,no
922,"Still Feels Like Tears","Broadcast",125,12B,65,2026-06-12,03:41,0,"dream pop, neo-psychedelic","Pop, Rock","The Future Crayon",2006-08-21,53,0,91,63,0,10,-7,E,4,018oyg4MPihIDEWfLzfqXH,"Warp Records",GBBPW0300067,no
923,"Get Carter","Stereolab",125,11B,56,2026-06-12,03:23,0,"art pop, krautrock, neo-psychedelic, post-rock","Pop, Electronic, Rock","Aluminum Tunes [Switched On Volume 3]",1998-00-00,55,25,87,93,0,10,-8,A,4,6b16unG4I36u4mfUatE4Fd,"Duophonic",GBJCJ9800011,no
924,"(nail)","Jameszoo, Metropole Orkest, Jules Buckley",125,4B,19,2026-06-12,05:19,13,"nu jazz, experimental jazz, jazz fusion","Jazz, Electronic, Rock","Melkweg",2019-05-17,29,86,84,6,0,0,-15,G#/A♭,4,1j39jCRYVpNtTLgjEIO6TW,"Brainfeeder",US25X1900106,no
925,"I mog di","Haindling",125,7B,67,2026-06-12,03:55,14,"neue deutsche welle, schlager","Pop, Rock, Easy Listening","Haindling 1 (Originale)",2014-11-21,70,40,23,84,0,0,-12,F,4,1kVzmW1spAqyq61uIITIDW,"Electrola",DEF068203450,no
926,"Love Song","Eddie Lang, Carl Kress, Dick McDonough",125,3B,8,2026-06-12,03:18,8,"ragtime, swing music","Jazz","Pioneers Of Jazz Guitar - 1927-1939",1997-01-01,65,97,72,28,10,10,-25,C♯/D♭,4,0xPwddc6t0w6SBi1a1s8Zu,"Retrieval",NLB159700622,no
927,"Heartache Avenue","The Maisonettes",125,1B,71,2026-06-12,02:53,41,"","","Heartache Avenue: The Very Best of the Maisonettes",1982-01-01,47,81,1,40,0,30,-8,B,4,1EYr70PyYGNzIDWTWdPHr7,"Cherry Red Records",GBBLY0400236,no
928,"The Future","Prince",125,7A,37,2026-06-12,04:07,40,"funk rock, funk","R&B, Rock","Batman",1989-06-20,88,2,4,61,10,50,-10,D minor,4,0svV7nIgkTsBQRN57dtbAy,"Warner Records",USWB10000057,no
929,"Free Mind","Tems",125,2B,46,2026-06-12,04:07,78,"afrobeats, afro r&b, alté, afrobeat","R&B, Traditional Music, Electronic, Hip Hop","For Broken Ears",2020-09-25,56,44,0,42,0,10,-7,F#/G♭,5,2mzM4Y0Rnx2BDZqRnhQ5Q6,"Leading Vibe Ltd",QMBZ92014864,no
930,"Overload","Sugababes",125,2B,94,2026-06-12,04:35,58,"","","One Touch",2000-01-01,74,11,0,87,0,10,-5,F#/G♭,4,7orBBkQgdmanhPCD0FyHHZ,"London Music Stream/Because Music",GBAAP0000540,no
931,"Run From What We Had","Opal",125,10B,86,2026-06-12,03:40,0,"hyperpop","Electronic, Pop","Run From What We Had",2020-10-01,85,5,80,83,0,10,-7,D,4,35kVVzE3IY6OswiSgQ4dQu,"Opal",QZMHM2032972,no
932,"La prima estate","Erlend Øye",124,9B,83,2026-06-12,04:00,50,"","","La prima estate",2013-07-26,56,27,2,52,0,10,-7,G,4,6vtG5IMWKidt5K54DCSUo6,"Bubbles Records",DEKM51305001,no
933,"Pell Mell","Junk Drawer",124,3B,69,2026-06-12,03:22,21,"","","Days of Heaven",2025-06-06,55,13,80,43,0,0,-6,C♯/D♭,4,0IDWNMoLorAHuNlXwtfyn2,"Pizza Pizza Records",IETKK2500004,no
934,"Nightshift","THE NAMES",124,3A,56,2026-06-12,03:37,26,"post-punk, cold wave, gothic rock, deathrock, darkwave, new wave","Electronic, Rock, Pop","Swimming",1982-00-00,60,0,18,21,0,10,-8,A#/B♭ minor,4,46e2w9UX6mftXJDwhJKKAO,"Factory Benelux",GBHBR0405094,no
935,"Valise","Phylipe Nunes Araújo, Bruno Berle",124,5B,32,2026-06-12,02:25,39,"new mpb","Latin, Traditional Music","Phylipe Nunes Araújo",2025-10-24,69,96,78,15,0,10,-10,D#/E♭,3,6R386hZPpFZQF9yaorX2B4,"Far Out Recordings",GBDCR2500047,no
936,"Home","LCD Soundsystem",124,11B,84,2026-06-12,07:53,62,"alternative dance, new rave","Electronic, Pop, Rock","This Is Happening",2010-05-17,75,5,13,78,0,0,-9,A,4,5gmv3BgePSYiHnPJgY7oTJ,"Parlophone UK",US4GE1000027,no
937,"Migraine - Instrumental","Keith Garner, Dennis O",124,4B,78,2026-06-12,03:44,2,"","","Migraine",2025-11-21,69,12,86,95,0,10,-9,G#/A♭,4,3FcXgCrqBttySom4Tru8pW,"Athens Of The North",GBRH31201218,no
938,"Playthings","snuggle",124,8B,45,2026-06-12,03:09,33,"bedroom pop, alternative r&b","Pop, R&B","Goodbyehouse",2025-09-12,69,8,0,28,0,10,-11,C,4,61VJEh88G1VKedGgOLJ6HG,"Escho",FRX452505324,no
939,"More Like Space","Seefeel",124,4A,41,2026-06-12,08:45,16,"idm, shoegaze, post-rock, ambient, drone","Electronic, New Age, Rock","More Like Space",1993-03-15,53,49,33,21,0,10,-17,F minor,3,7200DOGglULZX8wJCUzxoO,"Too Pure",GBBNZ9300013,no
940,"Going Out","Carla dal Forno",124,6A,24,2026-06-12,04:44,35,"","","Going Out",2026-03-04,79,45,24,55,0,10,-10,G minor,4,1N4z5lvwP0UPbOAAe6kuWk,"Kallista",GBHLW2600008,no
941,"Evil","Irma Vep",124,2B,90,2026-06-12,04:49,14,"","","Evil",2018-05-11,57,0,75,77,0,0,-6,F#/G♭,4,3gshXcSvTamjdotC09h7wj,"Handsome Dad Records",UKDUS1700023,no
942,"In Shallah","Father's Children",124,11B,64,2026-06-12,04:01,29,"traditional soul","R&B, Traditional Music","Who's Gonna Save The World",2011-06-21,64,26,3,82,0,20,-8,A,4,3Kkauo21AHdsPmJhC5HX2O,"Numero Group",USCW61103706,no
943,"Cannock Chase","Labi Siffre",124,11A,48,2026-06-12,04:06,79,"classic uk pop","Pop","Crying Laughing Loving Lying",1972-00-00,38,86,93,49,0,10,-12,F#/G♭ minor,4,0WAEGVylZjbe2mQ6Or6HxY,"Edsel",GB01A0600034,no
944,"Red and Neon","Otto Benson",124,1A,25,2026-06-12,03:10,38,"","","Peanut",2025-12-31,74,96,91,79,0,10,-14,G#/A♭ minor,4,6raMCJkNlEdOjUpCHXlfkg,"WNOADIARWB",QT6FJ2548742,no
945,"Fucking Boyfriend","the bird and the bee",124,1B,57,2026-06-12,03:15,57,"","","the bird and the bee",2007-00-00,72,18,0,50,0,40,-8,B,4,0xWkv7RczzLxzPwS29MLcr,"MetroBlue",USBN20600375,yes
946,"Once Around the Block","Badly Drawn Boy",124,7B,71,2026-06-12,03:44,41,"britpop","Pop, Rock","The Hour of Bewilderbeast",1999-09-06,39,69,1,85,0,10,-8,F,3,2AGcgmUIBlSUKiJlEruHrI,"XL Recordings",GBBKS9900093,no
947,"Cease The Bombing","Grant Green",124,7B,31,2026-06-12,08:51,9,"hard bop, jazz, jazz funk, soul jazz, bebop, jazz ballads, cool jazz","Jazz, Easy Listening, R&B","Carryin' On",1969-00-00,70,94,87,61,0,0,-16,F,4,0E45MFe8sb8fAWYYCudhph,"Blue Note Records",USBN29400688,no
948,"Suavemente","Elvis Crespo",124,4B,87,2026-06-12,04:27,76,"merengue, salsa, latin dance, latin","Latin, Electronic","Suavemente",1998-02-27,81,23,0,91,0,0,-3,G#/A♭,4,7JIjUx3GsL0upxmNJacmtz,"Sony Music Latin",USSD19700576,no
949,"Falling","Kylie Minogue",124,10A,59,2026-06-12,06:43,32,"dance pop","Electronic, Pop","Kylie Minogue (Special Edition)",1994-06-10,63,15,13,64,0,10,-12,B minor,4,2nNHkKGaYwlLneALDpM9D7,"BMG Rights Management (UK) Ltd.",GBARL9400231,no
950,"Evergreen Dazed - Remastered Edition","Felt",124,4A,73,2026-06-12,05:03,45,"jangle pop, post-punk","Pop, Rock","Crumbling the Antiseptic Beauty (Remastered Edition)",1981-03-02,34,85,89,45,0,10,-11,F minor,4,3YOpdR0zSu4WfLlXdRB8FQ,"Cherry Red Records",GBBLY8200059,no
951,"Obscure Desire - English Extended Mix","Obscure Desire",124,8B,54,2026-06-12,08:17,20,"post-disco","Pop, R&B","Obscure Desire",2025-01-26,72,20,2,65,0,10,-10,C,4,4vb2a6CVkRtVIxGG4w5XUp,"Emotional Rescue",QMFMF2416084,no
952,"I Do Love You","Ash Soul, Inc.",124,1A,38,2026-06-12,02:59,22,"","","I Do Love You",1974-01-01,59,96,84,60,0,20,-9,G#/A♭ minor,4,4iz6ZCFO5zaqgrTrf3n9eD,"Numero Group",USCW62047301,no
953,"I Had to Say This","The Clientele",124,9B,56,2026-06-12,03:34,27,"dream pop, jangle pop","Pop, Rock","Suburban Light",2000-11-01,52,4,24,78,0,10,-12,G,4,5lT9wyK9oL7KNBj3JZbMka,"Pointy Records",GBFXJ0000001,no
954,"The Order Of Invisible Things","Domenique Dumont",124,5A,59,2026-06-12,03:40,18,"","","The Order Of Invisible Things",2025-04-30,73,11,91,50,0,30,-8,C minor,4,0fx672koptoXRUWbAkJEjj,"Antinote",FRX202536153,no
955,"Daddles","Wilson Tanner",124,6A,24,2026-06-12,03:00,14,"ambient jazz, ambient","Electronic, New Age, Easy Listening, Jazz","Legends",2025-05-09,62,97,92,23,0,0,-17,G minor,4,5adOBYInlBU3R8lgB2DrQu,"Efficient Space",QM4TW2506438,no
956,"Home","LCD Soundsystem",124,11B,84,2026-06-12,07:51,24,"alternative dance, new rave","Electronic, Pop, Rock","This Is Happening (Deluxe Edition)",2010-12-03,75,5,13,79,0,0,-9,A,4,1Jw4li4o011wHDYYIR4ND5,"Parlophone UK",US4GE1000027,no
957,"Home","LCD Soundsystem",124,11B,84,2026-06-12,07:51,28,"alternative dance, new rave","Electronic, Pop, Rock","This Is Happening (Deluxe Edition)",2010-12-03,75,5,13,79,0,0,-9,A,4,1aHnGUYNyLfwGrw8He5rCH,"Parlophone UK",US4GE1000027,no
958,"Melody (1983 Radio Version)","Plustwo",124,8B,75,2026-06-12,03:51,43,"italo disco","Electronic, Pop","Melody",2014-03-26,89,12,4,96,0,0,-4,C,4,78q9spnn1sK4UBefjvKjeJ,"Giorgio Costantini",uscgj1430510,no
959,"SEEIN’ STARS","Turnstile",124,1B,87,2026-06-12,03:06,49,"hardcore punk, hardcore","Electronic, Rock","SEEIN’ STARS / BIRDS",2025-04-30,61,0,0,52,0,10,-6,B,4,0vbdCsYHg1by09QKOGO4PR,"Roadrunner Records",NLA322500071,no
960,"Ritos Confortáveis","Negro Leo",124,10B,64,2026-06-12,02:23,0,"new mpb","Latin, Traditional Music","Água Batizada",2016-08-08,43,7,87,57,0,30,-8,D,3,1NYmmTuhk8cvPnZZFF6heV,"Rock It!",BRROC1600002,no
961,"Sometimes I Wish - Dramadance USA Mix","Pink & Black",124,8B,81,2026-06-12,07:16,18,"hi-nrg, italo disco","Electronic, Pop","Sometimes I Wish",2014-09-29,71,8,66,60,0,10,-10,C,4,0vd4C1DdwiGC3Jmnh5iMab,"Emotional Rescue",GBJX38415001,no
962,"Hot Scene","pôt-pot",124,10B,80,2026-06-12,05:35,14,"krautrock","Electronic, Rock","Warsaw 480km",2025-09-19,61,0,76,50,0,10,-8,D,4,1xOxg8WcbdvAs6NHICgRiL,"felte",QMGEB2511409,no
963,"The Fields","Nourished by Time",124,3A,58,2026-06-12,03:52,0,"indie electronic","Electronic, Pop, Rock","Erotic Probiotic 2",2023-04-21,62,13,0,37,0,10,-12,A#/B♭ minor,4,4zUcDwZpszCAGznQ3hADBs,"Scenic Route Records",UK6822300046,no
964,"Let The Music Use You","The Nightwriters",124,3B,90,2026-06-12,07:57,41,"chicago house, acid house","Electronic","Frankie Knuckles Presents: His Greatest Hits from Trax Records",2022-01-01,66,0,10,54,0,10,-5,C♯/D♭,4,1625ER4xx3r4P8kBcOCVPY,"Trax Records",GBBLG0100328,no
965,"Silver Dagger","Dolly Parton",124,4A,50,2026-06-12,04:54,0,"country, classic country","Country","The Grass Is Blue",1999-00-00,49,43,23,51,0,10,-11,F minor,4,2mw88vgemYFCMrZnuA3xEA,"Sugar Hill Records",USSH59983833,no
966,"Old Time Rock & Roll","Bob Seger",124,2B,94,2026-06-12,03:14,80,"classic rock","Rock","Stranger In Town",1978-05-05,71,21,0,96,0,0,-3,F#/G♭,4,5EOoMWIB9iK4ZpcSex9Ec7,"Bob Seger",USCA28600270,no
967,"Julie Profumo","The Cleaners From Venus",124,10B,88,2026-06-12,03:53,41,"jangle pop","Pop, Rock","Songs for a Fallow Land",1985-00-00,60,22,79,87,0,10,-6,D,4,5VQEoWl9L4s8sRY9qih8Rt,"Mr Mule",QMMZN1300209,no
968,"Cccan't You See","Vicious Pink",124,8B,95,2026-06-12,03:32,48,"synthpop, italo disco, hi-nrg, new wave, chicago house","Electronic, Pop, Rock","Vicious Pink (Expanded Edition)",1986-01-01,62,1,1,85,0,40,-5,C,4,5OI5bWEGiiZy8fN4JBNoxa,"Parlophone UK",GBAYE1601626,no
969,"Do You Love Me Too","Rich Vom Dorf",124,8B,42,2026-06-12,06:04,10,"","","Downloaded",2019-03-29,80,0,68,37,0,0,-10,C,4,4v1mo3ASbwzxD2FUhQQBFJ,"Tächno",DEH741904686,no
970,"Samba Da Benção","Vinícius de Moraes",124,4A,42,2026-06-12,06:50,59,"bossa nova, mpb, brazilian jazz, samba","Jazz, Latin","Vinicius De Moraes",1967-01-01,66,66,0,61,0,10,-12,F minor,4,2GjgVelkVqRXhe76MsmMCc,"Universal Music Ltda.",BRMCA6700003,no
971,"Acudreaming","Sensations Fix",124,8A,26,2026-06-12,03:02,16,"space rock, krautrock, progressive rock","Electronic, Rock","Music Is Painting In the Air (1974 - 1977)",2012-09-18,38,96,94,36,0,10,-18,A minor,5,03IPrreGwGeF3Duxg540Ql,"RVNG Intl.",US6PQ1200077,no
972,"Song Of Earth And Sky","Rhythm & Bliss",124,9A,56,2026-06-12,06:03,9,"","","Traces of Illusion (Compiled by Skyrager)",2023-05-12,59,50,2,41,0,10,-10,E minor,4,4LHuB2EtPqRFRU3E7ApGHY,"Spacetalk",GB7RM2300020,no
973,"On Time / In Time","Stefan Christensen",124,10B,79,2026-06-12,02:24,2,"","","Israel (It's More of the Same)",2015-12-18,56,0,82,68,0,10,-7,D,4,5Sg2Ztb8PMWMYYD1UOy8nq,"Night-People",USA2P1565450,no
974,"Hotwire The Nite","Amery",124,9B,31,2026-06-12,03:04,19,"","","Continue As Amery",2024-05-31,91,81,0,40,0,0,-12,G,4,4XxqSCw23DPfEGLLJSAPki,"Night School",GBCK42409202,no
975,"Exchange","Massive Attack",124,4A,21,2026-06-12,04:11,58,"trip hop, downtempo","Electronic, Hip Hop","Mezzanine",1998-01-01,71,56,88,47,0,10,-14,F minor,4,2HuMQkNVpFIsur2cRWWQmX,"Circa",GBAAA9800344,no
976,"Where Angels Play","The Stone Roses",124,9B,49,2026-06-12,04:12,26,"madchester, britpop, jangle pop","Pop, Rock","Turns Into Stone",1992-07-20,46,18,1,67,0,10,-14,G,4,7BQNxotJRxRCgm6UcDi2H9,"Silvertone",GBAHJ9500042,no
977,"Cccan't You See - French Extended Mix","Vicious Pink",124,8B,95,2026-06-12,07:19,32,"synthpop, italo disco, hi-nrg, new wave, chicago house","Electronic, Pop, Rock","Vicious Pink (Expanded Edition)",1986-01-01,61,0,17,77,10,0,-4,C,4,6SJI5QVIGt4wdxzH6KKABw,"Parlophone UK",GBAYE1601625,no
978,"Elegance of an Only Dream","Felt",124,10A,65,2026-06-12,05:22,15,"jangle pop, post-punk","Pop, Rock","The Strange Idols Pattern and Other Short Stories / Ignite the Seven Cannons",1984-01-01,25,6,44,42,0,30,-10,B minor,4,0WLYLV6akAX902BYW8IN9B,"Cherry Red Records",GBBLY8500027,no
979,"SLIDE","Doechii",124,3A,78,2026-06-12,02:54,63,"","","Alligator Bites Never Heal",2024-08-30,67,35,0,36,10,10,-5,A#/B♭ minor,4,0Jij0ywlT1cCn8MqmSmj4E,"Top Dawg Entertainment/Capitol Records",USUG12405674,yes
980,"Express","52nd Street",124,3A,79,2026-06-12,04:58,0,"post-disco, chicago house, italo disco","Electronic, Pop, R&B","Back Street Brit Funk compiled by Joey Negro",2010-05-10,69,27,9,51,0,10,-10,A#/B♭ minor,4,0oYLcRRj4SUBTWnj3PULqE,"Z Records",GBPKF1000102,no
981,"My Baby Changes Like The Weather","Smokey Robinson & The Miracles",124,8B,69,2026-06-12,02:46,20,"motown, classic soul, northern soul, soul","R&B, Pop, Blues","Going To A Go-Go",1965-11-01,51,41,0,64,0,50,-11,C,4,2zjolxqyzR6e40hdgQ0oRH,"UNI/MOTOWN",USMO10110339,no
982,"Mind Holes","Yoko Ono",124,11B,27,2026-06-12,02:47,15,"christmas","Pop","Fly",1971-09-20,27,4,20,9,0,0,-17,A,4,5xfiPqxvySSLIZ4CwggUI6,"Secretly Canadian / Chimera Music",US38W1728203,no
983,"Where Angels Play - Remastered","The Stone Roses",124,9B,70,2026-06-12,04:16,40,"madchester, britpop, jangle pop","Pop, Rock","The Stone Roses (20th Anniversary Collector's Edition)",1989-05-03,45,3,0,54,0,10,-8,G,4,3RE85Z1UqGK4vYp4zlr7j0,"Silvertone",GBAHJ0900024,no
984,"Haffmilch Holiday","Decisive Pink, Kate NV, Deradoorian",124,12B,68,2026-06-12,04:15,17,"art pop, neo-psychedelic, krautrock, indie dance","Pop, Electronic, Rock","Ticket to Fame",2023-06-09,65,1,33,75,0,10,-7,E,4,5g8Va6hdkeKNkkZn5cuiyN,"Fire Records",GBCKK2270620,no
985,"Moonshine","Orion",124,9B,24,2026-06-12,04:44,2,"","","Once Again We Are the Children of the Sun Compiled by Paul Hillery",2023-03-31,52,51,0,14,0,10,-14,G,4,19cPHTvX3iYws4jjAWAWZS,"BBE Music",GBEQT2200024,no
986,"Driving","Guido Negraszus",124,9A,46,2026-06-12,05:04,0,"new age","New Age","Secret Worlds",2008-01-01,71,32,82,86,0,0,-13,E minor,4,41sgoOztGoetKVxjSFgLRN,"Guido Negraszus",USQY51777512,no
987,"Pattern 3 (Gunman)","Enchante",124,1A,57,2026-06-12,04:45,2,"","","Permanent Vacation 3",2014-10-24,68,2,93,72,0,10,-11,G#/A♭ minor,4,3ujgmBPZeUraK2cXfxKZI2,"Permanent Vacation",DECY61400084,no
988,"The Road Is Hard (But We're Going to Make It)","Airto Moreira",124,10B,84,2026-06-12,05:34,8,"brazilian jazz, latin jazz, jazz fusion, bossa nova","Jazz, Latin, Electronic, Rock","I'm Fine, How Are You?",1977-00-00,39,1,0,69,0,10,-8,D,4,7JnVRstpYI08AB48WqOyBu,"Rhino/Warner Records",USWB10202086,no
989,"Dream Puppy","The Sweet Enoughs",124,11A,16,2026-06-12,05:39,40,"","","Marshmallow",2020-08-05,72,86,54,20,0,10,-12,F#/G♭ minor,4,0JuXNcbA4jqJgDzIO90f1D,"Wondercore Island",AUDCH1500094,no
990,"Leach","Cryogeyser",124,4B,65,2026-06-12,03:53,54,"shoegaze, dream pop","Pop, Rock","Glitch",2019-08-09,58,9,0,19,0,0,-7,G#/A♭,4,4JCPc8nCOMCbtonSM9O7Dy,"Terrible Records",TCAEG1999500,no
991,"Destination","The Warriors",124,9A,94,2026-06-12,06:39,32,"jazz funk","Jazz, R&B","Behind the Mask",1982-00-00,77,4,4,96,0,0,-7,E minor,4,4scgGmqQvlsJsnOOL2tFOL,"Expansion Records",GBNYT1100089,no
992,"A Love Reputation","Denise LaSalle",124,7B,61,2026-06-12,02:37,2,"blues, soul blues, northern soul, footwork","Blues, Electronic, R&B","Legenden des Soul - Denise LaSalle",2014-01-01,71,67,2,49,0,10,-6,F,4,1FkckO23omgZviCfV7V1Kk,"Brunswick",USMC16715758,no
993,"Vicious","Lou Reed",124,10B,85,2026-06-12,02:59,55,"glam rock, proto-punk, art rock","Rock","Transformer",1972-12-01,61,0,89,95,0,0,-8,D,4,4A48NL57P16zSRaq3yoYry,"RCA/Legacy",USRC17201944,no
994,"Can't Take My Eyes off You","Frankie Valli",124,12B,76,2026-06-12,03:23,76,"doo-wop","Pop, R&B","The Very Best of Frankie Valli & The 4 Seasons",2003-01-14,57,57,0,54,0,0,-7,E,4,6ft9PAgNOjmZ2kFVP7LGqb,"Rhino",USRH10175215,no
995,"Dream Puppy","The Sweet Enoughs",124,11A,17,2026-06-12,05:39,0,"","","Marshmallow",2020-05-01,72,87,50,22,0,10,-12,F#/G♭ minor,4,1vzuPOY4CZnFcKpDEuqh8m,"Wondercore Island",AUDCH1500094,no
996,"Like a Rainy Night","Daniel Salinas",124,10A,55,2026-06-12,05:18,4,"jazz funk","Jazz, R&B","Atlantis",2006-01-09,50,61,94,74,0,10,-10,B minor,4,7vMaH9D0MEwVBaKLAUDTRX,"whatmusic.com",GBEWZ0506301,no
997,"My Ancestors","Chrissy Zebby Tembo, Ngozi Family",124,4A,50,2026-06-12,03:27,14,"psychedelic rock","Rock","My Ancestors",2022-05-27,74,19,3,83,0,0,-12,F minor,4,5ZfajWPZCrybGueuWvRYua,"Now Again Records",USA2P2225873,no
998,"Mystery Boy - Vegyn Remix","Sassy 009, Vegyn",124,10B,51,2026-06-12,02:34,36,"idm, experimental hip hop","Hip Hop, Electronic","Mystery Boy (Vegyn Remix)",2023-01-18,59,72,0,29,0,10,-7,D,4,2MKMdhHQeRujdPrEaZp8aa,"Sassy 009",GB5P52200523,no
999,"Am I Really Here","Moonlight",124,8A,36,2026-06-12,04:13,0,"lo-fi hip hop","Easy Listening, Hip Hop","Follow the Sun",2017-05-05,61,40,1,43,0,10,-11,A minor,4,20JQqVuHLRi9oalHvjPbgO,"Anthology Recordings",QMV8L1401709,no
1000,"Prepad","Boban Petrovic",124,6B,54,2026-06-12,04:07,0,"aor","Rock","Aor Global Sounds, Vol. 2",2016-04-08,59,51,0,94,20,30,-10,A#/B♭,4,6r4Nt3xMAHyRyDaqQ12F7t,"Favorite",RS7Z28100003,no
1001,"The Fields","Nourished by Time",124,3A,58,2026-06-12,03:52,0,"indie electronic","Electronic, Pop, Rock","The Fields",2023-04-12,62,13,0,38,0,10,-12,A#/B♭ minor,4,4RhWesM9T1f1rCeDtIGKwJ,"Scenic Route Records",UK6822300046,no
1002,"Brandon's Song","Ben and the Tight Squeeze Band",124,8A,67,2026-06-12,05:11,4,"","","Thumping For You",2023-04-14,63,2,28,65,0,0,-11,A minor,4,7stOh4iRVvLKVtEud5H84c,"Athens Of The North",GBRH31201088,no
1003,"I LOVE YOUR GIRLFRIEND","Omar S, AF13, John FM",124,6A,34,2026-06-12,01:54,0,"chicago house, jazz house, lo-fi house, detroit house, indie electronic","Electronic, Pop, Rock, Jazz","Pain",2023-04-07,90,23,0,38,60,30,-12,G minor,4,5sznoNcvh1XXm6Y7jpA6Uo,"FXHE Records",QM4TX2348170,yes
1004,"Let's Talk About It","Ghisly Brown",124,10A,70,2026-06-12,03:58,24,"post-disco","Pop, R&B","Let's Talk About It",2019-03-29,75,40,44,97,0,10,-11,B minor,4,0WuwcBjLe0WB2SOUMtW2Ob,"Kalita Records",UKR7K1800095,no
1005,"Sereia Sentimental","Sessa",124,12B,29,2026-06-12,03:03,0,"new mpb","Latin, Traditional Music","Sereia Sentimental",2020-05-14,60,71,64,34,0,10,-15,E,4,3LVZvUWXMjHoZc5L8fRa6X,"Mexican Summer",QMV8L2029710,no
1006,"Trouble","Lindsey Buckingham",124,3B,50,2026-06-12,03:56,63,"","","Law and Order",1981-00-00,70,11,1,97,0,10,-13,C♯/D♭,4,04ijIUVdT4Qy1SBWFUPROY,"Reprise",USWB10000697,no
1007,"Jump and Prance-Dream Mix","DreamHouse",124,10B,60,2026-06-12,05:24,12,"","","Dreamhouse",2008-09-30,85,0,89,48,0,10,-10,D,4,06WzY4exLUwUw1ZLeonTpq,"Cabaret",USI4R0806787,no
1008,"Do It Again","Asso",124,5A,64,2026-06-12,06:10,24,"italo disco, hi-nrg, post-disco","Electronic, Pop, R&B","Do It Again",2016-11-16,66,2,57,97,0,20,-10,C minor,4,3ZBW7qNHXHAytnJkuGAMGR,"ACE Records / Best Record Italy [Powered by Planet Distribution]",ITN341600111,no
1009,"Mystical Creature's Best Friend","Eyedress",124,10A,36,2026-06-12,01:50,0,"","","Let's Skip to the Wedding",2020-08-07,41,88,66,20,0,10,-10,B minor,4,1pPkwo857tmjmVB0O6Jmb4,"Lex Records",GBMYF2000018,no
1010,"Family Man - 2017 Remaster","Fleetwood Mac",124,9B,67,2026-06-12,04:07,58,"yacht rock, classic rock, soft rock","Rock, Pop","Tango In the Night (Deluxe Edition)",1987-04-13,78,4,1,83,0,10,-10,G,4,56yLJIyy1EfAyujm5HSxJR,"Rhino/Warner Records",USRH11602194,no
1011,"Schlaraffenland - Kapote Rework","Carmen, Kapote",124,10A,77,2026-06-12,07:37,18,"progressive rock, jazz house, lo-fi house, italo disco, disco house, nu disco, funky house","Electronic, Pop, Jazz, Rock","Munk presents Teutonik Disaster",2019-03-15,88,1,6,93,0,0,-7,B minor,4,7jmqoeA4C8Z0kPOJJk8ZeL,"Toy Tonics",DEBY41200395,no
1012,"Bootstrap Jubilee","Yves Jarvis",124,9B,83,2026-06-12,02:32,16,"ambient folk","Electronic, Folk","The Zug",2022-05-13,65,20,0,67,0,50,-6,G,4,3NARbwmd4ssFkmFyYzTZkt,"Anti/Epitaph",USEP42101006,no
1013,"The Killing Moon","Echo & the Bunnymen",124,9B,83,2026-06-12,05:48,67,"new wave, post-punk, gothic rock","Rock, Pop","Ocean Rain (Expanded; 2007 Remaster)",1984-05-04,57,22,0,79,0,10,-7,G,4,35E2eKIEXXnP5q9L51iOAk,"WM UK",GBAHT8402300,no
1014,"Fall For You (Sandy Rivera's Classic Mix) [Moodymann Edit] - Mixed","Kings Of Tomorrow, April, Sandy Rivera",124,6A,41,2026-06-12,03:12,50,"deep house, funky house, tribal house","Electronic","DJ-Kicks (Moodymann) [DJ Mix]",2016-02-19,84,1,1,65,0,10,-11,G minor,4,4tn5R1MunTNzEj7SjPy7Nm,"!K7 Records",DEG931691538,no
1015,"Feelin Who You Are (Shelter Vocal)","Peven Everett, Shelter",124,12A,44,2026-06-12,07:30,0,"uk garage, jazz house, chicago house, uk funky, hardcore punk, hardcore, melodic hardcore, skate punk, punk","Electronic, Rock, Jazz","Feelin Who You Are",2008-10-23,77,0,77,84,0,10,-13,C♯/D♭ minor,4,4DM4KfqJSUbVifHqu5snBl,"Trippin Records",GBA2X1000020,no
1016,"Sometimes I Wish - Dramadance USA Mix","Pink & Black",124,8B,81,2026-06-12,07:16,0,"hi-nrg, italo disco","Electronic, Pop","Sometimes I Wish",2014-09-29,71,8,67,60,0,10,-10,C,4,3iu1XambRWfPXNGTEWMHbJ,"Emotional Rescue",GBJX38415001,no
1017,"The Girl Across the Street","Moses Smith",124,6B,73,2026-06-12,04:12,32,"northern soul, philly soul, motown","Pop, R&B","The Northern Side of Philly Soul",2002-01-01,59,1,1,81,0,0,-6,A#/B♭,4,5fWk1AxtnjbWEwUH6midXi,"Jamie/Guyden",USJRC0401903,no
1018,"I Get The Sweetest Feeling","Jackie Wilson",124,7B,48,2026-06-12,02:58,55,"motown, northern soul, classic soul, soul, doo-wop","R&B, Pop, Blues","I Get The Sweetest Feeling",1968-00-00,68,78,0,75,0,10,-9,F,4,7F1eoVZd2ySSJ70iP3PN1m,"Brunswick Records",USBWC0010022,no
1019,"Paintwork","The Fall",124,11B,68,2026-06-12,06:38,25,"post-punk, madchester, new wave, deathrock, proto-punk","Rock, Pop","This Nation's Saving Grace",1985-09-27,62,62,7,91,0,10,-13,A,4,0QQDHExfR1fjT5gK0IzVvO,"Beggars Banquet",GBAZP8500075,no
1020,"Bigger The Punch I'm Feeling","China Crisis",124,10B,44,2026-06-12,04:21,35,"new wave, synthpop","Pop, Rock, Electronic","Flaunt The Imperfection",1985-01-01,78,60,4,66,0,0,-14,D,4,5fad1bCvy2IdwhoFtY0RiD,"Virgin Records",GBAAA8500356,no
1021,"You Could Be","Anz, George Riley",124,6A,82,2026-06-12,03:38,43,"uk funky, breakbeat, indie r&b","Electronic, R&B, Rock","You Could Be",2021-08-31,71,1,14,52,0,0,-5,G minor,4,56tNMHvbcFPvYiDxA7xROH,"Ninja Tune",GBCFB2100627,no
1022,"Sais (Egypt)","Lonnie Liston Smith, The Cosmic Echoes",124,9A,52,2026-06-12,08:10,0,"jazz funk, jazz fusion, acid jazz, soul jazz","Jazz, R&B, Electronic, Rock","Liberation Music: Spiritual Jazz and the Art of Protest",2013-03-25,42,12,0,64,0,10,-12,E minor,4,7K5NbmpLvIJdJUG5uBcSwm,"Ace Records",USBB17401008,no
1023,"It's all in the eyes of [124 BPM]","Vegyn",124,2A,57,2026-06-12,01:37,0,"idm, experimental hip hop","Hip Hop, Electronic","Don't Follow Me Because I'm Lost Too!!",2022-01-26,51,99,68,12,0,30,-10,D#/E♭ minor,1,7LeeGCdhxS9D17ImZIGAXw,"PLZ Make It Ruins",GB5P52200061,no
1024,"B4 The Computer Crash","Vegyn",124,10A,81,2026-06-12,04:18,0,"idm, experimental hip hop","Hip Hop, Electronic","Like A Good Old Friend",2021-03-19,45,37,0,8,10,30,-8,B minor,4,1NvGN9q07n3PmZ3DZFRgqp,"PLZ Make It Ruins",GB5P52100007,no
1025,"Sei grande","Nek",124,9B,71,2026-06-12,03:57,53,"rock en español, latin pop","Latin, Pop, Rock","Lei, gli amici e tutto il resto",1996-00-00,64,9,0,73,0,0,-6,G,4,351isgmOaDsaeu32W3pGtx,"WM Italy",ITJ039700021,no
1026,"Percolator - Jamie Jones Vault Mix","Cajmere, Jamie Jones",124,3A,58,2026-06-12,05:02,44,"chicago house, baltimore club, footwork, house, tech house, deep house","Electronic, Hip Hop","Too Underground For The Main Stage",2013-05-13,84,0,38,28,0,20,-10,A#/B♭ minor,4,6ZRA5uk11p6M8cJBtoyq6N,"Cajual",USCEI1135313,no
1027,"Elegance of an Only Dream","Felt",124,10A,65,2026-06-12,05:22,10,"jangle pop, post-punk","Pop, Rock","Ignite the Seven Cannons (Remastered Edition)",1985-09-20,25,6,44,42,0,30,-10,B minor,4,6Kbh8yrKd5L5Zpk2mCGcq6,"Cherry Red Records",GBBLY8500027,no
1028,"Humble Maid","Lins & Ford",124,9A,22,2026-06-12,03:54,9,"","","Lonely Shadow",2015-10-29,51,92,0,25,0,10,-14,E minor,4,23oTFt4USnfvkh2Folq2Zi,"AufRuhr Records",DEAR41530958,no
1029,"Snelle Jongen Dunne Jasje","Henkie T, JoeyAK",124,4A,66,2026-06-12,02:29,48,"","","Visionair",2019-09-27,86,14,0,88,30,10,-5,F minor,4,0MwS9hVhUDm0LjOFxe92ZF,"Quatro Vision",QZHN51990661,yes
1030,"Vill Ha Allt","Hi Tom Low Tom",124,10B,85,2026-06-12,03:04,2,"","","Vill Ha Allt",2016-03-04,58,0,30,65,0,0,-9,D,4,5mxm6bmIJc3SnADgk13Y97,"ÅÄÖ Fonogram",SE3V61600101,no
1031,"Soho Loungin","Jordan Fields",124,3A,47,2026-06-12,04:28,1,"chicago house, acid house","Electronic","Moments in Dub",2002-10-21,82,0,82,66,10,0,-6,A#/B♭ minor,4,0vJzf8eam9G5wEYVkDNKz3,"Mo Wax",GBCPY0200010,no
1032,"Running Away","The Raincoats",124,8A,83,2026-06-12,02:49,18,"riot grrrl, post-punk, queercore, proto-punk","Rock","Moving",1984-00-00,55,34,2,85,10,0,-5,A minor,4,5HNwgMrDzIxKepdVz34TwY,"We ThRee",GB5ZC0900030,no
1033,"Ayonha - SHIHA Remix","Hamid Al Shaeri, Shiha",123,11B,81,2026-06-12,04:30,14,"egyptian pop","Pop","Ayonha (Remixes)",2025-08-15,67,2,9,67,0,0,-7,A,4,5jPqn6a5KTXN4w9McU4GsX,"House of Afandi Records",GXHAF2543246,no
1034,"Train in Vain (Stand by Me) - Remastered","The Clash",123,10B,72,2026-06-12,03:12,67,"punk","Rock","London Calling (Remastered)",1979-00-00,76,9,0,97,0,10,-9,D,4,6ITuEsxEy2qPhqMowdDAeI,"Sony Music UK",GBARL1200698,no
1035,"OPH","Raphael Saadiq",123,9B,31,2026-06-12,02:34,23,"neo soul, soul, retro soul","R&B, Blues","Instant Vintage",2002-01-01,60,79,0,80,0,10,-14,G,4,6FtRCuyYvZTuTg8QefpsKu,"UNI/MOTOWN",USUR10200140,no
1036,"Rhiannon","Blue Tandem",123,12B,64,2026-06-12,02:51,7,"yacht rock, jangle pop","Pop, Rock","Fleetwood Jack",2020-03-27,53,0,3,20,0,10,-6,E,4,2JeDgxesQsgqVdwe0aMHpl,"Numero Group",USCW62010617,no
1037,"There Was A Time / Raw Ramp / Electric Boogie - B Side","T. Rex",123,8A,79,2026-06-12,05:14,33,"glam rock, proto-punk","Rock","Electric Warrior",1971-09-24,52,20,0,37,0,10,-9,A minor,4,3KrPC87spuqdLhqnvE3oGW,"Universal Music Group International",GB2DY1200001,no
1038,"Woman Lake","snuggle",123,3B,40,2026-06-12,02:44,49,"bedroom pop, alternative r&b","Pop, R&B","Goodbyehouse",2025-09-12,58,2,2,39,0,10,-9,C♯/D♭,4,13jIYWdJqaXqON3URRS6Q3,"Escho",FR96X2534930,no
1039,"Idle Eyes (rRoxymore Remix)","C.A.R.",123,1B,54,2026-06-12,05:44,3,"indie dance","Electronic, Pop","Idle Eyes - EP",2014-09-29,70,12,87,44,0,30,-13,B,4,5LzPNaEkP06Fllw8Xk4NaX,"kill the dj",FRP3F1402020,no
1040,"Ayonha","Hamid Al Shaeri",123,11B,67,2026-06-12,03:39,59,"egyptian pop","Pop","The SLAM! Years: 1983 - 1988 (Habibi Funk 018)",2022-02-25,69,45,0,68,0,10,-9,A,4,7j3758mGOPLkd7UQsmbWYg,"HABIBI Funk Records",DESY21400661,no
1041,"There She Goes","The La's",123,9B,76,2026-06-12,02:42,74,"britpop, jangle pop","Pop, Rock","The La's",1990-00-00,53,1,83,92,0,20,-11,G,4,4c6vZqYHFur11FbWATIJ9P,"UMC (Universal Music Catalogue)",GBAQT8800001,no
1042,"Girl from the Mountain","Ghetto Brothers",123,3A,68,2026-06-12,04:24,35,"","","Power Fuerza",1972-00-00,47,28,0,87,0,0,-9,A#/B♭ minor,4,5d0Ga3ZvRUD9hdLv189r1A,"Vampisoul",QM6P41449831,no
1043,"Love Story","My New Band Believe",123,12B,34,2026-06-12,03:46,36,"art rock","Rock","Love Story",2026-03-17,37,76,2,9,0,10,-11,E,4,3FAgUjS7OqRoXl4WjowcKS,"Rough Trade",GBCVZ2500309,no
1044,"Deja Vu - Musaria Remix","Larry Heard, Musaria",123,11A,42,2026-06-12,08:23,17,"chicago house, acid house, jazz house, deep house, house","Electronic, Jazz","Vault Sessions 3",2026-03-27,82,4,60,75,10,0,-14,F#/G♭ minor,5,6prtaQSFZlx6HTjjqpMtqq,"Alleviated Records",US4G90400332,no
1045,"Only Love Can Break Your Heart - Masters at Work Mix","Saint Etienne",123,10A,71,2026-06-12,07:41,69,"madchester, britpop, alternative dance","Electronic, Pop, Rock","Casino Classics (Deluxe Edition)",1996-10-07,76,0,76,48,0,30,-7,B minor,4,6dabxUHfoWkMBh5cAnfAtj,"Heavenly Recordings",GBUM71106657,no
1046,"Shuffering And Shmiling, Pt. 2","Fela Kuti",123,3A,84,2026-06-12,12:25,37,"afrobeat, highlife, afropop","R&B, Traditional Music, Pop","The Best of The Black President",1999-01-11,83,31,0,49,10,0,-7,A#/B♭ minor,4,5Z0rNwUZGf5w8BsQGLjmTl,"Knitting Factory Records",USBQU1300031,no
1047,"The Sandgate Girl's Lament / Elsie Marley","The High Level Ranters, Johnny Handle",123,10B,35,2026-06-12,02:46,2,"traditional folk, folk, traditional music","Folk, Traditional Music","The Iron Muse - a Panorama of Industrial Folk Music",2016-12-29,56,88,0,96,0,0,-11,D,4,3VbfyLIoBKqNtsPPrj0npy,"Topic",GBBHW9346501,no
1048,"The Nervous Track (Masters At Work Ballsy Mix)","Nuyorican Soul",123,10A,60,2026-06-12,06:30,6,"acid jazz","Jazz","51 Old School NYC House Classics",2008-08-05,71,3,84,47,0,10,-18,B minor,4,6bvXKu3jabBScgsLySfzMy,"Nervous Records",USNRS0825304,no
1049,"Love Story","My New Band Believe",123,12B,34,2026-06-12,03:46,50,"art rock","Rock","My New Band Believe",2026-04-10,37,77,1,9,0,10,-11,E,4,6NZzRwgpQAuKWy8N9OdZpY,"Rough Trade",GBCVZ2500309,no
1050,"Fight Or Fall","Thin Lizzy",123,12A,57,2026-06-12,03:45,38,"classic rock, hard rock","Rock","Jailbreak",1976-01-01,70,59,0,55,0,50,-10,C♯/D♭ minor,4,5YqL8sEOVBbTyHYa6NbIJH,"EMI",GBF087600072,no
1051,"Heaven Is a Place on Earth","Belinda Carlisle",123,12B,90,2026-06-12,04:07,56,"","","Heaven on Earth (Deluxe Edition)",1987-10-05,63,1,0,69,0,0,-7,E,4,1ryT9eOWD1JuxPD5ew53SJ,"BMG Rights Management (UK) Ltd.",GBAAA8700010,no
1052,"Home - Tom Sharkett Edit, Instrumental","LCD Soundsystem, Tom Sharkett",123,10A,82,2026-06-12,06:27,18,"alternative dance, new rave","Electronic, Pop, Rock","Home (Tom Sharkett Edit)",2025-06-20,58,0,87,53,0,0,-7,B minor,4,412Hwt4jEiweewj8OMVc0x,"Rhino",GBAYE2500602,no
1053,"The Crowd","The Vile Grass",123,2B,96,2026-06-12,02:43,3,"","","Kernow Beat! Vol. 1",2024-11-08,50,43,90,51,0,30,-2,F#/G♭,4,0wMtlNdysYAGEJMuseO2ug,"Krautpop!",GXBDS2472088,no
1054,"If I Could Only Be Sure","Nolan Porter",123,7B,58,2026-06-12,03:21,55,"northern soul","R&B","Nolan",1972-05-15,76,2,12,80,0,0,-12,F,4,3X9MzewfAXyBbdPuWQDJUa,"Geffen",USMC17249964,no
1055,"All Night","Lélé, Zackavelli",123,10B,72,2026-06-12,02:36,45,"german hip hop","Hip Hop","All Night",2024-07-19,79,1,0,32,20,10,-8,D,4,0EjI12VfisGHQ0FDApG6ZS,"MIF",CH7812413706,yes
1056,"STONE VS STONE","STONE COLD LTD.",123,9A,79,2026-06-12,05:27,0,"","","METAL MADE (STONE VS STONE)",2025-01-03,76,44,27,48,0,50,-9,E minor,4,38qd4otAEdWclsaFzEgofy,"THREE SIXTEEN RECORDS",QZWFS2455777,no
1057,"Woman Lake","snuggle",123,3B,40,2026-06-12,02:44,41,"bedroom pop, alternative r&b","Pop, R&B","Woman Lake",2025-04-16,58,2,2,39,0,10,-9,C♯/D♭,4,6qSt1UvGaxHUzzV244HpmO,"Escho",FR96X2534930,no
1058,"Too Much Violence","The Clean",123,10B,71,2026-06-12,03:48,0,"jangle pop","Pop, Rock","Modern Rock",1994-10-01,54,20,9,67,0,20,-10,D,4,0Owm8OicJIr5hWBBTqyEia,"Merge Records",USMRG2073811,no
1059,"Cry Baby Cry","Throwing Muses",123,9B,83,2026-06-12,04:23,7,"riot grrrl","Rock","In A Doghouse",1998-09-14,40,0,0,26,0,10,-14,G,4,36zpISKQ5Md0gxRkEttBWh,"4AD",GBAFL9800162,no
1060,"Stoned - Manali Cream Mix","Rockers Hi-Fi",123,11B,48,2026-06-12,07:34,18,"trip hop","Electronic, Hip Hop","Rockers To Rockers",1995-05-01,80,6,85,36,0,10,-13,A,4,7Cs4SWacTyrtt99W547ETv,"UMC (Universal Music Catalogue)",GBANY9500093,no
1061,"Ocean Man","Ween",123,12B,91,2026-06-12,02:06,71,"neo-psychedelic","Rock","The Mollusk",1997-04-18,72,55,0,97,0,10,-6,E,4,6M14BiCN00nOsba4JaYsHW,"Elektra Records",USEE19701313,no
1062,"I Don't Know Why","Knocker Jungle",123,10B,46,2026-06-12,03:14,7,"folk rock, baroque pop","Classical, Pop, Folk, Rock","Knocker Jungle",2008-05-31,48,73,1,56,0,10,-13,D,4,3y0TQND5zyLFIVE8367RyF,"Future Noise Music Ltd.",GBSUW0702927,no
1063,"These Falling Arms","The Sea and Cake",123,4B,48,2026-06-12,04:53,18,"post-rock","Rock","Any Day",2018-05-11,71,74,0,60,0,10,-8,G#/A♭,3,3PLOq7LdSwDVN19MCjJyXm,"Thrill Jockey",USTJ21845910,no
1064,"Home - Tom Sharkett Edit","LCD Soundsystem, Tom Sharkett",123,10A,82,2026-06-12,06:30,41,"alternative dance, new rave","Electronic, Pop, Rock","Home (Tom Sharkett Edit)",2025-06-20,63,0,2,46,0,0,-6,B minor,4,6XA6bozZwlowStujsKQoIY,"Rhino",GBAYE2500601,no
1065,"I Thought I Heard You on the Radio","Paul McMahon",123,8B,33,2026-06-12,01:54,1,"","","paul mcmahon",2023-02-14,87,59,0,94,0,20,-14,C,4,5nnRVVBiaRCoTxQebkmFfF,"Neutral",uscgh2349398,no
1066,"Diwedd","Chwaer Fawr",123,8B,61,2026-06-12,02:36,5,"","","Diwedd",2025-06-27,44,0,9,54,0,40,-6,C,3,6KMJcmZQqQgfg4Ap63WxnP,"Klep Dim Trep",GBURJ2500002,no
1067,"Ayonha","Hamid Al Shaeri",123,11B,67,2026-06-12,03:39,1,"egyptian pop","Pop","The SLAM! Years: 1983 - 1988 (Habibi Funk 018)",2022-02-25,69,45,0,67,0,10,-9,A,4,5HCTbcF18u5DcYNwEWWf3n,"HABIBI Funk Records",DESY21400661,no
1068,"Streetlights and Stars","Orange Cake Mix",123,12B,36,2026-06-12,04:49,18,"dream pop","Pop, Rock","Silver Lining Underwater: Bliss Out, v.3",1997-00-00,46,86,0,50,0,10,-14,E,5,6NdMIDmjy6zblmEZTob83r,"Darla",USA4D9703101,no
1069,"Still In Love","Rose Royce",123,3A,54,2026-06-12,05:38,23,"quiet storm, disco, classic soul","R&B, Pop","Stronger Than Ever (Expanded Edition)",1982-04-01,67,17,0,52,0,0,-10,A#/B♭ minor,4,5BRKwovSQQAxCQzKzD3MqV,"Epic/Legacy",USSM18201082,no
1070,"Moral Tem Hora","Cristina Camargo",123,8B,74,2026-06-12,02:47,34,"","","Moral Tem Hora / Minas Do Rei Salomão",2024-01-26,80,1,0,96,0,0,-8,C,4,3hKSruI8Nl1lotngDEMPwW,"Disques Messager",FR7Z26500247,no
1071,"Could Heaven Ever Be Like This","Idris Muhammad",123,7A,84,2026-06-12,08:36,57,"jazz funk, soul jazz","Jazz, R&B","Turn This Mutha Out",1977-00-00,76,39,54,80,10,10,-7,D minor,4,1xkOg49ZxldiM1ioIudwUS,"CTI",USSM11405937,no
1072,"Eboness","Yusef Lateef",123,5B,28,2026-06-12,04:42,33,"jazz, hard bop, free jazz, avant-garde, cool jazz","Classical, Jazz","The Diverse Yusef Lateef",2006-09-19,65,81,55,75,0,30,-16,D#/E♭,4,5uZZ88VJipDxCkgtncqFMI,"Rhino Atlantic",USAT20109234,no
1073,"Free","チャクラ",123,8B,62,2026-06-12,03:36,24,"shibuya-kei, art pop, city pop","Pop, Electronic","さてこそ",1990-08-25,60,3,0,50,0,10,-10,C,4,2xCJahhxt4oL7PTZyZy662,"WAX RECORDS",JPB721102970,no
1074,"Got to Keep on Trying - Joey Negro Edit","Tenderness, Dave 'Love' Lee",123,9A,85,2026-06-12,06:24,16,"disco house, nu disco, funky house, disco","Pop, Electronic","Meat Me Down The Disco (Mixed by Horse Meat Disco)",2017-11-03,67,1,40,89,0,0,-6,E minor,4,7fdYeAUNER7qKs595gqt9o,"Z Records",GBPKF0700280,no
1075,"Ecstasy Cowgirl","Duster, Dirty Art Club",123,9A,62,2026-06-12,01:57,41,"slowcore, shoegaze, plunderphonics, trip hop","Electronic, Rock, Hip Hop","Anhedonia II b/w Ecstasy Cowgirl",2024-08-12,52,76,96,69,0,10,-11,E minor,4,7GSxTOAcqyTQFwBBY0ztSn,"Numero Group",USCW62474002,no
1076,"Together Again","Janet Jackson",123,9B,51,2026-06-12,05:01,69,"new jack swing","R&B","The Velvet Rope",1997-10-07,87,6,2,48,10,10,-12,G,4,1aJnGme5ZRltYTp8FJ52eZ,"Virgin Records",USVI29700014,no
1077,"It's Your Body 5","Connan Mockasin",123,10A,19,2026-06-12,03:50,0,"experimental pop, kiwi rock, neo-psychedelic, psychedelic pop","Pop, Rock","Caramel",2013-11-04,52,98,25,30,10,10,-15,B minor,4,7mhp9u3wTYJ8WBazVlIF21,"Phantasy",GBTZZ1300061,no
1078,"When Will I Be Famous?","Bros",123,7B,78,2026-06-12,04:01,44,"","","The Best of Bros",2004-00-00,63,5,0,62,0,10,-9,F,4,5165YVSgUjNbqKhC3D0xBc,"Columbia",GBBBN8700005,no
1079,"Hidden","Javier De Baraja",123,3A,83,2026-06-12,07:21,0,"","","The Collection, Pt. 3",2018-06-11,80,1,89,81,0,0,-10,A#/B♭ minor,4,4SyNg4b9upNefWm4EcvO0I,"Cloudbreak Records",US83Z1811909,no
1080,"Fugitive Vesco (Demo Version)","Fist Of Facts",123,5A,43,2026-06-12,05:45,3,"","","Fist of Facts EP",2009-08-19,86,45,58,38,10,10,-12,C minor,4,5eU7XrinKPUeu8dHByrsXC,"Claremont 56",GBSWL1000013,no
1081,"Piedone and the Baron","Guido De Angelis, Maurizio De Angelis",123,9B,80,2026-06-12,04:09,17,"","","Piedone lo sbirro (Original Motion Picture Soundtrack from  Piedone lo sbirro )",2013-01-01,74,8,90,92,0,10,-9,G,4,3AC4kDeepAAEgbA4M25hsf,"Cinevox Record",ITC040402788,no
1082,"Go Easy - Take 3","John Martyn",123,3B,19,2026-06-12,04:15,2,"folk rock, folk","Folk, Rock","The Island Years",2013-01-01,39,84,0,14,0,10,-18,C♯/D♭,4,6GSg08Bzk1ScJNQShU7H80,"UMC (Universal Music Catalogue)",GBUM71304026,no
1083,"Movin (Special Extended Club Remix)","400 Blows",123,10B,92,2026-06-12,06:49,26,"noise rock","Rock","Future Sounds Of Jazz, Vol. 11",2007-11-05,74,5,78,24,0,0,-7,D,4,6WBozAmhI9fS6IXtxFtcjv,"Compost Records",DEM090700168,no
1084,"Linda","Father's Children",123,5B,79,2026-06-12,04:13,22,"traditional soul","R&B, Traditional Music","Who's Gonna Save The World",2011-06-21,61,47,0,72,0,10,-6,D#/E♭,4,1RUW8dijAdHDlPW7itZxcC,"Numero Group",USCW61103702,no
1085,"Backfield in Motion","Mel & Tim",123,10B,72,2026-06-12,02:34,38,"classic soul, northern soul, motown, soul","R&B, Pop, Blues","Good Guys Only Win in the Movies",1996-12-10,69,70,0,95,0,20,-6,D,4,13ZomYeSnp7PhcU1kRBI6f,"Sundazed Music / Modern Harmonic",USCWY0610724,no
1086,"I Want to Hug the Sky","Impala Syndrome",123,10A,53,2026-06-12,03:24,0,"","","Impala Syndrome",2015-01-01,79,1,23,97,0,10,-12,B minor,4,5ROaoSsS4Vs9eturYeQwRS,"AkarmaRecords",FR96X1519083,no
1087,"How Long","Ace",123,5A,41,2026-06-12,03:24,70,"yacht rock, soft rock","Rock, Pop","Five-A-Side",1974-01-01,72,59,10,70,0,0,-14,C minor,4,6Wgst4P9SOnc6WGLtfTb1z,"Cavalcade Records Ltd",GBAZJ0600006,no
1088,"Mr. Tough","Yo La Tengo",123,7B,68,2026-06-12,04:05,33,"dream pop, slowcore","Pop, Rock","I Am Not Afraid Of You And I Will Beat Your Ass",2006-09-11,71,39,4,94,0,20,-5,F,4,3TW2CAG3Ie3btcJH3qM48L,"Matador",USMTD0669204,no
1089,"The Foot That's Holding Me Down","Charles Murphy",123,8B,54,2026-06-12,05:53,0,"","","The Foot That's Holding Me Down",2024-02-13,56,40,0,86,0,10,-11,C,4,6zQi5idN8qsg19nymNAJPf,"Efficient Space",QM4TW2433818,no
1090,"Armadilha","Finis Africae",123,8B,62,2026-06-12,03:51,31,"brazilian rock","Rock","Finis Africae",1987-01-01,83,39,0,86,0,10,-10,C,4,5Zf8WximSWHokDYf92HrUL,"Universal Music Ltda.",BREMI8700287,no
1091,"I Feel So Down","Barracuda",123,3B,65,2026-06-12,02:37,5,"glam metal, aor","Rock, Metal","The Electric Asylum, Volume 3: Rare British Acid Freakrock",2014-11-16,78,89,0,87,0,30,-10,C♯/D♭,4,5VEZ0hZheBes6Wm7Ou1Pnx,"ODL",CYRLD1401208,no
1092,"You Don't Know Me","Caetano Veloso",123,10A,46,2026-06-12,03:49,52,"mpb, bossa nova, samba","Jazz, Latin","Transa",1972-01-01,56,74,0,69,0,10,-11,B minor,4,7Fw7VPZTX461fLYo72UkV1,"Universal Music Ltda.",BRMCA7200152,no
1093,"The Emperor's New Clothes","Sinéad O'Connor",123,2A,71,2026-06-12,05:16,55,"","","I Do Not Want What I Haven't Got",1990-07-01,74,2,0,71,0,10,-8,D#/E♭ minor,4,0HSmS7KsbOpB3K4UFdOSx9,"Chrysalis Records",GBAYK9000071,no
1094,"Cementerio Club","Pescado Rabioso",123,11A,29,2026-06-12,04:55,60,"argentine rock, latin rock, rock en español","Rock, Latin","Artaud",1973-05-07,55,13,20,16,0,10,-15,F#/G♭ minor,3,0O9BqfU1Cdm7YqmD0TrT9i,"Microfon",ARF109902849,no
1095,"Everything Flows","Teenage Fanclub",123,5B,90,2026-06-12,05:11,0,"power pop, jangle pop, britpop","Pop, Rock","A Catholic Education",1990-06-11,27,3,80,65,0,0,-9,D#/E♭,4,2p7QjwcjAhXKNNcCfLi4jd,"Fire Records",GBCKK0200255,no
1096,"Dingoes Lament","The Dingoes",123,1B,2,2026-06-12,02:07,7,"","","The Dingoes",1974-00-00,77,90,22,10,10,10,-22,B,4,7o6cPiyIwv967qnNaz4SSW,"WM Australia",AUMU07400024,no
1097,"All I Really Want to Do","The Byrds",123,11B,57,2026-06-12,02:03,38,"folk rock, country rock, psychedelic rock, acid rock","Rock, Country, Folk","Mr. Tambourine Man",1965-06-21,45,11,0,81,0,0,-8,A,4,1MI0O2mwTpdwkZpfWz4J7o,"Columbia/Legacy",USSM16500025,no
1098,"Glass Dreams","Kevin McCormick, David Horridge",123,1B,15,2026-06-12,04:51,23,"","","Light Patterns",2021-07-23,38,99,73,15,0,0,-19,B,4,6sYPj6HtbxFgWl4mPMwEKY,"Smiling C",NLM971900278,no
1099,"Estoy Brillando","Fe 59",123,9B,62,2026-06-12,03:30,20,"","","Nunca Seas Triste",1977-00-00,72,13,0,70,0,10,-8,G,4,5HKnZzLVqL03aXKg2VBEG8,"MAG",QM6P41437477,no
1100,"Hard To Leave The Island","Margaret Wakeley",123,8B,47,2026-06-12,03:27,36,"","","Hard To Leave The Island / So Hard To Be Away",2020-08-28,70,75,0,92,0,10,-15,C,4,1kng7Zj0lYxbNkpb0BWet6,"RE:WARM",GB9TP2000838,no
1101,"Dancin'","Chris Isaak",123,3B,54,2026-06-12,03:45,44,"","","Silvertone",1985-01-10,76,11,20,97,0,20,-13,C♯/D♭,4,5kdDYdgOWJz8EGDTzSbmw9,"Chris Isaak",USRE19902577,no
1102,"Caso Sério","Rita Lee, Roberto De Carvalho",123,10A,33,2026-06-12,05:25,60,"mpb, brazilian rock","Rock, Latin","Rita Lee",1980-05-05,79,80,1,56,0,0,-15,B minor,4,2HvuyQEnKR82zwfIuCBaWH,"EMI Music Brasil Ltda",BREMI8000533,no
1103,"Castles Of Sand","Jermaine Jackson",123,12B,42,2026-06-12,03:37,26,"","","Greatest Hits And Rare Classics",1991-01-01,62,78,0,74,0,20,-13,E,4,140R1QEfYzlxeKiIFUFNvs,"UNI/MOTOWN",USUM71300300,no
1104,"Mirror Town","Ronnie Laws",123,8B,46,2026-06-12,04:50,5,"jazz funk, smooth jazz, acid jazz, jazz fusion","Jazz, R&B, Electronic, Rock","Mirror Town",1986-05-01,86,28,0,83,0,0,-13,C,4,0Q9eCrO7mnzF2Ay4fh8Yci,"Columbia/Legacy",USSM11707000,no
1105,"Lost in Music","Gay Marvine",123,10B,59,2026-06-12,05:14,34,"disco house","Electronic","Bath House Etiquette Vol. 1",2010-10-20,82,4,14,71,0,10,-12,D,4,1RkS8iPPQwVSYtMZysvV9j,"Bath House Etiquette",US-328-10-20102,no
1106,"Requiem Again - 2024 Remaster","The Durutti Column",123,12B,38,2026-06-12,04:01,49,"art rock, post-punk","Rock","Vini Reilly",1989-01-01,68,93,78,23,0,10,-14,E,4,673do07xdvVTt65SIwRtc3,"London Music Stream/Because Music",GBAAP0200132,no
1107,"Summer Days / Golden Haze","White Feather",123,9B,69,2026-06-12,03:56,12,"","","We Are the Children of the Sun",2022-04-15,41,13,0,53,0,20,-10,G,4,3wijBhLCmihOQGksp303my,"BBE Music",UKS5T2100003,no
1108,"Love Love Love","Those Guys",123,3B,91,2026-06-12,10:07,29,"disco house, chicago house","Electronic","Basement Boys Anthology",2005-01-01,73,0,78,22,0,0,-8,C♯/D♭,4,3lrsQQ6tK4UcO164pSmHDU,"Basement Boys Records",usgcc0640609,no
1109,"Date With The Rain","Eddie Kendricks",123,11B,72,2026-06-12,02:40,36,"motown, classic soul, philly soul, soul","R&B, Pop, Blues","People... Hold On",1972-01-01,62,35,0,56,10,10,-12,A,4,4fN44oV5yhUEt6NDSDCLBS,"UNI/MOTOWN",USMO17782766,no
1110,"Together Again","Janet Jackson",123,9B,59,2026-06-12,05:01,2,"new jack swing","R&B","The Velvet Rope",1997-10-07,87,8,1,50,10,10,-9,G,4,1GrikfH0jDejDvrxo84n4P,"Virgin Records",USVI29700014,no
1111,"Feelin Who You Are (Original)","Peven Everett",123,12A,40,2026-06-12,04:55,0,"uk garage, jazz house, chicago house, uk funky","Electronic, Jazz","Feelin Who You Are",2008-10-23,87,4,2,82,0,10,-8,C♯/D♭ minor,4,73K4jhhyd37OyPOcbMt0CQ,"Trippin Records",GBA2X1000023,no
1112,"Marbles","Ludwig A.F.",123,3A,56,2026-06-12,05:54,3,"breakbeat, idm","Electronic","Marbles",2022-08-25,64,5,75,4,0,0,-10,A#/B♭ minor,4,2srnvihnjvMISMx8AeA6ay,"Exo Recordings International",FRX282295588,no
1113,"Backfield in Motion","Mel & Tim",123,10B,72,2026-06-12,02:34,0,"classic soul, northern soul, motown, soul","R&B, Pop, Blues","Good Guys Only Win in the Movies",1996-12-10,69,70,0,95,0,20,-6,D,4,6rCVaWvrLlPNiIIhR2N6p2,"Sundazed Music / Modern Harmonic",USCWY0610724,no
1114,"You're Messin With My Mind","Clarence Carter",123,5B,59,2026-06-12,04:22,6,"classic blues, classic soul, soul, motown","Blues, R&B, Pop","I Couldn't Refuse",2006-10-12,67,22,0,81,0,20,-16,D#/E♭,4,68XlnZPfhrS7MN7r5cU4Pq,"Ronn Records",US2Y30622466,no
1115,"Green Fuz","The Cramps",123,1B,76,2026-06-12,02:09,41,"psychobilly, horror punk, rockabilly, deathrock, gothic rock, proto-punk, punk","Rock, Metal","Psychedelic Jungle",1981-05-01,53,23,43,91,0,20,-9,B,4,37XHUxnLE7yw4zhY7ce3pt,"EMI Catalogue",USCA28901722,no
1116,"Otis - 2024 Remaster","The Durutti Column",123,6B,29,2026-06-12,04:17,53,"art rock, post-punk","Rock","Vini Reilly",1989-01-01,54,72,80,9,0,70,-14,A#/B♭,4,7A2yhrdnFspRjpX8RC8UW1,"London Music Stream/Because Music",GBAAP0200124,no
1117,"The Secret","Slapp Happy",123,7B,37,2026-06-12,03:31,29,"krautrock, art pop, art rock, avant-garde","Pop, Rock, Classical, Jazz, Electronic","Casablanca Moon/Desperate Straights",1993-01-01,61,87,3,86,0,20,-15,F,4,21qjC0yWjixTPQ6KNhPyd4,"Virgin Records",GBAAA7400258,no
1118,"Synthezoid Heartbreak","Maya",123,8A,58,2026-06-12,04:11,0,"dub","Electronic, Reggae","Synthezoid Heartbreak / Distant Visions",2016-02-26,57,34,18,85,0,10,-9,A minor,4,4JJW9zMla7TB1MOH829GCw,"Touch Sensitive",UK9421600032,no
1119,"Thank Ya","Sweet D",123,1B,52,2026-06-12,08:29,10,"chicago house, acid house, post-disco","Electronic, Pop, R&B","Thank Ya",2014-09-29,78,4,93,98,0,10,-16,B,4,0MJaxWVVSAesPZWbZksDqo,"Trax Records",USV351407479,no
1120,"Life on Mars? - 2015 Remaster","David Bowie",123,6B,38,2026-06-12,03:55,73,"glam rock, art rock","Rock","Hunky Dory (2015 Remaster)",1971-12-17,45,64,0,22,0,0,-15,A#/B♭,4,3ZE3wv8V3w2T2f7nOCjV0N,"Parlophone UK",USJT11500131,no
1121,"Moonstreams","Grover Washington, Jr.",123,3B,9,2026-06-12,05:55,25,"soul jazz, smooth jazz","Jazz, R&B","Feels So Good",1975-01-01,27,92,95,19,0,20,-24,C♯/D♭,4,12SXrd4YbTtUxZuAFjTJSo,"Verve Reissues",USUMG9900453,no
1122,"Easy Ryder","Ty Segall, White Fence",123,10B,50,2026-06-12,02:23,38,"garage rock, neo-psychedelic, psychedelic rock, baroque pop","Classical, Pop, Rock","Hair",2012-04-24,48,0,24,65,0,20,-8,D,4,5fc3OtAHC5Od69c30s7N11,"Drag City Records",US58L1250303,no
1123,"How Long","Ace",123,5A,41,2026-06-12,03:24,1,"yacht rock, soft rock","Rock, Pop","Five-A-Side",1974-01-01,72,59,10,70,0,0,-14,C minor,4,4AjKVyNUMdUveKK5OH1OJD,"Cavalcade Records Ltd",GBAZJ0600006,no
1124,"Father Stretch","Sunday Service Choir",123,9A,68,2026-06-12,05:51,51,"gospel, christian r&b, worship","Christian, R&B, Traditional Music","Jesus Is Born",2019-12-25,39,21,0,19,40,60,-8,E minor,4,2tLH5EsewbZNvmWidJqzDF,"INC",QMGR32062393,no
1125,"One More Time","Daft Punk",123,10B,70,2026-06-12,05:20,85,"french house, electronic, electro","Electronic","Discovery",2001-03-12,61,2,0,48,10,30,-9,D,4,0DiWol3AO6WpXZgp0goxAV,"Daft Life Ltd./ADA France",GBDUW0000053,no
1126,"Movin (Special Extended Club Remix)","400 Blows",123,10B,92,2026-06-12,06:49,0,"noise rock","Rock","Future Sounds Of Jazz Vol.11",2007-11-05,74,5,77,24,0,0,-7,D,4,704KpgyfE2Qj2ginSf4FEg,"Compost Records",DEM090700168,no
1127,"House (with an attic)","Dima Pantyushin, Sasha Lipsky",123,8B,61,2026-06-12,04:41,13,"","","Peshekhod",2021-03-26,74,17,87,54,0,10,-10,C,4,3zv0agab3QagZTxVLNdodK,"Beats In Space",QMUDY2100012,no
1128,"Springtime Again","Sun Ra & His Arkestra",123,7B,43,2026-06-12,09:15,0,"free jazz, jazz fusion, experimental jazz, jazz, avant-garde","Classical, Jazz, Electronic, Rock","Sleeping Beauty (Expanded Edition)",1979-11-02,36,49,41,18,0,10,-12,F,4,1IMbKfMzGyFK4WxsMy9xRF,"Enterplanetary Koncepts",USCXG2100391,no
1129,"My Man","Cruisin' Gang",123,7A,56,2026-06-12,06:05,19,"italo disco, hi-nrg, italo dance","Electronic, Pop","My Man",1983-09-01,75,15,1,96,0,10,-13,D minor,4,18EsRCrzoqsdqZBJ2I9wrf,"CRUISIN' RECORDS",TCAEJ1919916,no
1130,"In The Beginning - Original Mix","Tikkle",123,7B,82,2026-06-12,04:46,0,"chicago house, acid house","Electronic","Outer Limits",2016-11-25,76,0,84,46,0,10,-9,F,4,3VMe3h8k6HFlRiRNvNal1i,"House Jam",GBJX35416011,no
1131,"Zota Yinne","Alogte Oho Jonas and His Sounds of Joy, The Sahel Souls",123,6A,49,2026-06-12,04:11,16,"ethiopian jazz","Jazz","Zota Yinne (feat. The Sahel Souls)",2014-05-12,77,12,0,89,0,10,-10,G minor,4,1MtwkeTt4ZsMKeTd1QWnuk,"Philophon",DESV91400003,no
1132,"Strawberry Wine","Imagination",123,3A,52,2026-06-12,06:22,9,"post-disco, disco","Pop, R&B","Boogie on the Mainline – a Collection of Rare Disco, Funk and Boogie from Germany 1980-1987",2018-09-21,82,1,0,87,10,30,-11,A#/B♭ minor,4,44eHTAkwe8novAbi3tNADM,"Boogie On The Mainline",DEFU31840006,no
1133,"Brothers - Gabi's Mix","DAF",123,1B,72,2026-06-12,05:59,0,"neue deutsche welle, ebm, industrial, cold wave, krautrock, post-punk, darkwave, new wave, synthpop","Electronic, Rock, Pop","The Best Of Funky Alternatives",2010-08-08,77,58,78,75,0,0,-13,B,4,6HFaLbe0jpq8bzW8HTLhN7,"Easy Action / Digital Concrete",GBMMS0800475,no
1134,"Goodnight Tonight","Wings",123,12A,65,2026-06-12,04:22,45,"","","Pure McCartney",2016-06-10,76,13,1,92,0,10,-11,C♯/D♭ minor,4,3biofZjKYOw75cPE2oTSFo,"Paul McCartney Catalog",GBCCS1500203,no
1135,"Space 2","Nala Sinephro",123,1A,12,2026-06-12,04:54,0,"ambient jazz, ambient, experimental jazz, nu jazz","Electronic, New Age, Easy Listening, Jazz","Space 1.8",2021-09-03,35,87,71,4,0,10,-20,G#/A♭ minor,4,2qUmQvqFLcmFEWuu5cHQzm,"Warp Records",GBBPW2100168,no
1136,"Do Ya Think I'm Sexy?","Gene Summers",123,9A,91,2026-06-12,04:01,12,"rockabilly, psychobilly, rock and roll","Rock","Taboo!",2011-12-01,78,24,0,77,0,0,-7,E minor,4,4Y541fUX5J6xfmTiYg4yl5,"Overtone ReCo USA",ushm91159333,no
1137,"Sunrise - Michael Cassette Remix Radio Edit","Joe Bermudez, Louise Carver, Michael Cassette",123,8A,79,2026-06-12,03:38,15,"synthwave, progressive house, progressive trance","Electronic","Sunrise: Remixes, Pt. 1",2016-04-25,68,1,0,7,0,0,-7,A minor,4,42QDARWuLQfYzCOf6WWCOh,"617 Records",QMSNZ1602064,no
1138,"4A","Obscure Desire",122,8B,48,2026-06-12,04:04,14,"post-disco","Pop, R&B","Obscure Desire",2025-01-26,75,5,83,53,0,0,-12,C,4,2nRIAGG0yNddvFS48SPsXv,"Emotional Rescue",QMFMF2416088,no
1139,"Thinking Too Loud?","Sasha Jan Rezzie",122,12A,81,2026-06-12,05:43,2,"lo-fi house","Electronic","All My Dreams",2016-03-04,56,0,78,20,0,10,-9,C♯/D♭ minor,4,1wlaEvpMn2LF24gQftmciR,"1080p",CAE5H1600028,no
1140,"Goodbye","Christy Essien Igbokwe",122,11B,71,2026-06-12,04:11,36,"highlife","Traditional Music","One Understanding",1979-10-10,89,5,30,66,10,0,-8,A,4,402F8nnGRwhlRKndk52Qae,"APEX ENTERTAINMENT",GBHCD1717280,no
1141,"I'll Fly for You - Glide Mix; 2010 Remaster","Spandau Ballet",122,4A,87,2026-06-12,07:16,19,"new wave, synthpop","Pop, Rock, Electronic","Parade (Special Edition)",1984-06-22,77,10,30,89,0,0,-6,F minor,4,3Kwc780bTf6Nj6cV1dQG1z,"Parlophone UK",GBAYK1000068,no
1142,"Another Day - 2012 Remaster","Paul McCartney, Linda McCartney",122,9B,34,2026-06-12,03:42,63,"","","RAM (Archive Collection)",1971-05-17,70,29,1,82,0,0,-14,G,3,6qYmf2NjhDfsF7x5U5DUOf,"Paul McCartney Catalog",GBCCS1100100,no
1143,"The Holly Bears the Crown","Bobby Lee",122,9B,3,2026-06-12,03:31,2,"ambient folk","Electronic, Folk","The Holly Bears the Crown",2023-12-15,41,65,90,4,0,0,-30,G,4,2dZO4d2kAWszG9NLzxtULG,"Tompkins Square",USA2P2361112,no
1144,"I'll Fly for You - 12  Glide Mix","Spandau Ballet",122,4A,83,2026-06-12,07:16,8,"new wave, synthpop","Pop, Rock, Electronic","Reformation",2002-09-02,80,15,50,90,0,0,-6,F minor,4,7yhCthZgP7zE1ULOw8DWTS,"Parlophone UK",GBAYK8400069,no
1145,"I'll Fly for You","Spandau Ballet",122,3A,71,2026-06-12,05:35,43,"new wave, synthpop","Pop, Rock, Electronic","Gold - The Best of Spandau Ballet",2000-05-15,68,35,0,64,0,10,-7,A#/B♭ minor,4,64Ui8fxhBU7TiM1I043MTe,"Parlophone UK",GBAYK8400012,no
1146,"Your Very Eyes","Shoes",122,10B,65,2026-06-12,03:08,21,"power pop, jangle pop, proto-punk","Pop, Rock","Present Tense",1979-09-15,60,15,0,71,0,30,-10,D,4,0MFuGwMBdNWkAnmZ1Alis7,"Warner Music Group - X5 Music Group",USEE10503432,no
1147,"Strange Feelin'","Tim Buckley",122,9B,22,2026-06-12,07:40,35,"folk rock, folk","Folk, Rock","Happy Sad",1969-00-00,42,72,5,37,0,0,-18,G,3,6X53ZMjsdLZ7B04WB6xqwt,"Rhino/Elektra",USEE10180644,no
1148,"Tired of Waiting for You","The Kinks",122,8B,68,2026-06-12,02:30,50,"proto-punk, baroque pop","Classical, Pop, Rock","Kinda Kinks (Deluxe)",1965-03-05,68,43,0,84,0,20,-11,C,4,7E6XQyE4fu7Qn5aodR5sBy,"Sanctuary Records",GBAJE6500001,no
1149,"Laugh","Birdie",122,6B,40,2026-06-12,03:02,16,"jangle pop","Pop, Rock","Some Dusty",1999-00-00,75,90,4,45,0,10,-10,A#/B♭,4,6M8lYDgfVOqoNPiZDiIjKo,"Kindercore",US25T9910372,no
1150,"jamon","Rebe",122,10A,26,2026-06-12,03:55,37,"","","jamon",2020-11-13,71,77,10,41,0,10,-12,B minor,4,7pA1jbH5XqA8XL9M2yHQGr,"Elefant Records distributed by Altafonte",ES6642000101,no
1151,"Walk Over God's Heaven","Mahalia Jackson",122,7B,36,2026-06-12,02:33,13,"traditional gospel, gospel, christmas","Pop, Christian","The Essential Mahalia Jackson",2004-00-00,76,83,0,68,0,10,-11,F,4,0mPzRU8gsa9xKioPP3PbJM,"Columbia/Legacy",USSM10400908,no
1152,"Fantastic World","Misha Panfilov, Tomo Katsurada",122,9A,65,2026-06-12,03:35,26,"experimental jazz, ambient jazz","Easy Listening, Jazz","Eternal Almost",2026-04-01,32,80,75,68,0,10,-5,E minor,4,0HMUIW8k85yBzjj9EsnKU8,"Future Days Radio / Funk Night Records",QZTAX2607666,no
1153,"Crazy Feeling","Lou Reed",122,9B,83,2026-06-12,02:54,46,"glam rock, proto-punk, art rock","Rock","Coney Island Baby",1976-01-19,80,16,0,96,0,10,-6,G,4,2mauTBfQkFGicjZiRY3Vlm,"RCA Records Label",USRC17507647,no
1154,"Got 2 Have Your Love (Sweet Soul Mix)","Helen Sharpe, Ron Allen",122,6A,74,2026-06-12,05:34,29,"","","Got 2 Have Your Love",1991-04-20,74,25,11,73,0,10,-9,G minor,4,0b1nISgkOwwFkyvIp6A5KL,"Strobe Records",CAAF50600024,no
1155,"San Tropez","Pink Floyd",122,8B,32,2026-06-12,03:42,60,"progressive rock, psychedelic rock, classic rock, art rock, rock","Rock","Meddle",1971-11-11,69,17,2,54,0,0,-15,C,4,3kbUFmLV5SHVQonfOpNgkd,"Pink Floyd Records",GBN9Y1100063,no
1156,"Emily","C Turtle",122,9B,35,2026-06-12,02:12,9,"","","This Is Not Karate EP",2022-06-24,59,93,94,61,0,10,-17,G,4,6E6xEdSSM5zpdHPjTD4ZKd,"Twitcher Records",QZK6K2231455,no
1157,"Train in the Distance","Paul Simon",122,4B,25,2026-06-12,05:12,41,"singer-songwriter","Folk","Hearts And Bones",1983-11-04,64,89,2,31,0,10,-17,G#/A♭,4,6IeVAjKzFzLkQOajVL5zpY,"Legacy Recordings",USSM11002196,no
1158,"The One With The Wurlitzer","American Football",122,12B,66,2026-06-12,02:43,50,"midwest emo, math rock, emo","Rock","American Football",1999-09-14,53,57,91,20,0,10,-11,E,4,4j4ioik29OV3k35gwUWO3k,"Polyvinyl Records",US3R49900018,no
1159,"Cod Liver Oil and Orange Juice","Hamish Imlach",122,5B,30,2026-06-12,03:46,40,"folk, celtic, traditional folk","Folk, Traditional Music","Cod Liver Oil and Orange Juice - The Transatlantic Anthology",2006-01-01,64,92,0,67,0,20,-12,D#/E♭,4,3XUlWM75bfYQHb854hDALe,"Transatlantic",GBAJE6600328,no
1160,"Heaven","Eurythmics, Annie Lennox, Dave Stewart",122,2A,77,2026-06-12,03:29,4,"new wave, synthpop, new wave pop, rock keyboard","Pop, Rock, Electronic","Savage",1987-11-09,71,0,32,97,0,0,-11,D#/E♭ minor,4,7C4XHgapBd1yl5YqhiGMkk,"RCA Records Label",GBARL0401086,no
1161,"Police Scanner","Chanel Beads",122,11B,67,2026-06-12,02:22,59,"lo-fi indie","Electronic, Rock","Your Day Will Come",2024-04-19,61,32,2,40,0,10,-7,A,4,1uLOYD6T0wdpOD8FcgsPuv,"Jagjaguwar",US38Y2345901,no
1162,"Get In The Sun","Joan Armatrading",122,8B,34,2026-06-12,03:21,18,"singer-songwriter","Folk","Show Some Emotion",1977-01-01,73,41,0,54,0,30,-16,C,4,6GdvIRWDUMOxc9gEoGOhFq,"A&M",GBAAM7701010,no
1163,"Come & Get It","Santrax",122,11A,65,2026-06-12,05:17,5,"","","Under The Influence Vol.10 compiled by Rahaan",2022-09-30,81,22,4,73,10,0,-8,F#/G♭ minor,4,2P9DIxIfyoLYfsgN97Xm37,"Z Records",GBPKF2200062,no
1164,"Walkabout (W/ Noah Lennox)","Atlas Sound, Noah Lennox",122,10B,92,2026-06-12,03:58,41,"dream pop, neo-psychedelic, shoegaze","Pop, Rock","Logos",2009-10-19,54,4,0,35,0,20,-6,D,4,2e3KUBfcAwAyQtgbeUBKob,"kranky",USNCB0913803,no
1165,"Godstar","Psychic TV",122,8B,82,2026-06-12,03:38,41,"industrial, acid house, neofolk, post-punk, avant-garde","Electronic, Classical, Jazz, Rock, Folk","Allegory & Self",2017-07-14,61,21,0,63,0,0,-7,C,4,3wKbHzOS4fjZNLvv0MW64W,"Sacred Bones Records / Dais Records",US5NR1702001,no
1166,"Kidney Bingos","Wire",122,11B,66,2026-06-12,04:12,35,"post-punk, proto-punk, new wave, punk","Pop, Rock","A Bell Is a Cup Until It Is Struck",1988-05-01,68,14,2,70,0,10,-13,A,4,4kM4aFaonMCZb8rfC7yn2G,"Mute, a BMG Company",GBAJH0401031,no
1167,"Disgyn mae y glaw","Atgyfodiad",122,11B,63,2026-06-12,03:33,2,"","","Cân y Crwydryn",1973-00-00,47,29,0,47,0,0,-12,A,4,0QpQSTJ00WVojz1vn0gsu1,"Sain (Recordiau) Cyf.",GBCFU0400475,no
1168,"Onde de Choc","Smagghe & Cross",122,5B,13,2026-06-12,04:38,17,"","","MA",2017-05-19,35,97,82,13,0,20,-22,D#/E♭,4,6lCpPTJoy4mXDlTQctbrWa,"Offen Music",DEHE41700008,no
1169,"Long Promised Road - Remastered 2009","The Beach Boys",122,8B,39,2026-06-12,03:32,42,"baroque pop","Classical, Pop","Surf's Up",1971-08-30,58,56,0,49,0,40,-11,C,4,4x3wjsXr6MtWNXii5gA1Ai,"Capitol Records",USGJP1300216,no
1170,"Melvin","The Belles",122,11B,77,2026-06-12,02:29,21,"garage rock","Rock","Melvin b/w Come Back",2023-12-15,69,56,0,88,0,0,-4,A,4,38qXDMaMS3BzFYr9qr1eM2,"Numero Group",QMB621705001,no
1171,"Street Angel","Dolphin",122,12B,58,2026-06-12,04:40,2,"","","Street Angel",1978-01-25,71,34,0,97,0,10,-13,E,4,0govfob0ZiSr4SNkjngamt,"Private Stock",QM4TX1950301,no
1172,"Baby I Love You","Barracuda, Anthology Recordings",122,9B,27,2026-06-12,02:58,14,"","","Maybe I'm Dreaming",2025-08-01,79,33,65,60,0,0,-13,G,4,3fa0a3aunSXdJ6YpoA7yyo,"Anthology Recordings",QMV8L2413807,no
1173,"Are You Really on Drugs?","The Clean",122,9B,55,2026-06-12,02:46,0,"jangle pop","Pop, Rock","Mister Pop",2009-09-08,63,0,87,43,0,30,-9,G,4,0vRdw4Dn862ci4NjJutQI6,"Merge Records",USMRG0932502,no
1174,"There May Come A Time","Bart & Friends",122,9B,59,2026-06-12,03:00,8,"jangle pop, power pop","Pop, Rock","There May Come A Time EP",2012-06-18,51,12,88,42,0,0,-10,G,4,41NERWqhXZwkFOZMMJXMCa,"Matinée Recordings",USGDD1208101,no
1175,"If The Feeling Is Right","Beverly Skeete",122,7B,69,2026-06-12,03:47,0,"","","Funk Machine 25",2000-01-01,77,4,0,90,0,30,-10,F,4,3OirvgPj5Fv2m7NfAfmp5S,"RRNJ",FR8GV2272370,no
1176,"In The Sky","Shunzo Ohno",122,10B,65,2026-06-12,04:15,13,"jazz fusion","Electronic, Jazz, Rock","DJ Notoya Presents Funk Tide - Tokyo Jazz Funk From Electric Bird 1978-87",2024-03-15,58,10,96,81,0,20,-12,D,4,4ONLnJApyeL8hHtT2L61nP,"WeWantSounds",JPKI07972431,no
1177,"That Ain't Right - Krivit's Klub Mix","Judy Albanese",122,10A,69,2026-06-12,07:19,4,"","","That Ain't Right",1995-01-01,77,0,3,67,0,0,-13,B minor,4,4648mu40N0URamQoSmd9E3,"Nettwerk Music Group",USA2P0721260,no
1178,"Sun","Margo Guryan",122,2B,56,2026-06-12,02:36,28,"baroque pop","Classical, Pop","Take A Picture",1968-01-01,43,5,0,45,0,20,-8,F#/G♭,4,5HtMWQFq71FIyWlg1M12aP,"Numero Group",USOEG0080802,no
1179,"Crazy","The Clean",122,8B,62,2026-06-12,02:43,0,"jangle pop","Pop, Rock","Getaway (Deluxe 2016 Remaster)",2001-04-24,65,14,75,72,0,40,-10,C,4,0QYRuXrcpSBWxfAhFsx5A6,"Merge Records",USMRG1618803,no
1180,"New World Energy","Space Ghost",122,3A,89,2026-06-12,05:11,17,"jazz house, lo-fi house","Electronic, Jazz","Time to Dance",2020-08-21,77,14,90,86,0,20,-9,A#/B♭ minor,4,6E24w1m3bgZSk00LQPEcGV,"Tartelet Records",DEG932002891,no
1181,"Forever Monna","Chez Damier, Stacey Pullen",122,1A,99,2026-06-12,05:06,29,"chicago house, house, techno","Electronic","Movement: Torino Music Festival (Off Series) [Issue I]",2011-11-30,67,88,94,28,0,10,-5,G#/A♭ minor,4,03Z9FKjsOaDy6DpgLhBB2E,"Movement Sound Recordings",NOAPI1215108,no
1182,"Face To Face","Milan W.",122,9A,53,2026-06-12,04:22,0,"","","Leave Another Day",2024-10-01,36,0,73,10,0,10,-9,E minor,4,1CO9C5vmZdvB2XX7YuARYm,"Stroom",BEIX82400504,no
1183,"Mujer","Grupo Amigos",122,5B,54,2026-06-12,03:28,6,"baroque pop","Classical, Pop","It's a Beautiful Day: Soft Rock & Sunshine Pop From Peru 1971-1976",2023-03-24,52,0,0,37,0,20,-6,D#/E♭,4,4AOJ6xw1TZoMT2fCj9E14w,"Discos MAG",QM4TX2334245,no
1184,"Wife Once","Memory of Speke",122,12A,43,2026-06-12,03:45,11,"","","Wife Once",2024-09-13,57,14,4,54,0,20,-9,C♯/D♭ minor,4,0vCtC5xweWwyLl84yfM1iR,"Memory of Speke",USA2P2450068,no
1185,"Adura","West African Rhythm Brothers",122,11B,29,2026-06-12,02:53,8,"calypso, highlife","Latin, Traditional Music","London Is the Place for Me 2",2011-09-30,75,80,0,79,0,0,-16,A,4,17gdpOsh5rAYGBEwvjAIzm,"Honest Jon's Records",DEZ651103174,no
1186,"When the Going Gets Tough, The Tough Get Going","Billy Ocean",122,12B,76,2026-06-12,04:08,64,"yacht rock","Pop, Rock","The Very Best of Billy Ocean",2010-04-26,76,41,0,93,0,30,-6,E,4,5UU5FbITNm5OunvHQdsKME,"Sony Music UK",GBAHK9700110,no
1187,"Cosmic Bliss","Misha Panfilov",122,7B,48,2026-06-12,02:10,12,"experimental jazz, ambient jazz","Easy Listening, Jazz","In Focus",2023-09-29,49,1,1,50,0,20,-12,F,4,2AUuvxD7qApbli6k9dEma3,"Jazzaggression",QMDA62395972,no
1188,"One In A Million","Aaliyah",122,10A,51,2026-06-12,04:30,70,"r&b, contemporary r&b","R&B","One In A Million",1996-08-13,74,3,0,35,0,0,-5,B minor,4,3j64qSBGg8zPn4zRa9Wok1,"Blackground / Seeker Music",USUYG1353137,no
1189,"Gruesome Castle","The Wake",122,11B,66,2026-06-12,03:18,21,"jangle pop, post-punk, deathrock, dream pop, gothic rock, cold wave, new wave","Electronic, Rock, Pop","Here Comes Everybody + Singles",2002-02-01,43,1,27,66,0,30,-11,A,4,5UH7r8pCQy4nC3GTEk3hu5,"LTM Recordings",GBHBR0400336,no
1190,"Nothing But Blue Skies","Jackie Wilson",122,5B,75,2026-06-12,02:18,20,"motown, northern soul, classic soul, soul, doo-wop","R&B, Pop, Blues","I Get The Sweetest Feeling",1968-00-00,76,60,3,97,0,0,-8,D#/E♭,4,1LbShhZ5STYxWHIgLwqykW,"Brunswick Records",USBWC0710032,no
1191,"Reality","Ice",122,11A,74,2026-06-12,03:36,15,"","","Reality",2017-12-20,53,3,2,78,10,30,-12,F#/G♭ minor,4,5MVvS31WyHA0t9eY3bGWrW,"Athens Of The North",GBRH31200319,no
1192,"I Want to Be the President","Electrelane",122,7B,65,2026-06-12,04:46,30,"krautrock, post-rock","Electronic, Rock","I Want to Be the President",2005-10-24,73,2,31,39,0,0,-9,F,4,1941bup2pLQQVbxBBbidnU,"Too Pure",GBBNZ0200057,no
1193,"Heroine","Sinéad O'Connor, The Edge, Steve Lillywhite",122,3B,47,2026-06-12,04:27,34,"","","Captive Original Soundtrack",1986-01-01,55,6,0,40,0,10,-11,C♯/D♭,4,4i0bvDu2J8KOOxTzPs5qpc,"Virgin Catalogue",GBAAA8600118,no
1194,"(Long) Beach Culture","Thompson Twins",122,6B,58,2026-06-12,06:46,0,"new wave, synthpop","Pop, Rock, Electronic","Quick Step and Side Kick (Deluxe Edition)",1983-02-01,85,2,41,65,0,10,-11,A#/B♭,4,1wNHDYuaJi8ODPV9wz8Ui3,"BMG Rights Management (UK) Limited",GBARK0400035,no
1195,"Mellow Feeling, Pt. 1","Barbara Lynn",122,10A,62,2026-06-12,03:16,20,"northern soul","R&B","Mellow Feeling",1979-00-00,73,54,61,92,0,10,-12,B minor,4,5alSHrmH3vJ6zt8z8d2EyT,"Soul Brother Records",GBNYT7900002,no
1196,"Magnificent Seventies","The American Analog Set",122,10B,59,2026-06-12,08:57,16,"slowcore, post-rock","Rock","From Our Living Room To Yours",1997-01-01,35,4,88,86,0,20,-12,D,4,4xL0WDRIOOMPCnJOicZIR0,"Numero Group",USS320810009,no
1197,"Disco Illusion","Stephen Encinas",122,10A,69,2026-06-12,06:44,34,"disco","Pop","Disco Illusion",2014-05-16,60,8,0,89,10,30,-8,B minor,4,1ROPlnnzLFGZBD4NELKZoa,"Westside Studio",DEZ651340092,no
1198,"Trinidad - Special Disco Mix","John Gibbs and The U.S. Steel Orchestra",122,11B,72,2026-06-12,05:08,0,"","","Soul Jazz Records Presents Disco: A Fine Selection of Independent Disco, Modern Soul and Boogie 1978-82",2015-01-06,69,14,85,76,0,10,-10,A,4,0y9fNNIiSXretp1sdHrytD,"Soul Jazz Records",GBBCK1400745,no
1199,"Almost Grown","The System",122,8A,78,2026-06-12,06:09,40,"","","The System EP",2016-11-24,58,2,2,51,10,0,-8,A minor,4,2GZo4z9zabTtACE3oeyxAE,"Music From Memory",NLD7H1600048,no
1200,"Police Scanner","Chanel Beads",122,11B,67,2026-06-12,02:22,0,"lo-fi indie","Electronic, Rock","Police Scanner",2023-11-08,61,32,3,41,0,10,-7,A,4,15YfCOUZ0480yVO8huUvTY,"Jagjaguwar",US38Y2345901,no
1201,"Moonlite - Duality/Detroit Live Version","Ian Fink",122,4A,60,2026-06-12,08:11,10,"","","DJ-Kicks: Theo Parrish",2022-10-28,64,4,89,31,0,40,-14,F minor,4,2IeQKG88rRCmx562V29iy0,"!K7 Records",DEG932203164,no
1202,"Smiling Faces","Kid Montana",122,7A,76,2026-06-12,04:22,6,"cold wave, synthpop","Electronic, Rock, Pop","Temperamental + Singles",1986-00-00,71,23,1,76,0,10,-8,D minor,4,5NcHjsSCxrG7HrjIPc7NWy,"LTM Recordings",GBHBR0403928,no
1203,"Dreaming","Sun Ra",122,5B,32,2026-06-12,02:45,21,"free jazz, experimental jazz, jazz, avant-garde, hard bop","Classical, Jazz","The Early Albums Collection 1957-1963",2018-06-08,53,92,0,73,0,10,-14,D#/E♭,4,1QBzAy8XotTXMzupyXyzQh,"ENLIGHTENMENT",USY251817265,no
1204,"(Long) Beach Culture","Thompson Twins",122,6B,58,2026-06-12,06:46,13,"new wave, synthpop","Pop, Rock, Electronic","Quick Step and Side Kick (Deluxe Edition)",1983-02-01,85,2,41,65,0,10,-11,A#/B♭,4,2Rd7xXsYRI1uJnEEtWb6ff,"BMG Rights Management (UK) Ltd.",GBARK0400035,no
1205,"Oh, I've Been Blessed","Bobby Taylor",122,4A,73,2026-06-12,02:43,25,"motown, northern soul","Pop, R&B","Taylor Made Soul",1969-01-01,64,37,0,80,0,80,-7,F minor,4,6YdpCpjXSuarmv1S2nuA99,"UNI/MOTOWN",USUM70601103,no
1206,"She","The Fortels",122,2B,69,2026-06-12,02:59,10,"","","Ghost Riders",2022-10-14,55,32,1,47,0,0,-8,F#/G♭,4,1WOqAcIwO9RjeUkRAdEUDS,"Efficient Space",QM4TX2241917,no
1207,"Thousand Finger Man","Candido",122,6A,87,2026-06-12,09:06,0,"afro-cuban jazz, latin jazz, disco","Jazz, Latin, Pop","Dancin' & Prancin'",1979-01-01,75,2,23,60,0,0,-11,G minor,4,4E79Q9ljBF895zpQoLdxAl,"Salsoul Records",QMSGD1220021,no
1208,"The Individual You","T.J. Hustler, Metaphysical Synthesized Orchestra",122,11A,64,2026-06-12,13:45,9,"","","Age of Individualism",1979-01-02,75,25,18,88,0,10,-13,F#/G♭ minor,4,7JvtJAxeCAMjqBzN0eOzPX,"Companion Records",QM7281705819,no
1209,"Foothills","Keith Christmas",122,6A,20,2026-06-12,03:55,1,"folk rock","Folk, Rock","Brighter Day",2004-06-21,39,73,0,39,0,0,-16,G minor,4,0QuPNsxG8OYPAeztmwbCJY,"Voiceprint",GBBEL0422002,no
1210,"Firefly","The Cat's Miaow",122,10B,27,2026-06-12,02:48,9,"jangle pop","Pop, Rock","The Long Goodbye: Bliss Out v.14",1999-04-27,36,92,81,12,0,10,-15,D,4,4kXSJryewGtWEBi43ZcRSn,"Darla",USA4D9908404,no
1211,"Melody (1983 Club Vinyl Mix)","Plustwo",122,7B,74,2026-06-12,03:56,48,"italo disco","Electronic, Pop","Melody",2014-03-26,91,27,8,94,0,0,-4,F,4,2VIJ2Nt8uk3Pi3IqEwtO1y,"Giorgio Costantini",uscgj1430511,no
1212,"Holy Dance - Large Sound Mix","Agua Re",122,8A,91,2026-06-12,04:56,38,"","","Welcome to Paradise (Italian Dream House 89-93) Vol. 1 & 2",2017-03-24,80,14,85,75,0,10,-9,A minor,4,5fQdk2X2pa1KyCS9PtZT41,"Safe Trip",ITCO51500052,no
1213,"Train Leaves Here This Mornin","Dillard & Clark",122,1B,34,2026-06-12,03:48,0,"country rock","Country, Rock","The Fantastic Expedition Of Dillard & Clark",1968-10-24,59,48,0,53,0,20,-14,B,4,3QakrNWYNgZ89by21ImeBN,"A&M",USAM16800015,no
1214,"The Bells of Rhymney","The Byrds",122,10B,67,2026-06-12,03:30,37,"folk rock, country rock, psychedelic rock, acid rock","Rock, Country, Folk","Mr. Tambourine Man",1965-06-21,38,16,0,64,0,30,-8,D,4,1mpv6hIbfG75txI9zJGcf4,"Columbia/Legacy",USSM16500024,no
1215,"Got 2 Have Your Love (Jazz Rave Mix)","Helen Sharpe, Ron Allen",122,5A,67,2026-06-12,05:54,14,"","","Got 2 Have Your Love",1991-04-20,67,9,83,62,0,10,-11,C minor,4,3FWNEQIVyV1icxKz0k6QTj,"Strobe Records",CAAF50600025,no
1216,"RING!!!","Maryyx2",122,3B,83,2026-06-12,01:11,22,"alté","Electronic, Hip Hop, R&B","Silent Noise (The Album)",2022-08-12,71,11,66,72,0,30,-8,C♯/D♭,4,3O0r0XDK8tOPxPsw455qDh,"SILENT NOISE REC",QZK6F2294957,no
1217,"Michael Who Walks by Night","Strawberry Switchblade",122,9B,55,2026-06-12,03:39,31,"","","Strawberry Switchblade",1985-01-01,74,4,0,88,0,0,-13,G,4,4JvlozI5g2IUoUbiNKkpfk,"Domino Recording Co",GBAHT0200092,no
1218,"Cap'tain Coke","Marc Et Frank",122,10B,74,2026-06-12,04:26,16,"","","Retour Au Club Meduse Compiled by Charles Bals",2020-03-20,79,4,46,95,0,10,-8,D,4,5pbjEWbccscyhKhkWhKuQG,"Spacetalk",GB7RM2000011,no
1219,"The Drug","Röyksopp",122,9B,44,2026-06-12,05:58,30,"downtempo, electronica, trip hop","Electronic, Hip Hop","Senior",2010-08-08,50,9,87,16,10,10,-15,G,4,5XJ8hRyorBvUaajwjQnuMf,"Dog Triumph",GBG4U1000005,no
1220,"Miko","Fumihiro Murakami",122,4A,39,2026-06-12,05:32,21,"","","Heisei No Oto: Japanese Left-field Pop From The CD Age, 1989-1996",2021-03-15,38,88,0,14,0,10,-12,F minor,4,6PRU5QaFsSxafEwKMemxB9,"Music From Memory",NLD7H2000074,no
1221,"Shake What You Got","J.P.'s Force",122,8A,76,2026-06-12,03:43,5,"boogie, post-disco","R&B, Pop","Time To Throw Down",2007-08-09,66,6,1,76,0,0,-6,A minor,4,4DPmQOZvuSD0LlMNwrvf8n,"Sensational Records",ushm90735879,no
1222,"No Ordinary Lover","China Crisis",122,3A,61,2026-06-12,03:41,9,"new wave, synthpop","Pop, Rock, Electronic","Singles / B-Sides / Versions",2022-07-15,83,27,0,75,0,20,-9,A#/B♭ minor,4,4Sa1Kdzq6XE9skOHwP1oml,"UMC (Universal Music Catalogue)",GBAAA8200094,no
1223,"skylinny","bar italia",122,10B,79,2026-06-12,01:28,0,"lo-fi indie","Electronic, Rock","Quarrel",2020-09-04,79,73,43,58,0,0,-11,D,4,7kkId3cTmIILVy4FHtbRNq,"World Music",USYBL2001665,no
1224,"Gossip Folks (feat. Ludacris)","Missy Elliott, Ludacris",122,8B,54,2026-06-12,03:54,64,"hip hop, southern hip hop","Hip Hop","Under Construction",2002-11-12,71,36,0,44,50,30,-5,C,4,75DjPjiIp2fvJDjtt41Jfs,"Atlantic Records/ATG",USEE10240932,yes
1225,"Godstar","Psychic TV",122,9B,75,2026-06-12,03:44,17,"industrial, acid house, neofolk, post-punk, avant-garde","Electronic, Classical, Jazz, Rock, Folk","Hex Sex - The Singles Pt. 1",1994-00-00,55,1,0,49,0,80,-9,G,4,6HF2yUqqoMfMwy0bxLREwT,"Genesis P-Orridge",USV351423547,no
1226,"Jasmine's Dream","Dreamscape",122,5A,84,2026-06-12,05:38,0,"","","Welcome To Our New Age House",2021-08-06,64,0,91,81,0,10,-9,C minor,4,7GfpBZHDlqkJgW58axsB6U,"World Building",USYBL2101441,no
1227,"Il ne dira pas - Single Edit","Étienne Daho",122,10B,80,2026-06-12,03:24,9,"variété française, french pop, chanson, french house","Folk, Traditional Music, Electronic, Pop","Il Ne Dira Pas",1981-00-00,69,1,13,80,0,10,-5,D,4,77zFffUkx4kPzxYS9AU7RO,"Parlophone (France)",FRZ189800202,no
1228,"Kick in the Eye","Bauhaus",122,9B,55,2026-06-12,03:40,48,"gothic rock, post-punk, deathrock, darkwave, cold wave, new wave","Electronic, Rock, Pop","Mask",1981-00-00,64,3,0,85,0,0,-16,G,4,1WmDtKY1clNiRdc5xY8Bms,"Beggars Banquet",GBAZP8100281,no
1229,"Can't Stop the Music (He Played It Much Too Long)","Daryl Hall & John Oates",122,10A,85,2026-06-12,02:50,19,"yacht rock, soft rock","Rock, Pop","War Babies",1974-00-00,56,37,0,70,0,20,-6,B minor,4,3JVywXjwrPQrONrtn9GWBO,"Rhino Atlantic",USAT20105139,no
1230,"Disco Illusion","Stephen Encinas",122,10A,55,2026-06-12,06:44,0,"disco","Pop","Disco Illusion",2014-05-16,61,36,4,92,10,30,-11,B minor,4,2XTRCpjlWAUlnheHM3q463,"Invisible City Editions",DEZ651340092,no
1231,"Medicated Yoga","Lifted",122,12A,52,2026-06-12,05:24,7,"ambient jazz, idm","Easy Listening, Jazz, Electronic","1",2015-05-01,55,53,81,51,0,10,-14,C♯/D♭ minor,4,1AQF5GPvLBzBHooiJWnD5v,"PAN",DEX260993128,no
1232,"Welcome to the Void","Morgen",122,6A,70,2026-06-12,04:47,17,"psychedelic rock, acid rock","Rock","Morgen",1969-10-02,38,1,0,47,0,0,-10,G minor,4,4MYUhRmtCqAvoQmwaI03DQ,"EVA",FRX089200400,no
1233,"Entanglement","Soccer96",122,8A,47,2026-06-12,03:58,0,"space rock","Rock","Dopamine",2021-09-24,44,3,77,32,0,10,-9,A minor,4,2aXFIvsGaeSG80BOsYsGqk,"Moshi Moshi Records",GBGEY2100095,no
1234,"Afe Ato Yen Bio","De Frank Professionals",122,5B,86,2026-06-12,04:42,38,"afrobeat, highlife","R&B, Traditional Music","Afro-Beat Airways: Ghana & Togo 1974-1978 (Analog Africa No. 8)",2010-08-02,81,40,0,95,0,10,-5,D#/E♭,4,6IwbrqhA8HxDwcIWNbAbGV,"Analog Africa",DENR91068011,no
1235,"If You Don't Love Me","Prefab Sprout",122,3B,92,2026-06-12,03:42,30,"jangle pop","Pop, Rock","The Collection",2001-02-13,52,0,7,44,0,10,-7,C♯/D♭,4,0xTXFbvqudpyTzYWdNBrX6,"Epic",GBBBN9202001,no
1236,"No Ordinary Lover","China Crisis",122,3A,45,2026-06-12,03:41,6,"new wave, synthpop","Pop, Rock, Electronic","Methods Of Dance (Electronica & Leftfield ‘73-‘87)",2013-01-01,81,23,0,70,0,30,-15,A#/B♭ minor,4,1NeHB8z8fXXxEbWWLUHeGR,"UMC (Universal Music Catalogue)",GBAAA8200094,no
1237,"Love Is Strange - Remastered 2018","Wings",122,12B,45,2026-06-12,04:50,43,"","","Wild Life",1971-12-07,82,1,0,84,0,10,-10,E,4,76c5cWYXWl3u9pDcltf0aT,"Paul McCartney Catalog",GBCCS1800007,no
1238,"ITs not emotional enough [122 BPM]","Vegyn",122,9B,59,2026-06-12,00:49,0,"idm, experimental hip hop","Hip Hop, Electronic","Don't Follow Me Because I'm Lost Too!!",2022-01-26,60,90,89,51,0,10,-12,G,3,4cas77RnW7zvp8UMBs4Co4,"PLZ Make It Ruins",GB5P52200063,no
1239,"Chrome Country","Oneohtrix Point Never",122,4B,32,2026-06-12,05:05,0,"plunderphonics, idm, ambient, drone, experimental, vaporwave","Electronic, New Age, Classical, Rock","R Plus Seven",2013-09-30,38,12,90,4,0,0,-9,G#/A♭,4,5G54EXkOheyrrT3CDM07Mm,"Warp Records",GBBPW1300079,no
1240,"Never Had a Love so Good","Charles Johnson",122,7B,67,2026-06-12,03:36,16,"northern soul","R&B","Northern Soul - The Soundtrack to Your Life",2014-01-13,74,71,0,79,0,20,-11,F,4,5PDvKadFauTMUW6zDOvO0S,"Perpetual",USGZ21558791,no
1241,"Singing in the Lightyears","MJ Lallo",122,7A,46,2026-06-12,05:18,4,"","","Take Me with You",2018-11-23,68,61,89,85,0,10,-14,D minor,4,4P4Yr5rRXpkuKneEnJWROc,"Séance Centre",QM6P41869050,no
1242,"Daddy's Baby","Cody Chesnutt",122,3A,49,2026-06-12,02:37,0,"neo soul, retro pop","R&B, Easy Listening, Pop","The Headphone Masterpiece",2003-01-21,49,89,0,68,0,70,-8,A#/B♭ minor,4,4vvMwBFrmm5jkL6NSfO2Ru,"One Little Independent Records",GBBTF0200311,no
1243,"Clara Bow","The Cleaners From Venus",122,7B,75,2026-06-12,04:36,19,"jangle pop","Pop, Rock","Living With Victoria Grey",1986-00-00,71,14,0,83,0,30,-8,F,4,276mwnXvauHo2ETTqVnphG,"Mr Mule",QMMZN1300592,no
1244,"A Song for Syd Barrett","The Cleaners From Venus",122,1B,93,2026-06-12,03:59,21,"jangle pop","Pop, Rock","Under Wartime Conditions",1984-00-00,61,36,0,60,10,30,-6,B,4,5DEhBejQxInMfPJcsWRxxj,"Mr Mule",QMMZN1300227,no
1245,"As The Time Goes By","Funkapolitan",122,8A,62,2026-06-12,05:54,0,"post-disco","Pop, R&B","As The Time Goes By / If Only",1981-01-01,86,6,0,77,10,0,-10,A minor,4,1wVliDy6irskM34sD31efT,"Crimson",UKRVC1900003,no
1246,"Fantasy (feat. Sajaeda) - Klubhead Mix","Cassioware, Sajaeda, Klub Head",122,5B,77,2026-06-12,06:18,0,"","","Fantasy (feat. Sajaeda)",1994-04-08,76,2,10,86,0,10,-7,D#/E♭,4,0lIz8hDfOnprzrknNO21Dr,"Slip 'N' Slide",GBCPZ1104981,no
1247,"Just Around","Soundstream",122,9B,67,2026-06-12,06:56,23,"disco house, french house","Electronic","Sound Sampler, Vol. 1",2011-00-00,78,0,94,31,0,10,-9,G,4,4Lc8ioJLhvCAwcEz0YiVQK,"Soundsampler",DEMM41301155,no
1248,"Fantasy (feat. Sajaeda) - Klubhead Track Dub","Cassioware, Sajaeda, Klub Head",122,8A,47,2026-06-12,06:29,0,"","","Fantasy (feat. Sajaeda)",1994-04-08,91,1,51,78,0,0,-13,A minor,4,3BswxZLpw5nqKGlMbKDBrB,"Slip 'N' Slide",GBCPZ9416696,no
1249,"Whirlwind","Wamdue Kids",122,3B,88,2026-06-12,08:53,27,"acid house","Electronic","These Branching Moments",1996-01-01,61,1,71,50,0,60,-8,C♯/D♭,4,7qm5f1U7XXGbtWvNNkj909,"Peacefrog Records",GBEWK9600035,no
1250,"Love Machine - im:Takt Remix Club Edit","Supermax",122,8B,49,2026-06-12,07:01,29,"","","Love Machine (im:Takt Remixes)",2015-07-20,81,4,82,87,0,0,-10,C,4,4pjKt1FWOkmRfDYYmz5OGi,"im:Deep Records",DEH741506390,no
1251,"Don't Ever Change","The Jesus and Mary Chain",122,7B,57,2026-06-12,03:33,15,"shoegaze, post-punk, dream pop, noise rock, new wave","Pop, Rock","Barbed Wire Kisses (B-Sides and More)",1988-00-00,54,0,14,48,0,60,-9,F,4,4tbnxv0yuFoPd5iR2nwjCV,"WM UK",GBAHT0700549,no
1252,"Thin Air","Tessa Stivar",122,10B,39,2026-06-12,03:41,0,"","","Thin Air",2020-05-31,80,1,0,52,0,0,-10,D,4,3nQQQyFskcdViShs8XfqVb,"Jubilee Records Uk",USHM22075346,no
1253,"Ay Ay Ay Ay (Angle-Lala)","Nora Dean",121,7B,44,2026-06-12,03:05,21,"rocksteady, calypso, roots reggae, reggae, ska, dub","Latin, Electronic, Reggae","Gay Jamaica Independence Time (Expanded Version)",1970-01-01,89,62,23,89,0,0,-12,F,4,6UiZvrnmJ1aM66DuhAPFJB,"Trojan Records",GB5KW1600434,no
1254,"Time Is Like a Promise - 2012 Remaster","Tír na nÓg",121,9A,24,2026-06-12,02:55,42,"","","Tír Na NÓg (2012 Remaster)",1971-01-01,57,90,0,42,0,10,-17,E minor,3,3E4pxnghXvm6ZoLpXsSHV8,"Chrysalis Records",UKKP21200009,no
1255,"Mr. Dieingly Sad","The Critters",121,6B,31,2026-06-12,02:49,41,"baroque pop","Classical, Pop","Younger Girl (Expanded Edition)",1966-00-00,54,40,0,64,0,10,-15,A#/B♭,4,6hmRnUMvKaD57cWELcxWCy,"Geffen",USMC16610010,no
1256,"That's the Way Love Is - Underground Mix; Edit","Ten City",121,9B,74,2026-06-12,04:15,44,"chicago house, acid house","Electronic","Foundation",1989-00-00,64,1,0,70,0,0,-11,G,4,5eFCFpmDbqGqpdOVE9CXCh,"Rhino Atlantic",USEE10250640,no
1257,"Cobra","Geese",121,9B,83,2026-06-12,03:05,69,"art rock","Rock","Getting Killed",2025-09-26,53,26,2,60,0,40,-4,G,4,7qOBKhD1a54OvLvVee2tGf,"Partisan / Play It Again Sam",USBQU2500077,no
1258,"Nakweda Dream","Zru Vogue",121,8B,47,2026-06-12,04:51,12,"space rock, post-punk, cold wave","Electronic, Rock","Zruism 1980-84",1998-00-00,43,12,81,14,0,10,-13,C,4,1AOiCeo3N1oS296rU07khh,"Zru Vogue",ushm20522203,no
1259,"My Sweet Lord - 2014 Remaster","George Harrison",121,12A,69,2026-06-12,04:41,81,"","","All Things Must Pass (2014 Remaster)",1970-11-20,54,8,0,56,0,0,-9,C♯/D♭ minor,4,0KZodeWxqxd88F9wY1cqgs,"BMG Rights Management (US) LLC",GB77R1400026,no
1260,"I AM!","pôt-pot",121,11B,86,2026-06-12,06:00,19,"krautrock","Electronic, Rock","Warsaw 480km",2025-09-19,54,3,78,60,0,10,-8,A,4,7zhgBD7wLOU20tbJ3vW1dc,"felte",QMGEB2511406,no
1261,"We Means We Starts","Colin Newman",121,10B,37,2026-06-12,03:43,18,"post-punk, cold wave","Electronic, Rock","CN1",1981-01-01,73,40,0,78,0,10,-15,D,4,1ighgXWxlZWT4nA1RxgIop,"swim ~",GBAFL8200100,no
1262,"Buzzin' Fly","Tim Buckley",121,7B,32,2026-06-12,06:04,51,"folk rock, folk","Folk, Rock","Happy Sad",1969-00-00,46,71,3,42,0,20,-13,F,4,3Xy16SYnhBiSBL5yUXaHG1,"Rhino/Elektra",USEE10180646,no
1263,"Mkwaju","Mkwaju Ensemble",121,1A,49,2026-06-12,06:28,14,"","","Computer Incarnations For World Peace III",2015-11-27,71,89,90,30,0,10,-14,G#/A♭ minor,4,2mx7O88JR2wrlTqckLtr53,"Sonar Kollektiv",DEP961500027,no
1264,"In Love With You - Remastered 2023","The Paradise, Alan Braxe, Romuald",121,3B,89,2026-06-12,04:14,43,"french house","Electronic","The Upper Cuts (2023 Edition)",2023-03-31,45,0,4,9,0,60,-6,C♯/D♭,4,4ZWyIlQo4Za4kophcOoI4i,"Smugglers Way",FR08V2200002,no
1265,"Stop Wasting Your Time","Rita Coolidge",121,4B,50,2026-06-12,04:15,12,"","","Never Let You Go",1983-10-01,80,3,0,93,0,20,-11,G#/A♭,4,1nsevfSZpw0FOrvwIqUtQW,"A&M",USUM71208049,no
1266,"Dark Out","Frog",121,7B,46,2026-06-12,04:01,34,"","","Dark Out",2026-04-03,73,72,0,58,0,20,-10,F,4,2rdPl0VBRZOyNT1dcqHDtk,"tapewormies",QZPLS2680345,yes
1267,"Your Motion Says","Arthur's Landing",121,9A,50,2026-06-12,07:30,10,"","","Arthur's Landing",2011-01-18,66,22,81,65,0,30,-13,E minor,4,6PzqFaMBfY3kP29A4JohCi,"Strut",DEG931050233,no
1268,"Von Ferne her","Roedelius",121,1A,49,2026-06-12,03:26,3,"krautrock, ambient, drone, minimalism","Electronic, New Age, Rock, Classical","Lustwandel",1981-00-00,72,4,4,56,0,0,-15,G#/A♭ minor,3,4nlcl1yNFW9ePSDV5kh7JS,"Bureau B",DELI51000331,no
1269,"Dark Out","Frog",121,7B,46,2026-06-12,04:01,43,"","","Frog For Sale",2026-04-17,73,72,0,57,0,20,-10,F,4,6h8kOYTVTTff21yGLylOPg,"tapewormies",QZPLS2680345,yes
1270,"Coffin Maker","Chrissy Zebby Tembo, Ngozi Family",121,3B,46,2026-06-12,03:46,28,"psychedelic rock","Rock","My Ancestors",2022-05-27,53,21,57,97,0,10,-16,C♯/D♭,4,63KqbrdlCqaNZXXPRSwBnE,"Now Again Records",USA2P2225868,no
1271,"Trashy Like TV","Laila France",121,4A,53,2026-06-12,04:31,28,"shibuya-kei, trip hop","Electronic, Pop, Hip Hop","Orgonon",1997-07-28,69,4,76,58,0,10,-15,F minor,4,4DQnqn6zal75mRmx5IcsQ8,"Bungalow Records",DEH429701801,yes
1272,"Leaving Home - Alternate Version","Yo La Tengo",121,12B,36,2026-06-12,04:27,18,"dream pop, slowcore","Pop, Rock","They Shoot, We Score",2008-00-00,66,21,83,27,0,10,-15,E,4,0gb8uIauOBg5gslQFdS8Fj,"Egon Records",USQ5Z1100013,no
1273,"How Do I Love Thee","Dream 2 Science",121,8B,72,2026-06-12,07:42,32,"acid house, chicago house","Electronic","Dream 2 Science EP",2012-04-23,64,0,86,31,0,0,-10,C,4,0uSLYx29cGqeP7ukTkdzW9,"Rush Hour",NLM971200050,no
1274,"This Is A Foxy World","Tom Tom Club",121,9B,57,2026-06-12,03:35,0,"","","Tom Tom Club - Deluxe Edition",1981-00-00,87,23,3,95,0,30,-13,G,4,4NMxsJtWdeGDCsxduPHmWr,"Island Records",USUM70958627,no
1275,"Do It Again","Paulette Reeves",121,11B,54,2026-06-12,05:33,4,"soul jazz","Jazz, R&B","Soul Jazz Records presents MIAMI SOUND 2 – More Funk & Soul From Miami, Florida 1967-74",2024-09-27,86,24,0,97,0,0,-9,A,4,63OOBnrQwYNYdk1AyKzIRq,"Soul Jazz Records",USBEN8160103,no
1276,"Ooharu","Masakatsu Takagi",121,2B,46,2026-06-12,03:40,36,"","","Kagayaki",2014-11-19,51,94,90,49,0,0,-12,F#/G♭,4,4y0U65ATXW92mjAYtX9gds,"Masakatsu Takagi",TCACD1509340,no
1277,"Angel","Sub Sub",121,1A,81,2026-06-12,04:03,42,"madchester","Rock","Full Fathom Five",1994-06-01,70,1,62,60,0,30,-9,G#/A♭ minor,4,3zhWUZ4Gob8l20UzkJllR8,"CASINO RECORDS",UK99J9400001,no
1278,"Don't Worry Baby","The Beach Boys",121,12B,39,2026-06-12,02:50,55,"baroque pop","Classical, Pop","50 Big Ones: Greatest Hits",2012-01-01,51,36,0,85,0,10,-11,E,4,6KZqW1CRQjzpRgXoOmLkKQ,"Capitol Records",USCA21202028,no
1279,"Beginnings","Astrud Gilberto",121,8A,82,2026-06-12,08:05,21,"bossa nova, brazilian jazz, latin jazz, vocal jazz, adult standards","Easy Listening, Jazz, Latin","September 17, 1969",1969-00-00,47,26,14,43,0,0,-9,A minor,4,4ovSrShY8Y1VmZp8vJyH4Q,"Verve Reissues",USPR36980219,no
1280,"Raspberry Beret - Extended 12  Version","Prince",121,10A,82,2026-06-12,06:40,41,"funk rock, funk","R&B, Rock","Raspberry Beret",1985-00-00,85,11,3,78,0,0,-8,B minor,4,1O3xlreuUsPlSJXUYZzTjs,"Warner Records",USWB10503426,no
1281,"What Can I Give You","Margo Guryan",121,7B,57,2026-06-12,02:31,16,"baroque pop","Classical, Pop","Take A Picture",1968-01-01,60,22,0,90,0,70,-8,F,4,0EyMlvlRaAXsLlZEKfXfnM,"Numero Group",USOEG0080807,no
1282,"Punk as Fuck","The American Analog Set",121,9B,48,2026-06-12,04:09,54,"slowcore, post-rock","Rock","Know By Heart",2001-09-04,74,84,85,93,0,10,-10,G,4,1wG46f3hlSVkVXIgTwaGCq,"Tiger Style",USTS40111445,no
1283,"L'Amour Pour Bouclier","Elaine Kibaro",121,8A,43,2026-06-12,04:18,53,"","","Pour L'amour",2019-07-30,75,39,47,77,0,10,-13,A minor,4,3cqG9tjfHYIIthNGLcIMzx,"Emotional Rescue",GBJX32006077,no
1284,"UMI Says","Mos Def",121,10B,67,2026-06-12,05:05,57,"east coast hip hop, old school hip hop, hip hop","Hip Hop","Black On Both Sides",1999-10-12,72,31,0,57,10,0,-10,D,4,5Ru9OjtEw5htfnVKpYsIcv,"Rawkus Entertainment",USRW50200231,yes
1285,"Passion","4AM",121,9B,68,2026-06-12,03:28,10,"","","4AM",1989-09-13,82,38,15,67,0,10,-8,G,4,32HRtZT7poUMpeBjsaDUGA,"Mutual Intentions",NOXYO1904030,no
1286,"Tonight","Horace Andy, Errol Scorcher",121,7B,76,2026-06-12,05:37,6,"roots reggae, dub, reggae, rocksteady, lovers rock, ragga","Electronic, Reggae, Hip Hop","Unity Showcase",1980-02-09,79,5,1,80,0,0,-3,F,4,2Cv1DSkD36J4kksZ0J8w3t,"12 Star",USDHM2118450,no
1287,"Dancing Ghosts","Chris & Cosey",121,1A,30,2026-06-12,09:46,28,"industrial, cold wave, ebm, synthpop","Electronic, Rock, Pop","Elemental 7",1984-12-31,66,2,72,83,0,10,-18,G#/A♭ minor,4,6hJnNOeO4u7OVE7v2Rdo9N,"Conspiracy International",GBHQZ8400002,no
1288,"Something Happens When You Touch Me","Colin Blunstone",121,7B,77,2026-06-12,03:53,4,"baroque pop","Classical, Pop","Journey",1974-03-04,77,60,0,63,0,0,-6,F,4,5Vt9kqqPN1nLdmmUqhi5g4,"Epic/Legacy",USSM10501238,no
1289,"Camarillo Brillo","Frank Zappa, The Mothers",121,12A,68,2026-06-12,03:59,50,"progressive rock, psychedelic rock, art rock, jazz fusion, avant-garde, experimental","Rock, Classical, Jazz, Electronic","Over-Nite Sensation",1973-09-07,72,16,0,66,0,20,-10,C♯/D♭ minor,4,6Ln5KqJbn672z67ZowD2pu,"Frank Zappa Catalog",USZPE1200158,no
1290,"Tragedy And Mystery","China Crisis",121,11B,54,2026-06-12,04:02,33,"new wave, synthpop","Pop, Rock, Electronic","Working With Fire And Steel",1983-01-01,80,12,0,97,0,10,-15,A,4,4l714sCKRyJM2rUCEnkatk,"Virgin Records",GBAAA8300081,no
1291,"Song for You","Popcorn",121,9B,63,2026-06-12,04:33,32,"","","Prime Choice",2023-02-12,73,25,5,88,0,10,-9,G,4,0u8ZMXcwzcKqQnWqcCAvLB,"Mad About Records",uscgj2336523,no
1292,"You're Lying","Linx",121,11B,38,2026-06-12,03:48,32,"post-disco, jazz funk","Jazz, R&B, Pop","Intuition",1981-03-13,69,26,0,50,10,10,-16,A,4,2z8BobcwXcYJiIUkVZcAgW,"Chrysalis Records",GBAYK8000016,no
1293,"Rock & Roll Skate - Sax Version","Addmoro",121,10A,74,2026-06-12,04:48,5,"","","Rock & Roll Skate",2023-06-16,80,6,68,77,20,10,-11,B minor,4,0Idt92PZMuZuPEvk3evH8d,"Kalita Records",UKR7K2100004,no
1294,"Return","The Reels",121,12A,90,2026-06-12,04:13,16,"","","Beautiful",1982-01-11,64,9,0,63,0,30,-6,C♯/D♭ minor,4,0tLMLr2ZylOvSYl5BoQuuH,"Bloodlines",AULI01284970,no
1295,"Then and forever","Ronald Langestraat",121,7A,42,2026-06-12,03:31,36,"soul jazz","Jazz, R&B","Searching",2019-01-03,59,20,1,55,0,20,-10,D minor,4,146Ao02WZMXNfpHP47AIYI,"South of North",NL1PX1900001,no
1296,"She's Just the Type of Girl","Circuitry",121,3B,78,2026-06-12,03:13,15,"post-disco, boogie, funk","R&B, Pop","She's Just the Type of Girl",2018-04-25,79,10,0,94,10,30,-8,C♯/D♭,4,1C7RTmtfwbxQUIKDDd5Y7a,"Peoples Potential Unlimited",USJ3V1494334,no
1297,"In The Neighbourhood - Downtown Mix","Sisters Underground, Robert Racic",121,4A,65,2026-06-12,06:58,0,"nz reggae","Reggae","In The Neigbourhood",1994-12-23,79,0,18,51,0,0,-11,F minor,4,6nEcVhdkrjyZoKMivkDAXu,"PROPELLER RECORDS",NZAM02003521,no
1298,"Healing, Pt. 3 - 2015 Remaster","Todd Rundgren",121,9B,74,2026-06-12,04:39,17,"yacht rock, power pop, philly soul","R&B, Pop, Rock","Healing",1981-00-00,65,15,16,82,0,30,-9,G,4,24OsVlKLWy2KLz0JwrX2xi,"Rhino",USRH11509639,no
1299,"Ooh what a life","Gibson Brothers",121,10A,85,2026-06-12,05:43,33,"disco","Pop","The Complete Of Gibson Brothers",2011-07-25,67,1,2,88,0,0,-8,B minor,4,26LXuBlHw2DZWcVcfMVlmi,"Zagora",FR58F7900210,no
1300,"Picture Book - 2018 Stereo Remaster","The Kinks",121,8B,95,2026-06-12,02:39,0,"proto-punk, baroque pop","Classical, Pop, Rock","The Kinks Are The Village Green Preservation Society (2018 Stereo Remaster)",1968-11-22,83,17,0,97,0,20,-7,C,4,5HOQNAXcPSwV7Gt8AV8qiP,"Sanctuary Records",GB5KW1801354,no
1301,"Nostalgie","Zazou Bikaye",121,7B,79,2026-06-12,04:13,5,"acid house","Electronic","Mr Manager",1985-10-22,68,6,1,76,0,10,-8,F,4,7h0O7uqgRfTW3d5640lMU4,"Crammed Discs",BE6F58501020,no
1302,"Yo mejor te doy - Remasterizado","Los Yoyi",121,9B,81,2026-06-12,02:29,9,"","","Los Yoyi (Remasterizado)",2018-09-14,61,33,89,97,0,0,-10,G,4,7ieJ3WO1PXoKamh4cNhFfF,"EGREM bajo Licencia Exclusiva a Sony Music Entertainment España, S.L.",QM6N21851708,no
1303,"I've Seen To Dream","Harmony Grass",121,9A,56,2026-06-12,03:15,9,"baroque pop","Classical, Pop","Move In A Little Closer: The Complete Recordings 1963-1970",2023-02-24,49,69,8,38,0,10,-11,E minor,4,4qxQvjA0LirTf5SCXlIwli,"Grapefruit",GBBLY0603197,no
1304,"That's Love","Jim Capaldi",121,5B,69,2026-06-12,03:33,18,"","","Yacht Rock 100",2020-05-29,70,82,57,74,0,10,-7,D#/E♭,4,7aTfIaQwcqw7XCEkxxCX4z,"Warner Music Group - X5 Music Group",USAT20302711,no
1305,"Eighteen and Dreaming","Peter Ivers",121,8B,41,2026-06-12,02:48,23,"","","Peter Ivers",1976-00-00,91,20,0,88,0,0,-13,C,4,5m5FVJZWq4gBDYQAB4BBS1,"Rhino/Warner Records",USWB10807713,no
1306,"Girl I Like The Way That You Move (Dub) - Mixed","Stone",121,10B,65,2026-06-12,02:38,28,"","","DJ-Kicks (Motor City Drum Ensemble) [DJ Mix]",2011-07-04,74,13,86,48,0,30,-12,D,4,37yodm6zo2wWW5T3oCgknv,"!K7 Records",DEG931100038,no
1307,"Dreams By The Sea","John Martyn",121,4B,47,2026-06-12,03:17,33,"folk rock, folk","Folk, Rock","Solid Air",1973-00-00,52,74,1,46,0,10,-10,G#/A♭,4,5LmzymdRSMfXm2nqV7HBzt,"Universal-Island Records Ltd.",GBAAN7300070,no
1308,"Roller Skater 23","Transmission Towers",121,8B,68,2026-06-12,03:42,3,"","","Roller Skater 23",2024-02-21,67,23,1,75,0,0,-9,C,4,114uzvNYK3TvOMSdmnKmBD,"É Soul Cultura",GBCLQ2201218,no
1309,"Toridasuki (鳥襷, interlaced circles of two birds)","Sam Gendel",121,6B,60,2026-06-12,03:02,0,"ambient jazz, experimental jazz, nu jazz, indie jazz","Easy Listening, Jazz, Pop, Electronic","blueblue",2022-10-14,44,83,81,53,0,10,-10,A#/B♭,4,0CbM55jbvEhbkPDsWKl5ws,"Leaving Records",US25X2202584,no
1310,"Dancing In July","Steve Hiett",121,10B,61,2026-06-12,02:43,35,"","","Girls In The Grass",2019-09-20,89,43,89,88,0,10,-10,D,4,3sYWd16ZtaSq1GuRHdVcob,"Efficient Space",QM6P41966481,no
1311,"Tamalpais High (At About 3)","David Crosby",121,10A,26,2026-06-12,03:32,31,"folk rock, singer-songwriter","Folk, Rock","If I Could Only Remember My Name",1971-02-22,48,48,1,41,0,0,-18,B minor,4,5DKCrbivQkzlCifKgGi2Ox,"Rhino Atlantic",USAT20105338,no
1312,"Copy Me","Ambitious Lovers",121,10B,78,2026-06-12,03:45,18,"","","Greed",1988-01-01,74,13,4,84,0,20,-12,D,4,1XvFXkZshmymC6T9mwfhbO,"Virgin",USVI28800068,no
1313,"Sunday's child - Live, Bremen, 1983","John Martyn, Jeff Allen, Alan Thomson",121,4A,79,2026-06-12,05:56,6,"folk rock, folk, tech house","Folk, Rock, Electronic","The Smiling Stranger In Bremen (Live at Schauburg 1983)",2023-01-27,46,33,62,59,0,90,-13,F minor,4,3DDemylA8Nc0WOWHasZj6P,"M. i. G. - music GmbH",DEMV92200464,no
1314,"Don't Sing","Prefab Sprout",121,4A,50,2026-06-12,03:53,17,"jangle pop","Pop, Rock","Swoon",1984-03-12,61,21,0,60,0,10,-13,F minor,4,6g0oByeGAYq208d8Ciub01,"Columbia",GBBBN9902227,no
1315,"Under Cover Lover","Stirling March",121,7A,52,2026-06-12,04:57,40,"","","Under Cover Lover",2019-09-06,80,5,1,79,0,0,-10,D minor,4,6ebsIWGcmcAN2o2dkKL2dd,"Kalita Records",UKR7K1800067,no
1316,"Feeling U, Feeling Me (Interlude)","Alicia Keys",121,1A,17,2026-06-12,02:07,54,"r&b, neo soul","R&B","The Diary Of Alicia Keys",2003-12-02,45,89,1,31,0,10,-11,G#/A♭ minor,4,4noLzwgD4GzlbLRbSCElVq,"J Records",USJAY0300457,no
1317,"And I You","Monsoon",121,9B,36,2026-06-12,03:27,7,"","","Third Eye",1983-01-01,60,7,1,17,0,0,-15,G,4,4u44cBH8rgPwtdtdQcDes9,"UMC (Universal Music Catalogue)",GBF088300018,no
1318,"We Did It","Syl Johnson",121,5B,66,2026-06-12,02:33,18,"soul, northern soul, soul blues, classic soul","R&B, Blues","Back for a Taste of Your Love",1973-00-00,83,67,39,97,0,30,-7,D#/E♭,4,555CN5iFNZmYZ8xZhEOTTR,"Fat Possum",US2HK1335007,no
1319,"Out Of Your League","Blood Orange, Steve Lacy",121,7A,47,2026-06-12,02:20,59,"art pop","Pop","Negro Swan",2018-08-24,90,10,0,68,0,10,-7,D minor,4,4qdbCACEpbFWIpKSMa2fZC,"Domino Recording Co",GBCEL1800209,no
1320,"Self - Tasty Mix","Self Control",121,2A,53,2026-06-12,05:36,4,"","","Initiation EP",1994-00-00,77,0,77,63,0,10,-11,D#/E♭ minor,4,0yVrJDSVoMcK03izumMUVB,"Toronto Underground",CAH250670780,no
1321,"All About The Paper","The Dells, Bill Bradley",121,2B,69,2026-06-12,07:14,18,"northern soul, doo-wop, classic soul, philly soul, motown","R&B, Pop","Passionate Breezes: The Best Of The Dells 1975-1991",1995-10-01,68,1,0,75,0,0,-11,F#/G♭,4,6niYT1MKymv9Kd8sLBEDtk,"Island Records",USPR38004014,no
1322,"Out","Karel",121,8A,55,2026-06-12,03:16,14,"dutch indie rock","Rock","Life",2018-11-12,46,1,14,17,0,0,-10,A minor,4,2jlgaLXjTZ7Msstz4sQiDa,"De Vlieger",NLM971700194,no
1323,"Sopratutto","Nicolini",121,8B,65,2026-06-12,03:44,48,"","","Sopratutto",2023-02-13,74,1,58,76,0,10,-9,C,4,3QSWrpaEdoM5Luf7aYMlZZ,"South of North",NL1PX2300002,no
1324,"Man Becoming a Duck","Tapes",121,8A,92,2026-06-12,03:41,1,"dub","Electronic, Reggae","Funk Plates Vol. 1",2023-06-07,67,3,91,54,0,0,-9,A minor,4,7AYkaxC7iVvwPki06CMD94,"Jahtari",DEGT82300414,no
1325,"Cold Paris Vogue","mark william lewis",121,9B,39,2026-06-12,02:47,35,"hypnagogic pop","Electronic, Pop","Pleasure Is Everything",2022-01-17,79,44,88,80,0,10,-13,G,4,0ZquXqzUdelOil2nV3APqN,"Hi New Fate!",CACWV2213505,no
1326,"We Means We Starts","Colin Newman",121,10B,37,2026-06-12,03:43,0,"post-punk, cold wave","Electronic, Rock","Provisionally Entitled The Singing Fish / Not To",1981-01-01,73,40,0,78,0,10,-15,D,4,2t85D1fUdZ1mRSYAzaKnbd,"4AD",GBAFL8200100,no
1327,"Just Like Honey","The Jesus and Mary Chain",121,4B,55,2026-06-12,03:02,61,"shoegaze, post-punk, dream pop, noise rock, new wave","Pop, Rock","Psychocandy (Expanded Version)",1985-11-18,34,0,62,49,0,0,-11,G#/A♭,4,1LwP9g1Hjbs64jXM2Qsxry,"Rhino",GBAHT0200220,no
1328,"Can't Stop the Music (He Played Much Too Long)","Daryl Hall & John Oates",121,10B,86,2026-06-12,02:41,6,"yacht rock, soft rock","Rock, Pop","No Goodbyes",1977-00-00,62,42,0,85,0,30,-6,D,4,050lvDveaub7zEMGOHrCON,"Rhino Atlantic",USAT20614594,no
1329,"I Feel for You","Prince",121,1B,52,2026-06-12,03:25,48,"funk rock, funk","R&B, Rock","Prince",1979-10-19,88,13,2,90,0,0,-13,B,4,0bNPzbyaT9npwhIP8d2Rsi,"Warner Records",USWB19903185,yes
1330,"Coral Reef","SunPalace",121,1A,83,2026-06-12,04:53,22,"","","Raw Movements | Rude Movements",2016-11-25,53,36,90,88,0,0,-8,G#/A♭ minor,4,1pE77HTsg2LtNxKQgXF9n6,"BBE Music",GBYJZ1000107,no
1331,"Thoughts Of You","Exit 9",121,8B,63,2026-06-12,05:10,5,"breakbeat, jazz funk","Electronic, Jazz, R&B","Straight Up",1975-00-00,63,24,0,49,0,0,-7,C,4,3Ou227jgPLJkSKl0P9hb68,"Brunswick Records",USBWC1600246,no
1332,"Pick up Your Phone","Eyedress",121,12B,29,2026-06-12,01:39,0,"","","Let's Skip to the Wedding",2020-08-07,72,79,28,18,0,10,-14,E,5,2CKtqB00i9N7t4gfrg3JOe,"Lex Records",GBMYF2000019,no
1333,"It Looks Like Love","Goody Goody",121,4A,33,2026-06-12,06:23,46,"disco, post-disco","Pop, R&B","Goody Goody",2008-06-10,88,1,80,96,0,20,-18,F minor,4,2mCLc4lZjbpcpXgNBrC5lY,"Rhino Atlantic",USATL0200083,no
1334,"Drying in the Sun","Daryl Hall & John Oates",121,7A,83,2026-06-12,02:44,1,"yacht rock, soft rock","Rock, Pop","Rock Founders, Vol. 7",2018-12-08,60,66,3,51,10,10,-5,D minor,4,25mKDNxwddqNSRwR0562Iv,"Platinum Music Libraries",USG291511404,no
1335,"Heads We're Dancing","Kate Bush",121,3A,71,2026-06-12,05:21,0,"art pop, baroque pop, art rock","Pop, Rock, Classical","The Sensual World",1989-00-00,66,39,11,68,0,10,-13,A#/B♭ minor,4,1VvWWUngCjcDEdpSvWD8Bz,"Noble & Brite",GBCNR8900007,no
1336,"Still In Love - feat. Navasha Daya","Shuya Okino, Navasha Daya",121,3A,74,2026-06-12,08:08,0,"disco house, neo soul","Electronic, R&B","Still In Love (feat. Navasha Daya)",2012-06-28,67,1,4,75,0,10,-7,A#/B♭ minor,4,0FW8ZLZFRQfOAVgYxyxiW5,"Hi:Rise",JPH371100125,no
1337,"Prøv og Gør Ligesom Jeg","Lotte Kærså & Græsrødderne",121,9B,23,2026-06-12,02:52,13,"children's music","Folk, Pop","Jubiiilæum",2020-02-21,92,84,0,68,10,0,-16,G,4,3i6Pv5PrzCRhzmyykQbKyv,"Tartelet Records",DEG931913571,no
1338,"Song For Our Ancestors","Steve Miller Band",121,7B,21,2026-06-12,05:59,26,"classic rock","Rock","Sailor",1968-01-01,33,82,91,8,0,20,-21,F,4,3a4tMwQGoRWXOdf1n69Pqy,"CAPITOL CATALOG MKT (C92)",USCA29100273,no
1339,"The Park","Robert Ashley",121,8B,16,2026-06-12,21:43,18,"electroacoustic, musique concrète, spoken word, avant-garde, experimental, contemporary classical, minimalism","Classical, Jazz, Electronic, Rock, Easy Listening","Private Parts",2017-00-00,36,74,0,20,0,0,-22,C,4,1aEvLJH61gdtkQGob5ONAs,"Lovely Music",QMQQH2010248,no
1340,"She's Just the Type of Girl","NEIL FRANCES, dreamcastmoe",121,12A,67,2026-06-12,02:41,32,"indie soul","R&B","She's Just the Type of Girl",2022-10-21,76,3,0,85,10,40,-9,C♯/D♭ minor,4,6O1nkPz0MoSrN8XhZUXiOc,"Nettwerk Music Group",CAN112200894,yes
1341,"Return","The Reels",121,12A,90,2026-06-12,04:13,9,"","","Beautiful",1982-01-11,64,9,1,63,0,30,-6,C♯/D♭ minor,4,6ljuQAY3cYVGsYEilu5jgf,"Bloodlines",AULI01284970,no
1342,"Tattoo (Giving It All Up For Love)","Phil Lynott",121,10B,58,2026-06-12,03:19,24,"","","Solo In Soho",1980-01-01,62,12,0,74,0,10,-14,D,4,3rOjDvfU5ThjvOqYtqWFRm,"EMI",GBF080300249,no
1343,"Rain","Tones On Tail",121,11B,33,2026-06-12,08:26,29,"gothic rock, post-punk, deathrock, darkwave, cold wave, new wave","Electronic, Rock, Pop","Everything!",1984-00-00,30,85,80,6,0,10,-13,A,4,1ZxhKPG7sMt281ylVxMsAF,"Beggars Banquet",GBAZP9800016,no
1344,"Soy Una Nube","Elia y Elizabeth",121,2A,50,2026-06-12,02:46,52,"","","Elia Y Elizabeth",1972-04-15,77,81,0,91,0,0,-12,D#/E♭ minor,4,6CfaocK9mmpKr4NqaQLjBM,"Codiscos",COC017209284,no
1345,"The Look Of Love, Pt.1","ABC",121,8A,88,2026-06-12,03:30,0,"new wave, synthpop","Pop, Rock, Electronic","80s Party",2018-11-16,79,2,1,94,0,10,-6,A minor,4,5AH9Dyo9PWrPq7N8qVzc1U,"UME - Global Clearing House",GBF088200008,no
1346,"Eternally Grateful","Janet Kay",121,12B,65,2026-06-12,04:21,0,"lovers rock, reggae, rocksteady","Reggae","The Definitive Hits Collection (1977-1985)",2011-06-11,80,33,72,96,0,10,-8,E,4,0JJQJCMd8asjgctMu2wrsS,"Janet Kay",USHM91158890,no
1347,"Please Respect Our Decadence","Algebra Suicide",121,11B,36,2026-06-12,02:24,23,"cold wave, spoken word, post-punk","Electronic, Rock, Easy Listening","The Secret Like Crazy",1987-01-01,69,53,33,78,0,10,-17,A,4,4a0pFJB7bnw7XydEFLa0Ji,"Algebra Suicide",usy280703614,no
1348,"The Wikka Wrap","The Evasions",121,10B,66,2026-06-12,08:49,14,"post-disco","Pop, R&B","SAM Records - Extended Play - 12  Disco Classics",2008-06-30,84,4,0,49,10,20,-12,D,4,5CJPOFb1u3hiXnPn7mqhIx,"Demon",USNRS0721740,no
1349,"You Don't Know What Love Is (with The Guy Barker International Quintet feat. Chris Botti)","John Martyn, Chris Botti, The Guy Barker International Quintet",121,4A,7,2026-06-12,05:24,0,"folk rock, folk, smooth jazz, jazz, swing music","Folk, Rock, Jazz","The Talented Mr. Ripley - Music from The Motion Picture",1999-08-13,41,90,5,22,0,0,-21,F minor,4,1g4UxYfAXpBpKgXN1QlB6g,"Sony Classical",USSM19923617,no
1350,"Khomo Tsaka Deile Kae?","Marumo",121,7A,78,2026-06-12,03:44,40,"afrobeat","R&B, Traditional Music","Next Stop Soweto 4: Zulu Rock, Afro-Disco & Mbaqanga 1975-1985",2015-03-09,66,12,0,71,0,20,-8,D minor,4,1McHU7TbeVZsSMQb4UCG0B,"Strut",DEG931591309,no
1351,"ZaZa","Dean Blunt",121,8B,48,2026-06-12,02:06,50,"art pop, collage pop, hypnagogic pop, uk experimental electronic","Pop, Electronic","BLACK METAL 2",2021-06-11,55,8,7,50,10,10,-11,C,3,3yqScrJbNJ8dHGJfhIjHBr,"Rough Trade",GBCVZ2100116,yes
1352,"A Bluebeat Kid","The Stray Trolleys",121,8A,73,2026-06-12,03:24,4,"jangle pop, power pop","Pop, Rock","Barricades and Angels",2017-01-20,50,3,67,26,0,0,-6,A minor,4,4f6FTNSk3fEIckQNImuhBJ,"Mr Mule",QMMZN1701265,no
1353,"You're My Love","Don Brown",121,11A,17,2026-06-12,02:58,8,"aor, yacht rock, post-disco","Rock, Pop, R&B","Lucky Girl",2011-03-01,85,83,0,89,0,0,-16,F#/G♭ minor,4,1pkeQrrp53b9dZaTeUopdv,"Jerden",US6X81100075,no
1354,"J'adore les femmes","Pascale Andrews",121,8B,76,2026-06-12,03:04,1,"","","Les stars de l'accordéon, vol. 5",2016-09-22,56,0,53,79,0,50,-4,C,4,5sU4M0yrmjNLr6JBTbgw4h,"La Gagneraie / Rendez-Vous Digital",FR80T0000230,no
1355,"K-hole","CocoRosie",121,8B,59,2026-06-12,04:10,29,"","","Noah's Ark",2005-09-13,56,86,0,69,0,60,-9,C,4,4IGL5ZVtF8cbkMy0IgnezO,"Touch and Go Records",USTG30528101,no
1356,"Good Life","Inner City",121,9A,78,2026-06-12,04:04,69,"acid house, chicago house","Electronic","Paradise",1989-00-00,72,17,3,95,0,0,-13,E minor,4,5sJiLlgQKBL81QCTOkoLB5,"Virgin Catalogue",GBAAA8900115,no
1357,"Loving You Is on My Mind","The Meters",121,11B,60,2026-06-12,03:19,42,"funk, soul, jazz funk","R&B, Jazz, Blues","Rejuvenation",1974-00-00,80,22,78,45,0,30,-13,A,4,2HJ8ogPEUy8TQfl8nnnHJy,"Rhino/Warner Records",USRH10130751,no
1358,"S.E.X - C.G.P (Conant Gardens Posse) Remix","Omar S, L'Renee",121,2B,51,2026-06-12,04:20,34,"chicago house, jazz house, lo-fi house, neo soul","Electronic, Jazz, R&B","S.E.X - The Remixes",2017-08-03,91,0,8,96,0,0,-10,F#/G♭,4,45FE28csfhMjmWQV6REREg,"FXHE Records",QM6N21781341,no
1359,"This Is How You Came","Dunkelziffer",121,9B,69,2026-06-12,08:01,17,"krautrock","Electronic, Rock","Colours and Soul",1983-01-07,62,8,8,74,0,10,-12,G,4,7KsQXL6ZlA72XydKPBPUTT,"Bureau B",DELI52103276,no
1360,"State Trooper","Bruce Springsteen",121,11A,7,2026-06-12,03:17,49,"heartland rock, mellow gold, permanent wave, rock, singer-songwriter","Rock, Folk","Nebraska",1982-09-30,69,90,2,60,0,10,-20,F#/G♭ minor,4,1Ulh5rWbhhV3PltDadTBZC,"Columbia",USSM18200426,no
1361,"The Logical Song","Supertramp",120,4A,67,2026-06-12,04:09,60,"progressive rock, classic rock","Rock","The Very Best Of Supertramp",1990-01-01,62,56,0,73,0,10,-9,F minor,4,5Z4EgTCCoObfO1WfrvrQ9v,"A&M",USAM19500624,no
1362,"Let's Be Adult","Arto Lindsay & The Ambitious Lovers",120,7B,59,2026-06-12,04:20,16,"art rock","Rock","Envy",1984-01-01,87,6,3,98,0,0,-14,F,4,17FrIxVOXO3eQrFsx5EhNa,"EG Records",GBAAA8400131,no
1363,"I Don't Want to Get Over You","The Magnetic Fields",120,9B,87,2026-06-12,02:22,53,"anti-folk","Folk","69 Love Songs",1999-09-14,47,2,0,27,0,10,-8,G,4,5lZetUiGojiB4LqK4TxQCK,"Merge Records",USMRG0345073,no
1364,"someone else","K-Lone",120,9B,35,2026-06-12,06:36,11,"jazz house, uk garage, uk funky, dub techno","Electronic, Jazz","someone else",2025-10-14,77,45,88,79,0,30,-11,G,4,1GMvUKjDOdVllKLpWAfx1N,"Incienso (EU)",USYBL2500032,no
1365,"Black Coffee","All Saints, Mark Stent",120,11B,70,2026-06-12,04:49,55,"","","Saints & Sinners",2000-08-16,67,2,0,50,0,0,-7,A,4,3SD11QnefCc3RNfKzxKMmJ,"Rhino",GBAAP0000094,no
1366,"Ed Sheeran","Pete Um",120,8B,45,2026-06-12,03:17,2,"experimental","Classical, Electronic, Rock","As You Were",2019-04-19,94,77,42,95,0,60,-12,C,4,1KfUevM9aV1YbG7S4YC9lh,"Tip Top Recordings",GBM4B1900021,no
1367,"Blank Curtain","Cola",120,11B,68,2026-06-12,04:31,34,"post-punk, egg punk","Rock","Deep in View",2022-05-20,65,58,92,31,0,10,-10,A,4,231cP2hNaYGLixcs863T4S,"Fire Talk",USA2B2104796,no
1368,"heavy handed","sm^sher",120,8B,71,2026-06-12,04:13,4,"","","pit of mine",2024-11-15,86,54,88,56,0,10,-8,C,3,238v5AkoynymhjItm9kwrg,"Scrawl World Ltd",QM7282473273,no
1369,"Lisière","Laurie Torres",120,10B,17,2026-06-12,02:40,46,"ambient jazz","Easy Listening, Jazz","Après coup",2025-02-21,65,99,90,43,0,10,-19,D,3,0uhicZ6ipKlAsGqrdA01xJ,"Tonal Union",GX4FT2409002,no
1370,"someone else","K-Lone",120,9B,35,2026-06-12,06:36,22,"jazz house, uk garage, uk funky, dub techno","Electronic, Jazz","sorry i thought you were someone else",2025-11-14,77,45,88,79,0,30,-11,G,4,1rflVTDHR7rb19adgwGY00,"Incienso (EU)",USYBL2500032,no
1371,"Nada Sei (Apnéia) - Ao Vivo","Kid Abelha",120,12B,86,2026-06-12,03:26,59,"mpb, brazilian rock, brazilian pop","Pop, Rock, Latin","Acústico (Live)",2002-00-00,67,11,0,58,0,90,-7,E,4,3RQGWKjCm7HolYISLVdl9r,"Universal Music Ltda.",BRMCA0200599,no
1372,"The Brazilian - 2007 Remaster","Genesis",120,10A,83,2026-06-12,05:04,44,"progressive rock, art rock","Rock","Invisible Touch (2007 Remaster)",1986-06-09,59,6,89,34,0,10,-9,B minor,4,21PDSg0y9lTtI5P6WK7R5V,"Rhino Atlantic",GBAAA0700976,no
1373,"When the Hammer comes down (+)","Pink Turns Blue",120,10A,90,2026-06-12,03:35,28,"gothic rock, post-punk, darkwave, deathrock, cold wave","Electronic, Rock","If Two Worlds Kiss",1987-04-01,51,2,87,23,0,10,-12,B minor,4,1wEfRMnOks7vjYk3oeidKn,"Orden",DEAA10600110,no
1374,"Flight Of The Dancer","Tommy Peltier",120,10B,41,2026-06-12,02:48,10,"","","Flight Of The Dancer",2026-01-27,59,5,25,17,0,10,-14,D,4,3JyZ49HpehcbOYUDIDXyqg,"Drag City",US58L2697704,no
1375,"Fido, Your Leash Is Too Long","The Magnetic Fields",120,10B,65,2026-06-12,02:33,34,"anti-folk","Folk","69 Love Songs",1999-09-14,79,0,89,29,0,60,-11,D,5,6jps06D9dm8GKTL2hu28yZ,"Merge Records",USMRG0345080,no
1376,"Midnight Man","Flash and the Pan",120,4A,50,2026-06-12,04:56,49,"new romantic, new wave, new wave pop, synthpop","Pop, Rock, Electronic","Collection",1994-10-04,76,1,52,84,0,0,-10,F minor,4,1jcv9uDMDVC9hzEKkL9PS6,"Albert Productions",AUAP08400014,no
1377,"Song 4 Mutya (Out of Control)","Groove Armada",120,8B,88,2026-06-12,04:09,33,"big beat, trip hop","Electronic, Hip Hop","Soundboy Rock",2007-05-04,65,0,0,77,0,20,-3,C,4,4rQML061cPRFhS88aGnfzF,"Columbia",GBAHK0700003,no
1378,"DAWN","Prins Emanuel, Spivak",120,3A,39,2026-06-12,04:11,25,"","","Imogen's Lament",2026-04-24,57,31,96,55,0,0,-19,A#/B♭ minor,4,4ABIU60hI7mUamt7wqGTGm,"Fasaan Rec.",SEYOK2608702,no
1379,"Spring summer","Smerz",120,3B,42,2026-06-12,02:08,54,"","","Easy EP",2026-05-15,81,4,1,76,0,0,-13,C♯/D♭,4,3lKB7OuBglrz7Pjpe0e3sk,"Escho",FR59R2676659,no
1380,"Kana Kassi","Coumba Sidibe",120,6A,51,2026-06-12,07:17,23,"gnawa","Traditional Music","Mali Stars",1994-01-01,68,68,0,68,0,10,-16,G minor,4,6RU3zrLGLnVkVF9Dx1LtLd,"Syllart Records",GBNRN0604801,no
1381,"Still Dreaming","Nas, Kanye West, Chrisette Michele",120,9B,83,2026-06-12,03:37,70,"old school hip hop, east coast hip hop, hip hop, rap, neo soul, jersey club, r&b","Hip Hop, Electronic, R&B","Hip Hop Is Dead (Expanded Edition)",2007-01-23,55,11,0,60,20,10,-8,G,5,72nLaDnt2dfxCA3ZAiEC2c,"Def Jam Recordings",USUM70620815,yes
1382,"Eurostar","Soundpool",120,4A,71,2026-06-12,03:19,26,"shoegaze, dream pop, slowcore, space rock","Pop, Rock","On High",2006-05-16,65,0,89,77,0,40,-9,F minor,4,0WoZF12IBXLSQDzbQm7Jeb,"Aloft Records",uscgj0677378,no
1383,"Carousel","TYSON",120,7A,47,2026-06-12,02:28,9,"uk r&b","Hip Hop, R&B","CHAOS",2024-11-15,80,65,8,57,0,10,-9,D minor,4,33qhk32CnOLtlb4rTZZKyA,"LUCKYME®",GBBPW2401010,no
1384,"14.123","Frunk29",120,8A,50,2026-06-12,05:38,7,"ambient","Electronic, New Age","Sequentia",2024-01-05,66,68,85,84,0,0,-14,A minor,4,51VLBisxFWywaOqqLqJMpD,"Not Not Fun",USA2Z2301544,no
1385,"I Don't Know You","Mannequin Pussy",120,10B,60,2026-06-12,03:44,58,"riot grrrl, queercore, indie punk","Rock","I Got Heaven",2024-03-01,57,3,18,26,0,0,-9,D,4,2VO8CVuLDVXynM8tQECALM,"Epitaph",USEP42344004,no
1386,"Debold","Vegyn",120,4B,70,2026-06-12,02:43,50,"idm, experimental hip hop","Hip Hop, Electronic","Only Diamonds Cut Diamonds",2019-11-08,55,73,86,40,0,10,-9,G#/A♭,4,249L7XvMpl08wN5vhivz1j,"PLZ Make It Ruins",GBKPL1967216,no
1387,"Do you wanna","Astrid Sonne",120,12B,73,2026-06-12,03:21,42,"experimental, ambient","Electronic, New Age, Classical, Rock","Great Doubt",2024-01-26,69,2,93,27,0,10,-11,E,4,6zlAetX5aprkyBGdUu0sKd,"Escho",DGA0M2322026,no
1388,"On The Beat - Extended Version","The B. B. & Q. Band",120,1A,81,2026-06-12,06:53,35,"post-disco, disco, funk","Pop, R&B","The B. B. & Q. Band",1981-00-00,79,11,0,85,0,10,-7,G#/A♭ minor,4,0WqP726WOKZXUT0FMHkkk3,"Clock Records",ITB450800074,no
1389,"Artificial Lover","James Pants",120,7A,62,2026-06-12,02:42,3,"","","Savage",2015-04-14,71,55,88,84,0,0,-10,D minor,4,2ZXKpSA3FGnAsTCBGxvPKN,"Stones Throw Records",US2S71563005,no
1390,"Friend","Tommy Mandel",120,7B,73,2026-06-12,04:26,17,"synthpop","Electronic, Pop","Mello Magic",2018-04-13,64,2,2,65,0,10,-8,F,4,1LxCKV6HcdrCU4wTXirvt7,"Invisible City Editions",DEZ651722419,no
1391,"Wati Kutju","Keanu Nelson",120,8B,75,2026-06-12,04:28,15,"","","Wilurarrakutu",2023-11-03,59,13,0,92,0,10,-7,C,4,2wmJ5VyTqLZxp4cTFtcSLc,"Mississippi Records",QZSQG2421103,no
1392,"In My Arms","Mylo",120,7B,45,2026-06-12,03:46,48,"","","Destroy Rock & Roll (2005 Remaster)",2004-05-24,66,0,62,94,0,20,-7,F,4,7LEI0K1MRm46wN7vvnQE1V,"EPP",GBHFF0400007,no
1393,"The Cool Out","The Clash",120,8B,81,2026-06-12,03:53,18,"punk","Rock","Sound System",2013-09-09,85,6,74,96,0,0,-8,C,4,4DdjWYRlWMFytpwTPdP4ZJ,"Sony Music UK",GBARL1202545,no
1394,"Better Than Ever","Roy Irwin",120,11B,59,2026-06-12,04:22,1,"","","King of Pop",2017-11-10,45,0,96,43,0,20,-10,A,4,0XoWad8K0FjJGQz1IJpomC,"ROY IRWIN",NZAM01701095,no
1395,"I Must Soon Quit the Scene","The American Analog Set",120,8A,28,2026-06-12,05:39,19,"slowcore, post-rock","Rock","The Golden Band",1999-01-01,59,90,83,51,0,10,-17,A minor,4,7yczetidtc0ZQmQZgRBiEu,"Numero Group",USS320810027,no
1396,"Sure Thing","Maston",120,7A,55,2026-06-12,02:12,35,"","","Tulips",2017-10-27,57,85,93,63,0,30,-12,D minor,4,2WASjVK1dEnmNvtOcKvOGo,"Phonoscope",TCADF1756584,no
1397,"When A Man Needs A Woman - Remastered 2001","The Beach Boys",120,2B,34,2026-06-12,02:08,28,"baroque pop","Classical, Pop","Friends (Remastered)",1968-06-24,73,47,0,23,0,10,-12,F#/G♭,4,3Qppfh7JuJ1nAgv2olQw88,"Capitol Records",USCA20100304,no
1398,"(The) Farmer's Daughter","Yo La Tengo",120,3B,46,2026-06-12,02:22,0,"dream pop, slowcore","Pop, Rock","Upside-Down",1992-04-24,67,47,60,78,0,10,-15,C♯/D♭,4,1LBgJlZJscynWWaT82VLlN,"Alias",USGKX9802602,no
1399,"The Call Up - Remastered","The Clash",120,8B,91,2026-06-12,05:28,37,"punk","Rock","Sandinista! (Remastered)",1980-00-00,82,2,0,97,0,0,-8,C,4,1DVZCooCJVp4DmCteQ5XlM,"Sony Music UK",GBARL1200744,no
1400,"Kalopsia","The Lewers",120,11B,62,2026-06-12,02:34,20,"","","518A",2023-11-10,56,9,76,57,0,10,-7,A,4,5bqDhr3Xv8l0HHoxvkIllk,"Lulu's Sonic Disc Club",DGA0L2361905,no
1401,"RIP Young","Isaiah Rashad",120,10B,68,2026-06-12,02:38,67,"","","The House Is Burning",2021-07-30,97,5,0,58,0,10,-7,D,4,6BiCjPFN5rM9JPy5eP5mCs,"Top Dawg Entertainment/Warner Records",USWB12102063,yes
1402,"Lovers In The Backseat","Scissor Sisters",120,9A,53,2026-06-12,03:18,34,"","","Scissor Sisters",2004-02-02,87,32,0,75,0,10,-8,E minor,4,3SRPE2B2E0VehIkD0fCeiR,"UMC (Universal Music Catalogue)",GBAKW0300862,no
1403,"DARE (feat. Shaun Ryder & Roses Gabor)","Gorillaz, Shaun Ryder, Roses Gabor",120,10A,89,2026-06-12,04:04,84,"","","Demon Days",2005-05-23,76,2,9,97,0,30,-6,B minor,4,4Hff1IjRbLGeLgFgxvHflk,"Parlophone UK",GBAYE0500178,no
1404,"Pretty Girls (Blaccmass Remix) [feat. OBanga]","Will Smith, Blaccmass, OBanga",120,11A,85,2026-06-12,01:53,9,"","","Pretty Girls Remixes (feat. OBanga)",2025-07-01,83,1,0,55,30,30,-7,F#/G♭ minor,4,3CuOmCyBRokFbYy5T2xsed,"SLANG X Influence",US38Y2553878,yes
1405,"Good Morning","Roy Irwin",120,10A,42,2026-06-12,03:39,5,"","","King of Pop",2017-11-10,58,31,94,38,0,0,-12,B minor,4,2Of1hBeDkSs5EtccoSiMKo,"ROY IRWIN",NZAM01701093,no
1406,"HWY","Jianghu",120,7A,57,2026-06-12,04:42,18,"","","HWY",2022-01-28,65,76,94,76,0,50,-10,D minor,4,5YxlDhfxBSLZrypRvSgZrm,"rivers&lakes",USYBL2102482,no
1407,"Buddies On the Blackboard","Animal Collective",120,9A,73,2026-06-12,03:02,13,"neo-psychedelic, indie rock","Rock","Love On the Big Screen/Buddies On the Blackboard",2025-07-29,52,7,27,68,0,10,-7,E minor,4,7mcsqurrPcn2qMjIHRB9d7,"Domino Recording Co",GBCEL2500268,no
1408,"Silky Lake","Masahiro Takahashi",120,7B,4,2026-06-12,03:44,44,"ambient jazz, ambient","Electronic, New Age, Easy Listening, Jazz","Humid Sun",2023-03-31,31,99,89,4,0,10,-19,F,4,1o2iyJBJNMG8kJI3dCI9aS,"Telephone Explosion Records",USA2B2204901,no
1409,"Silly Dub","Dennis Bovell",120,7B,43,2026-06-12,04:39,16,"dub, roots reggae, lovers rock, rocksteady, reggae","Electronic, Reggae","Dub Dem Silly",1993-00-00,76,2,9,57,0,0,-15,F,4,609w0Q2qbjVGWZo5yNKQX3,"Trojan Records",GX3XC2100082,no
1410,"Something to Talk About","Badly Drawn Boy",120,8B,61,2026-06-12,03:40,49,"britpop","Pop, Rock","About A Boy Soundtrack",2002-04-08,60,8,16,53,0,10,-10,C,4,4rwOvI1E7CAlOX0XZ5EMyG,"XL Recordings",GBBKS0100431,no
1411,"Moonlight Feels Right - 2023 Remaster","Starbuck",120,9B,73,2026-06-12,03:41,45,"yacht rock, soft rock","Rock, Pop","Moonlight Feels Right (2023 Remaster)",1976-01-18,66,36,0,84,0,10,-10,G,4,4LEHKN2fPgz1uDJKacHIEO,"Private Stock Records",USS8D7620019,no
1412,"Riding into Blue","Inga Humpe",120,11B,44,2026-06-12,04:10,41,"","","Planet Oz",1990-00-00,60,50,62,51,0,10,-17,A,4,2UVjvf5K9YkVvFb8Xj9Fkp,"WM Germany",DEA620100604,no
1413,"Blank Curtain","Cola",120,11A,71,2026-06-12,03:49,32,"post-punk, egg punk","Rock","Blank Curtain",2021-11-03,65,51,89,40,0,10,-9,F#/G♭ minor,4,3gf5GULePnGttOe73yMEcx,"Fire Talk",USA2B2103778,no
1414,"Lilac Twilight","Nabihah Iqbal",120,12A,44,2026-06-12,04:01,44,"darkwave","Electronic","DREAMER",2023-04-28,53,46,99,12,0,20,-8,C♯/D♭ minor,4,0qohNUSvGCeBHP4ho0Rzje,"Ninja Tune",GBCFB2200961,no
1415,"Place of Necessity","Nadia Khan",120,10A,26,2026-06-12,04:51,5,"ambient, new age","Electronic, New Age","In Gleam",2018-09-21,33,83,93,3,0,0,-18,B minor,3,2EAF0tXVqyCOYhf0qNf1wG,"Scissor & Thread",USYF71800016,no
1416,"Clintro Space Funk","Mount Liberation Unlimited",120,10A,54,2026-06-12,00:45,3,"lo-fi house","Electronic","Mount Liberation Unlimited",2019-05-31,64,60,1,91,40,10,-16,B minor,3,4Q5EMGmezXIdyngQLFl2vn,"Studio Barnhus",SE2WJ1905001,no
1417,"Dressed To Please - Echospace Reduction","Shocking Pinks",120,1A,88,2026-06-12,11:41,9,"dub techno","Electronic","Emily",2008-02-29,72,1,79,58,0,10,-9,G#/A♭ minor,4,7b6I8YuvIWrUAXUJvzEkQf,"Parlophone UK",US4GE0700174,no
1418,"Dove","T. Rex",120,1A,24,2026-06-12,02:05,4,"glam rock, proto-punk","Rock","A Beard Of Stars (Deluxe Edition)",1970-03-13,65,89,1,49,0,10,-16,G#/A♭ minor,4,6iZAy0zWdSunyonAuGQwaq,"UMC (Universal Music Catalogue)",GBCHM7000026,no
1419,"Blue Water","Sally Oldfield",120,6A,50,2026-06-12,08:09,42,"","","Mirrors: The Bronze Anthology",2007-01-01,56,52,0,47,0,0,-9,G minor,4,17m5LgM2qyo8ZPsZ9pY8OQ,"Castle Communications",GBAJE8000493,no
1420,"Your House","Coined, Astrid Sonne, Fine",120,3B,16,2026-06-12,02:58,0,"experimental, ambient","Electronic, New Age, Classical, Rock","Your House",2024-05-02,91,39,29,50,10,10,-13,C♯/D♭,4,246PgD6sKyx5qKGAg11PvC,"Scenic Route",UK6822403865,no
1421,"Junk the Morgue","Saint Etienne",120,8B,68,2026-06-12,05:11,17,"madchester, britpop, alternative dance","Electronic, Pop, Rock","So Tough",1993-02-22,65,0,82,78,0,0,-12,C,4,4n5rOWI78XaggtaPpZw23i,"Heavenly Recordings",GBAAW9200024,no
1422,"Being Boring","Pet Shop Boys",120,12A,73,2026-06-12,04:51,55,"synthpop, new wave","Pop, Rock, Electronic","Discography - Complete Singles Collection",1998-03-31,61,3,1,28,0,0,-13,C♯/D♭ minor,4,25NxW0iRRFOrIfxu4nrYfE,"Parlophone UK",GBCEW9000002,no
1423,"How Can I Be Down","The Yellow Balloon",120,7A,41,2026-06-12,02:17,24,"baroque pop, bubblegum pop","Classical, Pop","The Yellow Balloon",1967-00-00,50,39,0,53,0,40,-11,D minor,4,4aYDv1Cj3CqKG1EJQnPVJd,"Sundazed Music / Modern Harmonic",USCWY1700222,no
1424,"1993","The Soul Searchers",120,6B,57,2026-06-12,04:51,6,"go-go, breakbeat","Electronic, Hip Hop, R&B","We the People",1972-10-18,82,34,70,96,0,10,-9,A#/B♭,4,6kjzKcr2wlpDSY0khH0P6I,"Sussex Records",QM7281737969,no
1425,"slob air","Mica Levi",120,10A,70,2026-06-12,12:28,0,"score, soundtrack","Classical, Easy Listening","slob air",2024-07-10,42,19,98,19,0,40,-9,B minor,4,4unSjjB9Jkx234FSFiR900,"Hyperdub",GBLZC2400001,no
1426,"The Communist Party","Molly Nilsson",120,8A,80,2026-06-12,02:21,22,"cold wave, darkwave, synthpop","Electronic, Rock, Pop","Un-American Activities",2024-07-07,64,2,3,63,0,30,-7,A minor,4,1EDF0TixJSOwUznb0BrqmU,"DARK SKIES ASSOCIATION",SEYVA2400108,no
1427,"¿Quién? - Remastered","Juana Molina",120,10B,43,2026-06-12,02:39,35,"argentine indie, electronica argentina, experimental pop, folktronica, latin folk","Rock, Electronic, Pop, Folk, Latin","Segundo (Remastered)",2021-06-04,68,88,68,17,0,10,-16,D,4,03gnmduCrzhIm088jah9Vn,"Crammed Discs",ARF902100161,no
1428,"1993","Soul Searchers",120,6B,57,2026-06-12,04:51,4,"","","Think",1973-09-23,82,34,70,96,0,10,-9,A#/B♭,4,7jhufT6L7R7qg719dzp0kj,"Sussex Records",QMDA62141817,no
1429,"Daymaxxing","Physical Therapy, Patrick Holland",120,4B,51,2026-06-12,05:26,16,"uk garage, lo-fi house, jazz house","Electronic, Jazz","Daymaxxing",2024-08-01,76,0,92,55,0,0,-13,G#/A♭,4,10nSnKRsWggfHSICqIfdw1,"Allergy Season",TLVEM2427902,no
1430,"Waterfalls (3 A.M. Mix)","After Hours",120,9A,82,2026-06-12,05:58,38,"chicago house, acid house","Electronic","Feel It / Waterfalls",1991-03-18,83,16,95,88,0,10,-12,E minor,4,5G0YQmoqgJQaffES8hkeIO,"Strictly Rhythm Records",USSR39103404,no
1431,"On Top of the World","Stephen Day",120,10B,48,2026-06-12,03:59,56,"pop soul","Pop, R&B","The Shapes I'm In",2021-08-20,88,50,0,84,0,0,-8,D,4,0ACoy3rzW779jyh76PI3UD,"Stephen Day",TCAFQ2155611,no
1432,"Taken - Mono Master","Francis Monkman",120,8A,70,2026-06-12,02:49,0,"free jazz","Jazz","The Long Good Friday",1981-00-00,71,41,85,49,0,10,-8,A minor,4,0PZIbNUrXrXTTFEGPFEyNr,"Silva Screen Records",GBAJC8000088,no
1433,"Marilyn - Palms Trax Remix","Mount Kimbie, Micachu, Palms Trax",120,6A,66,2026-06-12,07:04,23,"electra, electronica, future garage, indietronica, wonky, lo-fi house, acid house","Electronic, Rock, Pop","Marilyn (Palms Trax Remix)",2017-07-07,63,0,54,11,0,10,-9,G minor,4,4yWM4XtUQC1fqtOvXrIr4a,"Warp Records",GBBPW1700128,no
1434,"EXTRA-ORDINARY - Live 1982 - 2022 New Mix ＆ Mastering","Yukihiro Takahashi",120,10B,93,2026-06-12,04:37,4,"city pop, synthpop","Pop, Electronic","IT’S GONNA WORK OUT ～LIVE 82-83～",2022-09-14,71,3,0,85,0,90,-6,D,4,4bMladxyARcNJGtbxHtMQv,"Sony Music Labels Inc.",JPZ922208769,no
1435,"Steeeam","Shelly",120,4A,76,2026-06-12,02:50,72,"lo-fi indie","Electronic, Rock","Shelly",2020-10-30,82,55,16,92,0,10,-11,F minor,4,09RamrocZneYcLYLRIxYha,"Orange Hill Records",TCAFE2075120,no
1436,"Blowin","Twist",120,9B,55,2026-06-12,03:59,0,"","","Distancing",2018-12-07,46,64,50,38,0,0,-10,G,4,0Rnh5K4m8CTtO0VvIIPKdS,"Buzz Records",CAB9Q1800079,no
1437,"Le rock des plages","The Pilotwings",120,4B,72,2026-06-12,04:03,24,"breakbeat","Electronic","Les portes du brionnais",2016-10-10,75,5,79,86,0,10,-10,G#/A♭,4,3kdKjNGR2piTAmS73K5xyZ,"Brothers From Different Mothers",QM6MZ1806427,no
1438,"Heaven - Remastered Version","Eurythmics, Annie Lennox, Dave Stewart",120,2A,91,2026-06-12,03:26,16,"new wave, synthpop, new wave pop, rock keyboard","Pop, Rock, Electronic","Savage",1987-11-09,73,2,30,97,0,0,-6,D#/E♭ minor,4,7bkzPhY9gCxvbJcQsGp5qe,"RCA Records Label",GBARL0300655,no
1439,"My Other Mind","Jack J",120,11B,52,2026-06-12,02:47,25,"jazz house","Electronic, Jazz","Blue Desert",2024-11-01,74,8,6,87,0,10,-11,A,5,0uyM4xsUW3I7L4P4Ew4HEl,"Mood Hut",USYBL2401937,no
1440,"Cities In Dust","Siouxsie and the Banshees",120,2B,97,2026-06-12,03:51,65,"gothic rock, post-punk, deathrock, darkwave, new wave, cold wave","Electronic, Rock, Pop","Tinderbox",1986-04-21,56,6,0,34,10,20,-5,F#/G♭,4,2xq9cLlOPyLoi8kLlR4miz,"UMC (Universal Music Catalogue)",GBF068500920,no
1441,"Stomp!","The Brothers Johnson",120,6A,73,2026-06-12,06:20,63,"funk, disco","Pop, R&B","Light Up The Night",1980-04-04,87,13,27,92,0,0,-13,G minor,4,6VZdUa8JjaGF2LGsiRG9lC,"A&M",USAM18000855,no
1442,"Foothills","Keith Christmas",120,6A,16,2026-06-12,03:59,3,"folk rock","Folk, Rock","Deep In The Woods: Pastoral Psychedelia & Funky Folk 1968-1975",2022-11-18,38,83,0,34,0,0,-18,G minor,4,0uh9sv0AWo1yBGiM1NBIoa,"Strawberry",GBBLY1006471,no
1443,"Laws of the Universe","Toro y Moi",120,11A,82,2026-06-12,02:49,32,"chillwave","Electronic","Outer Peace",2019-01-18,82,3,24,88,0,10,-7,F#/G♭ minor,4,64LpyRkIpVDUeUnJgveStL,"Carpark",US22N1913103,no
1444,"In a Moment Divine","Freak Heat Waves, Cindy Lee",120,6B,89,2026-06-12,05:09,22,"","","In a Moment Divine",2023-06-21,78,0,84,77,0,10,-7,A#/B♭,4,6M4GhjlO327RYbw5fsW2Yp,"Mood Hut",USYBL2300759,no
1445,"Mowgli","Nino Nardini, Roger Roger",120,8B,50,2026-06-12,02:37,21,"exotica","Easy Listening","Jungle Obsession",2014-03-31,68,13,55,76,0,10,-10,C,4,4uCuizI48mwO88IdJUuAXa,"Kosinus",FR8E41404871,no
1446,"When I'm with You - Remastered","Sparks",120,8B,87,2026-06-12,05:45,14,"glam rock, synthpop, art pop, art rock","Pop, Rock, Electronic","Terminal Jive (Remastered Bonus Track Version)",1980-00-00,70,8,0,94,0,0,-7,C,4,3NKMVgsA5YQPRsM0vCcDT0,"Repertoire Records",DED468000107,no
1447,"The Problem is Me","The Get Up Kids",120,12A,90,2026-06-12,02:42,0,"midwest emo, emo, pop punk, post-hardcore","Rock, Pop","Problems",2019-05-10,53,0,1,71,0,30,-4,C♯/D♭ minor,4,4SmnGeojQ9crRuEtWWxshb,"Big Scary Monsters",US3R41938102,no
1448,"Wanna Be Loved","Jill Scott",120,3B,68,2026-06-12,03:22,26,"neo soul, quiet storm","R&B","The Real Thing: Words And Sounds, Vol. 3 (Deluxe Special Edition)",2007-09-25,86,7,0,69,0,0,-7,C♯/D♭,4,1y1W9SiIViqOjLWls53tu7,"Hidden Beach Records, LLC",USHBR0710103,no
1449,"Out Of Your Mind","CC:DISCO!, Confidence Man",120,3A,91,2026-06-12,05:24,20,"","","Chez Moi (Waiting For You)",2023-07-21,72,0,91,64,0,10,-9,A#/B♭ minor,4,3suvcz9w8uyGZL8D7V2V45,"Phantasy Sound",GBTZZ2300070,no
1450,"Nothing Compares 2 U","Sinéad O'Connor",120,7B,57,2026-06-12,04:40,79,"","","I Do Not Want What I Haven't Got",1990-07-01,51,4,0,16,0,10,-7,F,4,5GHY1DFWKz3Prg2V0Iodqo,"Chrysalis Records",GBAYK9000017,no
1451,"Girl You're Too Cool","Magnum Force",120,10A,78,2026-06-12,05:52,19,"grindcore, acid techno, post-disco","Electronic, Metal, Pop, R&B","Ultra-High Frequencies: The Chicago Party",2015-03-03,85,5,0,68,10,0,-8,B minor,4,2kMQmGvT7AZrm6WEyXK9xt,"Numero Group",USCW61405602,no
1452,"Take Me Back To 2002","DJ Relax",120,4B,94,2026-06-12,06:26,0,"","","Dance Ideas 7",2022-03-04,73,0,80,33,0,20,-7,G#/A♭,4,5kGAtXFR7OJmKVkwGrpbE6,"Beats of No Nation",AUSQI2200004,no
1453,"why","oliver foster",120,10B,30,2026-06-12,03:53,2,"","","l'œil dans le bleu",2023-09-11,53,26,65,38,0,0,-16,D,4,6GbknGl2qKCrV4Xagm9xN4,"Cimetières de France",QZTAW2363183,no
1454,"Valerie","Joan Bibiloni",120,4B,95,2026-06-12,03:49,6,"","","El Sur",2014-00-00,82,7,3,64,10,30,-5,G#/A♭,4,1egRygwObKNPeQW6EXXoNd,"Music From Memory",NLD7H1400038,no
1455,"Forever In My Heart","The Temptations",120,6B,67,2026-06-12,02:52,11,"motown, classic soul, soul","R&B, Pop, Blues","Lost & Found:The Temptations: You've Got To Earn It (1962-1968)",1999-01-01,76,26,0,95,0,0,-5,A#/B♭,4,3KZDiMvgss11OTVYyqsVh1,"Motown",USUMG9900171,no
1456,"Valley of the Morning Sun","Kendra Smith",120,11B,49,2026-06-12,06:26,15,"slowcore, art pop, neo-psychedelic","Pop, Rock","Five Ways of Disappearing",1995-05-22,62,26,0,14,0,10,-10,A,4,5JOYTOe0AcoHae5CuT5Y6F,"4AD",GBAFL9500031,no
1457,"Dream All Night","Threshold",120,8B,26,2026-06-12,03:39,6,"","","Dream All Night",2023-11-15,55,86,0,33,0,20,-11,C,4,6VDMlEzxUxPni9z1SoPbMD,"2379774 Records DK2",QZTBF2398540,no
1458,"Do you wanna","Astrid Sonne",120,12B,73,2026-06-12,03:21,0,"experimental, ambient","Electronic, New Age, Classical, Rock","Do you wanna",2023-11-24,69,2,93,27,0,10,-11,E,4,3FZVNqjMq2n3GwUXN3lk48,"Escho",DGA0M2322026,no
1459,"Their Terrain","Colin Newman",120,1B,31,2026-06-12,05:00,8,"post-punk, cold wave","Electronic, Rock","Commercial Suicide",1986-01-01,48,75,14,43,0,10,-11,B,4,75lI2IgZXRpQ6SvwW7ZyPM,"Crammed Discs",BE6F50301210,no
1460,"Dark End of the Street","Ry Cooder",120,9B,9,2026-06-12,03:27,49,"blues, country blues, americana, country rock, roots rock","Country, Folk, Blues, Rock","Boomer's Story",1972-00-00,50,67,56,19,0,10,-17,G,4,3bmwgb0bn0ccYwgCTIUtHF,"Warner Records",USWB10104809,no
1461,"Leave Your Life - Lonely Hearts Mix","Alex Kassian",120,8B,88,2026-06-12,06:09,49,"","","Leave Your Life",2023-04-28,80,0,87,58,0,0,-7,C,4,4byAVCrUbP9O89nyIeclaL,"Pinchy & Friends",UKACT2330989,no
1462,"Marble Walls","Tara Clerkin Trio",120,3B,31,2026-06-12,05:33,0,"experimental jazz","Jazz","Marble Walls",2023-10-05,72,8,75,23,0,0,-12,C♯/D♭,3,4D1b3ux1HYqhGNJ34Wo1td,"World of Echo",QMBZ92367749,no
1463,"Strings of Eden","Alex Kassian",120,8A,60,2026-06-12,08:37,38,"","","Strings of Eden",2023-05-05,72,71,92,92,0,0,-11,A minor,4,2nFGIC472JfEAskv3z8iBs,"Pinchy & Friends",UKACT2330993,no
1464,"Take Me Back To 2002","DJ Relax",120,4B,94,2026-06-12,06:26,12,"","","Dance Ideas 7",2022-03-04,73,0,80,33,0,20,-7,G#/A♭,4,1ObkEEMGLYeN7GX6mUvIUp,"Beats of No Nation",AUSQI2200004,no
1465,"The Lamb Ran Away with the Crown - Remastered","Judee Sill",120,11B,23,2026-06-12,03:16,43,"singer-songwriter, baroque pop, folk","Classical, Pop, Folk","Judee Sill",1971-00-00,34,68,0,38,0,0,-14,A,4,5lRJbMSRYkWh8BVTYGEuj1,"Rhino/Elektra",USEE10300545,no
1466,"Trans Love Vibration (Eris Goes to Church)","Eris Drew",120,8B,62,2026-06-12,05:04,34,"","","Devotion",2018-10-26,80,12,82,22,0,0,-11,C,4,2pu66iltKEpEmVx1aK8wRh,"Naive",UKN6K2001189,no
1467,"So Weit Wie Noch Nie","Jürgen Paape",120,3B,56,2026-06-12,05:48,48,"","","Kompilation",2011-01-10,51,6,59,8,0,10,-9,C♯/D♭,4,67UOlZLz6tDEDuScefmWDd,"Kompakt Klassiks",DEU670100052,no
1468,"Moonlight Feels Right","Starbuck",120,9B,78,2026-06-12,03:41,58,"yacht rock, soft rock","Rock, Pop","Moonlight Feels Right",1976-07-13,67,47,0,85,0,10,-8,G,4,7sfMjwBcAatrNH46rn1YsK,"Private Stock Records",USS8D7620019,no
1469,"Shimmy","Midnight Sister",120,7A,46,2026-06-12,02:48,33,"","","Saturn Over Sunset",2017-09-08,73,17,62,57,0,10,-8,D minor,4,5SgQwjCbpNpuGg6MolEFaw,"Jagjaguwar",US38Y1730409,no
1470,"Repetition","Au Pairs",120,5B,45,2026-06-12,03:46,0,"post-punk, riot grrrl, new wave, gothic rock","Rock, Pop","Playing with a Different Sex",2015-10-23,77,1,1,97,0,0,-11,D#/E♭,4,19B1ZQ8FWNNHpGdzvOm6QJ,"Sanctuary Records",GBAJE0602392,no
1471,"Meteor","Misha Panfilov",120,4B,45,2026-06-12,04:23,14,"experimental jazz, ambient jazz","Easy Listening, Jazz","Momentum",2022-10-17,64,89,51,35,0,10,-11,G#/A♭,3,3ciVciPRziXAZutTVflKy3,"2 Headed Deer",QZRP42236897,no
1472,"On the Beat","The B. B. & Q. Band",120,1A,78,2026-06-12,03:48,46,"post-disco, disco, funk","Pop, R&B","On the Beat",2018-07-27,77,10,0,83,0,10,-8,G#/A♭ minor,4,6bW6L7hwywqRGsOarxCoUk,"Nova 017 Ltd",ITBI31100209,no
1473,"Kai Wawa","The Mercury Dance Band",120,5A,68,2026-06-12,03:00,20,"highlife, afrobeat","R&B, Traditional Music","Ghana Special: Modern Highlife, Afro Sounds & Ghanaian Blues 1968-81",2012-01-20,80,42,0,74,0,10,-6,C minor,4,6Hs0zpzm0vHsYDkKQF9TlY,"Soundway Records Ltd",GBUQH0900208,no
1474,"Eyes of Love","The Edge Of Daybreak",120,8A,63,2026-06-12,04:13,34,"","","Eyes of Love",2015-10-16,69,44,0,96,0,10,-11,A minor,4,1JxLgiWsT7yAOpJf3iTsDj,"Numero Group",USCW61506101,no
1475,"Children On The Hill","Harold Budd",120,1A,1,2026-06-12,05:12,0,"ambient, minimalism, shoegaze","Electronic, New Age, Classical, Rock","The Serpent (In Quicksilver)",1981-00-00,28,100,96,16,0,0,-27,G#/A♭ minor,3,7djDuvbSWFqlHL1GK4e18G,"All Saints Records",USRY20517817,no
1476,"Dance - Louie Vega Dance Ritual Mix","3 Winans Brothers, The Clark Sisters",120,3B,72,2026-06-12,09:29,32,"gospel, traditional gospel","Christian","Dance",2015-04-20,87,2,1,61,0,0,-6,C♯/D♭,4,5MPpG8Z31ys5BanX8ug7El,"Vega Records",GBKQU1536903,no
1477,"Wishing (If I Had a Photograph of You)","A Flock Of Seagulls",120,3B,80,2026-06-12,05:30,16,"new wave, synthpop","Pop, Rock, Electronic","Playlist: The Very Best of A Flock of Seagulls",2008-08-19,51,10,68,68,0,0,-5,C♯/D♭,4,2mwdSJZlzXOJqTQ37rpIbv,"RCA Records Label",GBAHK9500301,no
1478,"Am I Gonna Be the One - Dr Packer Remix","Colors, Dr Packer",120,9A,57,2026-06-12,07:42,0,"disco house, nu disco, post-disco, funky house","Electronic, Pop, R&B","Operation Disco",2021-07-02,89,2,2,90,10,0,-10,E minor,4,3BHd8N5LWtVmdTz1J3fXJ9,"Z Records",GBPKF2100034,no
1479,"Compare","Sainté",120,9A,45,2026-06-12,02:17,47,"uk drill","Hip Hop","Vacation",2022-10-21,87,22,0,51,20,20,-9,E minor,4,35BFVEkzOXTaawdDzzVcmb,"YSM Sound under exclusive licence to Believe",GB45A2202920,no
1480,"Echo's Answer","Broadcast",120,8B,24,2026-06-12,03:11,48,"dream pop, neo-psychedelic","Pop, Rock","The Noise Made By People",2000-03-20,31,95,86,9,0,10,-16,C,3,0mpKGswMW2MypC6kryHQmL,"Warp Records",GBBPW9900117,no
1481,"Tell Me Baby","Akira Freeze",120,8A,52,2026-06-12,03:53,7,"","","Tell me Baby",2020-10-02,55,44,0,70,0,30,-12,A minor,4,3Bfvq8YEHdhTYXQ9G0iQR6,"Athens Of The North",GBRH31200679,no
1482,"Crocodile Tears and the Velvet Cosh","David J",120,3B,68,2026-06-12,05:00,9,"deathrock","Rock","Crocodile Tears and the Velvet Cosh",2022-05-04,56,2,0,37,0,40,-7,C♯/D♭,4,3HOcrllZO2KG0FwF0P7z68,"Cleopatra Records",QM6XS2200619,no
1483,"The Bewlay Brothers - 2015 Remaster","David Bowie",120,9B,10,2026-06-12,05:29,48,"glam rock, art rock","Rock","Hunky Dory (2015 Remaster)",1971-12-17,53,38,0,19,0,0,-22,G,4,0sJXU4olfMR2SvULxarpoW,"Parlophone UK",USJT11500138,no
1484,"Otherwise","Sean Being",120,3A,14,2026-06-12,02:55,0,"","","FAUX WINDOW",2022-07-29,56,98,80,14,0,10,-15,A#/B♭ minor,4,0VyVG7uVVOHq9XWqxs9UAP,"wherethetimegoes",QZK6G2294674,no
1485,"Love and Hate in a Different Time - Original","Gabriels",120,8B,36,2026-06-12,04:42,49,"retro soul","R&B","Love and Hate in a Different Time",2021-06-04,79,56,45,60,0,0,-9,C,4,5FzrXX7WuiRpKSVVzUtIiB,"Parlophone UK",GB9TP2001763,no
1486,"Susie & The Babe","Stephen Bailey",120,10B,66,2026-06-12,03:37,0,"neo-psychedelic","Rock","G.G. Ryder",2022-11-25,91,8,4,94,0,0,-9,D,4,1kIavXWYp9Tmq9i3PmQ2CL,"Third Eye Stimuli Records",DGA062213577,no
1487,"It's Complicated","Sassy 009",120,4A,66,2026-06-12,04:11,25,"","","Heart Ego",2021-10-22,49,1,0,28,0,20,-10,F minor,4,140SNojWNcHAP1olBBUbPA,"Luft Recordings",NOLFT2101070,no
1488,"Let No Man Put Asunder","First Choice",120,1A,85,2026-06-12,04:24,0,"philly soul, disco, chicago house, post-disco, disco house","Electronic, Pop, R&B","Delusions (Bonus Version)",1977-01-01,56,10,0,76,10,10,-6,G#/A♭ minor,4,4yeuYbTncJ3XeAFuPzahPO,"Salsoul Records",QMSGD1220008,no
1489,"Sunshine Only Sometimes","Robert Lester Folsom",120,8B,40,2026-06-12,04:04,0,"cosmic american, psychedelic folk rock","Rock, Folk","Sunshine Only Sometimes: Archives Vol. 2, 1972-1975",2022-11-11,51,75,2,41,0,10,-14,C,4,6ldON9AG8mN4yVZx7IOdV3,"Anthology Recordings",QMV8L2110313,no
1490,"De Auto Van Ijzer (Remake)","MAM",120,7A,27,2026-06-12,03:53,1,"nederpop","Pop","Hobbel",1989-03-01,77,79,10,68,0,10,-15,D minor,4,2AEJ7pNkYw9uesuvu1EUJt,"Volop Violen Producties",NLQE11900012,no
1491,"Eden Piece","Nabihah Iqbal",120,9A,87,2026-06-12,04:10,32,"darkwave","Electronic","Weighing of the Heart",2017-12-01,65,30,94,67,0,0,-7,E minor,4,5yT3BW23SP6WtrKfzHXJRg,"Ninja Tune",GBCFB1700453,no
1492,"Blues","Mikey Young",120,8B,50,2026-06-12,02:27,0,"krautrock","Electronic, Rock","Curtains",2022-01-14,52,69,93,27,0,10,-13,C,3,472WWDTOkBVlYxxBpktYDZ,"Lulus Sonic Disc Club",QZK6K2118977,no
1493,"Xingu","Al Dobson Jr.",120,12A,74,2026-06-12,02:33,44,"jazz house, indie jazz","Jazz, Pop, Electronic","Rye Lane (Vol. 2 & 3)",2016-03-22,88,11,94,83,10,10,-14,C♯/D♭ minor,4,6yBGuez6pjBuDCAZJOq65L,"Rhythm Section International",UKB8U1500029,no
1494,"You Don't Know What Love Is","John Martyn",120,3B,14,2026-06-12,05:18,25,"folk rock, folk","Folk, Rock","Glasgow Walker",2000-05-22,42,87,2,18,0,0,-16,C♯/D♭,4,2AQyNH5PZhCQISWD1hOXeg,"Craft Recordings",GBBPF9800361,no
1495,"Blank Curtain","Cola",120,11A,71,2026-06-12,03:49,0,"post-punk, egg punk","Rock","Blank Curtain",2021-11-03,65,51,89,40,0,10,-9,F#/G♭ minor,4,5TY7d3yQmsIad8NlwmuFvN,"Fire Talk",USA2B2103778,no
1496,"Ooh What A Life - Gerd Janson & Shan Edit","Gibson Brothers, Gerd Janson, Shan",120,10A,95,2026-06-12,07:58,29,"disco, disco house, indie dance, nu disco","Pop, Electronic","Ooh What a Life / Heaven",2017-06-02,62,0,0,94,0,70,-5,B minor,4,5E5Tkvq7601Xnqho1QHFs4,"Running Back",DEVY91700019,no
1497,"Dry in the Sun","Daryl Hall & John Oates",120,9B,46,2026-06-12,02:52,3,"yacht rock, soft rock","Rock, Pop","Dry in the Sun",2022-05-27,64,45,0,50,0,10,-10,G,4,5HyVZ87u6WmsCZRIb22Yz6,"Light In The Attic",USDEA2118009,no
1498,"Butterfly Friend","Don Cherry",120,4A,33,2026-06-12,03:43,15,"free jazz, experimental jazz, avant-garde, jazz","Classical, Jazz","Home Boy, Sister Out",1985-00-00,83,3,3,50,0,0,-16,F minor,4,56Ly0K2F6UqOMcQMTXrPva,"WeWantSounds",UKCHV1500089,no
1499,"Persuasive","Doechii",120,6A,63,2026-06-12,03:36,55,"","","Persuasive",2022-03-18,82,14,0,50,10,10,-6,G minor,4,5MA0iU2dyAFwWUzfyrk2di,"Top Dawg Entertainment/Capitol Records",USUG12201411,yes
1500,"Generation","Jeshi",120,11A,63,2026-06-12,03:30,5,"","","Protein",2022-04-13,77,58,0,79,20,10,-9,F#/G♭ minor,4,3YjbfdZjhEm392gkba1Wa2,"Jeshi",GBMVH2100960,yes
1501,"Little Bit","Lykke Li",120,9B,74,2026-06-12,04:33,70,"","","Youth Novels",2008-06-06,82,16,0,70,0,10,-7,G,4,0Ps4Eh6SQjeLnubbCsQTDD,"Atlantic Records UK",SEVUM0700701,no
1502,"International","Thomas Leer",120,2B,51,2026-06-12,07:08,19,"post-punk, synthpop, cold wave, new wave, gothic rock","Electronic, Rock, Pop","Scale Of Ten",2001-01-01,91,31,25,98,0,0,-12,F#/G♭,4,3G92WVW39c3N9CjOJRlHpD,"Arista",GBARK0400016,no
1503,"Onipa Nse Hwee","Nana Tuffour",120,8B,86,2026-06-12,06:06,0,"highlife, hiplife","Traditional Music, Hip Hop","Genesis",2018-09-26,75,1,0,96,0,0,-12,C,4,1EMkyWh5jyQwc8cVK4IJvK,"James Kwaku Tuffour Aka Nana Tuffour",ZA41S1825992,no
1504,"I Got Somethin' - Deep Mix","Logic",120,8A,78,2026-06-12,05:54,0,"uk garage, chicago house","Electronic","The Difference",1990-10-01,85,0,90,51,0,0,-9,A minor,4,6Z1bdDUiRU45qWbMPTi6ts,"Strictly Rhythm Records",QMRSZ1700007,no
1505,"Quicksand","Starcrost",120,5A,53,2026-06-12,05:04,27,"","","Beauty: A Journey Through Jeremy Underground's Collection",2016-09-09,55,83,0,35,0,10,-7,C minor,4,0hL8sBBOvup2rbzNwou5FX,"Spacetalk",USFR50630303,no
1506,"Holding On","Tirzah",120,4A,44,2026-06-12,03:19,48,"alternative r&b","Pop, R&B","Devotion",2018-08-10,79,4,0,63,0,10,-10,F minor,4,4RjwMyr4D2W4py79Heop9l,"Domino Recording Co",GBCEL1800128,no
1507,"Khomo Tsaka Deile Kae?","Marumo",120,8B,45,2026-06-12,03:39,0,"afrobeat","R&B, Traditional Music","Modiehi",1982-04-17,66,31,2,68,0,60,-17,C,4,54rBmS4U8tSTYNCncS748p,"Gallo Record Company",ZAC031913072,no
1508,"Y Llosg","Eirin Peryglus",120,8B,63,2026-06-12,05:05,5,"cold wave, synthpop","Electronic, Rock, Pop","Ffrwyth Cynnar (1987-1990)",2021-12-03,63,0,5,48,0,0,-10,C,4,2C9HqSebH6Lfgw3tTNxJBR,"Recordiau Ofn Records",GBFGG8900001,no
1509,"Wharf Rat - Live at Fillmore East, New York, NY, April 26, 1971","Grateful Dead",120,10B,56,2026-06-12,08:31,45,"jam band, psychedelic rock, acid rock","Rock","Grateful Dead (Skull & Roses) [Live]",1971-10-31,40,12,7,46,0,10,-10,D,4,0JKWRYAxDyWqS14WmtLFOf,"Rhino/Warner Records",USWB10105612,yes
1510,"Zoloft","Ween",120,8B,63,2026-06-12,03:51,7,"neo-psychedelic","Rock","Quebec",2003-08-05,66,1,59,94,0,0,-9,C,4,58nSCvFePeYbU7xvXhGeAo,"Chocodog Records",GBAJE0300553,no
1511,"Love Is A Natural Magical Thing","Laurie Miller",120,11A,57,2026-06-12,05:31,23,"italo disco, hi-nrg","Electronic, Pop","Love Is A Natural Magical Thing",2022-09-29,73,7,12,96,0,0,-9,F#/G♭ minor,4,6LN60sbef82LylGXPKh49L,"Presagi",NLZ8C2200299,no
1512,"Nebbia Spugna","SSIEGE",120,8A,8,2026-06-12,03:13,29,"ambient, idm","Electronic, New Age","Meteora",2021-04-12,39,86,91,4,0,10,-28,A minor,4,40AtMGoYGIUBXpx22LqMKn,"Knekelhuis",NLX1G2100224,no
1513,"Searcher","Science Patrol",120,7B,48,2026-06-12,02:44,0,"","","Minilogue Themes",2017-08-25,70,66,99,16,0,10,-13,F,4,5aLGjDroaQkajx26TySIHm,"ZERO:GENSHI Records",TCADG1700496,no
1514,"Wondrous Place","Drug Store Romeos",120,9B,39,2026-06-12,02:13,63,"lo-fi indie","Electronic, Rock","Wondrous Place",2022-06-10,77,85,35,56,0,10,-9,G,4,0oXJQ8CyDcQJXASZiCSNGa,"A Fiction Records release",GBUM72201802,no
1515,"Café Del Pijp","Gilb'r, Jonny Nash",120,7A,39,2026-06-12,03:21,5,"","","On danse comme des fous",2021-06-11,64,41,86,94,0,10,-15,D minor,3,1oHj0K39V36YIUUvcJYB1Z,"Versatile Records",FR08Q2100075,no
1516,"Silly Dub","Dennis Bovell",120,7B,51,2026-06-12,04:37,0,"dub, roots reggae, lovers rock, rocksteady, reggae","Electronic, Reggae","Dub Dem Silly",1993-00-00,76,2,7,60,0,0,-12,F,4,0us5v91yXciDoDjqjzrEm0,"Trojan Records",GX3XC2100082,no
1517,"as long as ropes unravel fake rolex will travel","Dean Blunt",120,1B,25,2026-06-12,05:58,42,"art pop, collage pop, hypnagogic pop, uk experimental electronic","Pop, Electronic","as long as ropes unravel fake rolex will travel",2020-03-20,71,99,82,9,0,10,-13,B,5,0x76ELCEwqe7Rg8YjZyeXA,"World Music",USYBL2000664,no
1518,"Sikyi Medley","Nana Tuffour",120,12A,94,2026-06-12,10:07,19,"highlife, hiplife","Traditional Music, Hip Hop","Sikyi Medley",2018-10-26,60,0,0,68,0,0,-6,C♯/D♭ minor,4,3Izfl4TqBm6wmjs7ixuCAA,"Kalita Records",UKR7K1800010,no
1519,"Aquarium Trousers","Tapes",120,5B,35,2026-06-12,03:40,17,"dub","Electronic, Reggae","Sauna Research",2021-04-16,76,69,95,69,0,0,-11,D#/E♭,4,4g3sxY0XL8Uk5MvznQfqRe,"Research Records",AUVJL2100092,no
1520,"Spring Is Coming With a Strawberry in the Mouth","Roger Doyle",120,5A,52,2026-06-12,04:23,42,"","","Operating Theatre the Early Years, Vol. 2",2012-09-02,61,5,62,61,0,30,-13,C minor,4,6kZmkCEqlDT1Mf694iPJBe,"1185574 Records DK",QZDA81996640,no
1521,"Skoowup","Scuti",120,4B,48,2026-06-12,03:33,18,"","","Skoowup",2019-12-16,98,8,0,55,10,10,-6,G#/A♭,4,6r23MHdjVOEgiTCXOJLql1,"Different Recordings",GBENL1902636,yes
1522,"I Saw the Light - 2015 Remaster","Todd Rundgren",120,5A,67,2026-06-12,03:00,0,"yacht rock, power pop, philly soul","R&B, Pop, Rock","Something / Anything?",1972-00-00,50,21,0,58,0,10,-12,C minor,4,5uRkew0DtfAQmv0oEYNwFF,"Rhino",USRH11509516,no
1523,"Waterfalls - 3 A.M. Mix","After Hours",120,9A,81,2026-06-12,05:58,0,"chicago house, acid house","Electronic","Feel It / Waterfalls",1991-00-00,83,16,94,86,0,10,-12,E minor,4,3Lv3bT31Sali9Zk7sFgy5r,"Strictly Rhythm Records",USSR39103404,no
1524,"Beast on the Streets","Cath Carroll",120,9A,30,2026-06-12,07:00,8,"synthpop, madchester","Rock, Electronic, Pop","England Made Me",1991-01-06,76,57,1,50,0,50,-17,E minor,4,3IOTgwlmCdyKXan7Q99cBO,"LTM Recordings",GBHBR0401569,no
1525,"Activate","Sharon Redd",120,3A,23,2026-06-12,08:27,7,"post-disco, boogie, disco, chicago house","R&B, Electronic, Pop","Love How You Feel",1983-00-00,89,0,1,67,10,10,-15,A#/B♭ minor,4,7kFTGT7DP5o0PS5chptNIV,"UNIDISC MUSIC INC.",CAU118300222,no
1526,"Crushed By The Wheels Of Industry - Extended Dance Mix / Remastered 2006","Heaven 17",120,11A,65,2026-06-12,05:50,8,"synthpop, new wave","Pop, Rock, Electronic","The Luxury Gap (Deluxe Version)",1982-00-00,77,1,73,68,0,30,-11,F#/G♭ minor,4,6rR4axikfugNK6VDonFFXA,"Virgin Catalogue",GBAAA0600622,no
1527,"I Don't Want a Hero","Black Autumn Roses",120,9A,37,2026-06-12,03:56,0,"","","Screaming in Arcadia",2022-02-25,59,8,0,16,0,30,-14,E minor,4,1YgyoJ3KGk5uAHbbSejlwl,"Black Autumn Roses",uscgh2277528,no
1528,"Tried And True","Ween",120,3B,57,2026-06-12,04:02,18,"neo-psychedelic","Rock","Quebec",2003-08-05,75,10,27,57,0,30,-9,C♯/D♭,4,4VtbQx2koGlw8Ple6O2IZH,"Chocodog Records",GBAJE0300557,no
1529,"Le pollen","Pierre Barouh",120,8B,48,2026-06-12,07:14,0,"french jazz, bossa nova","Jazz, Latin","Le pollen",1983-01-01,62,7,0,63,0,40,-14,C,4,4Kw7EtvCPutzITruaMl820,"Saravah",FR77F8300630,no
1530,"Baby Britain","Elliott Smith",120,9B,44,2026-06-12,03:13,48,"singer-songwriter","Folk","XO",1998-08-25,68,57,0,57,0,10,-9,G,4,3pwj90XGAD6I0jO3q6fkCx,"DreamWorks",USDW19804803,no
1531,"Home Planet","Mad Hatter",120,3B,38,2026-06-12,03:50,0,"","","Home Planet",2021-05-21,91,56,26,33,10,0,-13,C♯/D♭,4,6oH2960ozjxvlp4uKRfMI1,"Mad Hatter",QZMHK2001849,yes
1532,"Low Point On High Ground - DJ Sprinkles Rock Bottom Mix","Adultnapper, Big Bully, DJ Sprinkles",120,3A,53,2026-06-12,12:52,11,"minimal techno, chicago house","Electronic","Low Point On High Ground",2010-09-14,81,0,84,82,0,10,-14,A#/B♭ minor,4,5YtcXeZQZO55XUeYMbSBuE,"Aus Music",GBJPB0600152,no
1533,"First Little Rollie","Sam Wise",120,3A,53,2026-06-12,04:10,28,"","","Free Game",2021-09-03,75,13,8,23,0,10,-10,A#/B♭ minor,4,5LSW01Xvk3N914KjsGPEm5,"Platoon",US23A1536202,no
1534,"Debold","Vegyn",120,4B,71,2026-06-12,02:43,0,"idm, experimental hip hop","Hip Hop, Electronic","Only Diamonds Cut Diamonds",2019-11-08,55,73,86,39,0,10,-9,G#/A♭,4,6TNBx9lvDcqLq1GQCPNJqH,"PLZ Make It Ruins",GBKPL1967216,no
1535,"Blue Water","Sally Oldfield",120,6A,50,2026-06-12,08:09,0,"","","Mirrors: The Bronze Anthology",2007-01-01,56,52,0,47,0,0,-9,G minor,4,422lshqAn4jLi2ytuwiXv7,"Castle Communications",GBAJE8000493,no
1536,"My Love Turns to Liquid","Dream 2 Science",120,2B,60,2026-06-12,05:22,40,"acid house, chicago house","Electronic","Dream 2 Science",2012-12-25,84,0,81,24,0,10,-11,F#/G♭,4,0YQ2IRqkQjdeBppIJeNiwx,"Dizkotek Records",USCCK1200001,no
1537,"Stomp! - Single Version","The Brothers Johnson",120,6B,78,2026-06-12,04:07,64,"funk, disco","Pop, R&B","Strawberry Letter 23: The Very Best Of The Brothers Johnson",2003-01-01,86,15,3,93,0,0,-8,A#/B♭,4,3EG65y2LtxWjfydabHdItb,"A&M",USAM18074730,no
1538,"The Lone and Level Sands - Live in Katowice","Dante",120,9B,94,2026-06-12,07:04,0,"","","Where Life Was Beautiful (Live)",2017-04-28,56,2,13,32,10,10,-8,G,4,3dBEGCIkgIxD8DRa1YxVIx,"Gentle Art Of Music",DENC11600341,no
1539,"Are You Still a Lover","Sassy 009",120,11A,56,2026-06-12,03:38,38,"","","Are You Still a Lover",2019-10-30,58,11,68,36,0,0,-10,F#/G♭ minor,4,3MYMbMxKUYZV2KSItgT5Oi,"Luft Recordings",NOLFT1902070,no
1540,"Tiny Demons - 2015 Remaster","Todd Rundgren",120,8B,49,2026-06-12,03:09,28,"yacht rock, power pop, philly soul","R&B, Pop, Rock","Healing",1981-00-00,57,55,4,59,0,20,-13,C,4,1AA9dzitQQMtaq51yJh3FI,"Rhino",USRH11509641,no
1541,"Atmosphere","Joy Division",120,2B,39,2026-06-12,04:09,0,"post-punk, gothic rock, new wave, darkwave, madchester, cold wave","Electronic, Rock, Pop","Hits Again",2022-04-01,62,23,51,44,0,10,-12,F#/G♭,4,6p2BR9uDB0VOqpaVewVt7m,"Warner Music Group - X5 Music Group",GBCRL1000170,no
1542,"Everybody","Madonna",120,8A,84,2026-06-12,04:10,5,"dance pop, pop","Electronic, Pop","Celebration (double disc version)",2009-09-18,87,2,0,57,0,0,-4,A minor,4,3OUdxaqm9EWiMPQrOtGFaF,"Warner Records",USWB10903603,no
1543,"Atmosphere","Joy Division",120,2B,47,2026-06-12,04:10,53,"post-punk, gothic rock, new wave, darkwave, madchester, cold wave","Electronic, Rock, Pop","The Best Of",2008-03-20,56,17,28,43,0,0,-10,F#/G♭,4,0NBgmP6Yg5xZYsnIZ0pGdo,"London Records",GBAAP9500273,no
1544,"Dreams - 2004 Remaster","Fleetwood Mac",120,8B,49,2026-06-12,04:17,93,"yacht rock, classic rock, soft rock","Rock, Pop","Rumours (Super Deluxe)",1977-02-04,83,6,0,79,0,10,-10,C,4,0ofHAoxe9vBkTCp2UQIavz,"Rhino/Warner Records",USWB11301111,no